TransactionID,Date,Time,Company,LocationID,City,FuelType,Quantity_Liters,Price_per_Litre,Total_Amount,PaymentMethod,VehicleType,LoyaltyCardUsed,PumpNumber,EmployeeID
TXN001,21-11-2025,05:44:00,HP,Delhi-Pump-04,Delhi,Petrol,26.3,94.46,2484.3,UPI,Car,0,3,E-DEL-4
TXN002,20-07-2024,21:08:00,IOCL,Pune-Pump-01,Pune,Diesel,42.89,87.57,3755.88,Card,Car,1,5,E-PUN-3
TXN003,03-03-2024,06:39:00,BPCL,Mumbai-Pump-02,Mumbai,Diesel,10.42,88.11,918.11,Card,Bike,1,1,E-MUM-2
TXN004,09-10-2024,15:20:00,IOCL,Bangalore-Pump-07,Bangalore,Petrol,14.49,95.1,1378,Cash,Bike,0,2,E-BAN-1
TXN005,12-04-2024,19:52:00,HP,Mumbai-Pump-02,Mumbai,Diesel,39.37,87.21,3433.46,Cash,Car,0,5,E-MUM-5
TXN006,08-04-2024,10:38:00,BPCL,Mumbai-Pump-02,Mumbai,Diesel,13.49,87.55,1181.05,UPI,Bike,1,4,E-MUM-1
TXN007,17-07-2025,14:31:00,BPCL,Chennai-Pump-05,Chennai,Petrol,6.35,94.92,602.74,UPI,Bike,1,1,E-CHE-4
TXN008,28-05-2024,01:45:00,HP,Chennai-Pump-03,Chennai,Petrol,41.2,95.01,3914.41,UPI,Car,1,1,E-CHE-4
TXN009,01-12-2024,01:46:00,IOCL,Delhi-Pump-01,Delhi,Diesel,7.04,87.56,616.42,Cash,Bike,0,5,E-DEL-3
TXN010,12-09-2025,20:15:00,IOCL,Pune-Pump-06,Pune,Diesel,15.36,88.05,1352.45,Card,Car,0,1,E-PUN-5
TXN011,24-11-2025,01:48:00,BPCL,Pune-Pump-01,Pune,Diesel,5.16,87.76,452.84,Cash,Bike,1,1,E-PUN-5
TXN012,10-02-2024,04:48:00,IOCL,Pune-Pump-06,Pune,Diesel,14.94,87.33,1304.71,Card,Bike,1,4,E-PUN-1
TXN013,01-08-2024,21:11:00,BPCL,Mumbai-Pump-02,Mumbai,Petrol,40.42,94.75,3829.8,Cash,Car,1,2,E-MUM-2
TXN014,27-05-2025,05:04:00,BPCL,Mumbai-Pump-02,Mumbai,Power Petrol,14.46,99.23,1434.87,Cash,Bike,1,3,E-MUM-5
TXN015,02-10-2024,16:52:00,BPCL,Mumbai-Pump-02,Mumbai,Power Petrol,14.36,99.88,1434.28,Card,Bike,1,2,E-MUM-5
TXN016,05-08-2024,02:25:00,IOCL,Bangalore-Pump-07,Bangalore,Power Petrol,38.15,99.6,3799.74,UPI,Car,1,2,E-BAN-4
TXN017,30-08-2025,18:44:00,IOCL,Delhi-Pump-01,Delhi,Petrol,13.86,95.08,1317.81,Cash,Bike,1,2,E-DEL-3
TXN018,05-06-2024,13:22:00,HP,Bangalore-Pump-07,Bangalore,Diesel,35.4,87.73,3105.64,Card,Car,0,5,E-BAN-5
TXN019,31-07-2024,19:16:00,HP,Chennai-Pump-05,Chennai,Petrol,32.75,94.55,3096.51,UPI,Car,1,1,E-CHE-1
TXN020,11-08-2025,17:34:00,IOCL,Pune-Pump-01,Pune,Diesel,8.07,88.11,711.05,Card,Bike,1,1,E-PUN-3
TXN021,10-11-2024,21:30:00,BPCL,Delhi-Pump-01,Delhi,Power Petrol,13.1,99.58,1304.5,UPI,Bike,0,1,E-DEL-4
TXN022,08-04-2024,05:43:00,HP,Mumbai-Pump-02,Mumbai,Power Petrol,11.45,99.87,1143.51,Cash,Bike,1,3,E-MUM-3
TXN023,30-10-2025,11:26:00,BPCL,Chennai-Pump-03,Chennai,Diesel,7.41,88.05,652.45,Card,Bike,0,4,E-CHE-1
TXN024,27-03-2025,02:47:00,IOCL,Chennai-Pump-05,Chennai,Power Petrol,10.25,99.61,1021,Cash,Bike,1,3,E-CHE-1
TXN025,01-12-2025,19:31:00,BPCL,Delhi-Pump-04,Delhi,Petrol,44.61,95.02,4238.84,Card,Car,0,4,E-DEL-3
TXN026,10-08-2024,01:44:00,BPCL,Mumbai-Pump-02,Mumbai,Diesel,6.42,87.28,560.34,Cash,Bike,0,2,E-MUM-5
TXN027,09-07-2024,13:55:00,BPCL,Delhi-Pump-01,Delhi,Power Petrol,5.53,99.01,547.53,Cash,Bike,1,4,E-DEL-4
TXN028,13-12-2025,01:42:00,HP,Chennai-Pump-03,Chennai,Petrol,15.56,94.68,1473.22,Card,Car,1,4,E-CHE-2
TXN029,17-11-2025,09:06:00,HP,Bangalore-Pump-07,Bangalore,Diesel,14.89,87.56,1303.77,Card,Bike,1,4,E-BAN-3
TXN030,28-07-2024,19:41:00,BPCL,Pune-Pump-06,Pune,Petrol,6.6,94.68,624.89,Card,Bike,0,5,E-PUN-5
TXN031,13-10-2025,20:14:00,IOCL,Pune-Pump-06,Pune,Petrol,27.17,94.39,2564.58,UPI,Car,1,5,E-PUN-3
TXN032,29-01-2025,23:34:00,IOCL,Delhi-Pump-04,Delhi,Power Petrol,49.12,99.92,4908.07,UPI,Car,0,4,E-DEL-5
TXN033,08-04-2025,23:42:00,HP,Delhi-Pump-04,Delhi,Petrol,42.16,95.18,4012.79,UPI,Car,1,2,E-DEL-3
TXN034,05-06-2025,02:08:00,HP,Mumbai-Pump-04,Mumbai,Power Petrol,44.29,99.63,4412.61,Card,Car,0,3,E-MUM-4
TXN035,09-07-2025,15:55:00,HP,Delhi-Pump-04,Delhi,Power Petrol,38.98,98.97,3857.85,Card,Car,0,2,E-DEL-5
TXN036,02-03-2024,00:07:00,BPCL,Chennai-Pump-05,Chennai,Diesel,36.17,87.64,3169.94,Cash,Car,0,2,E-CHE-4
TXN037,30-01-2025,02:14:00,IOCL,Chennai-Pump-03,Chennai,Diesel,11.7,87.92,1028.66,Cash,Bike,0,2,E-CHE-2
TXN038,17-07-2025,15:05:00,BPCL,Delhi-Pump-01,Delhi,Petrol,47.09,95.19,4482.5,Card,Car,0,3,E-DEL-4
TXN039,02-01-2025,03:01:00,HP,Delhi-Pump-04,Delhi,Diesel,27.32,87.58,2392.69,Card,Car,0,3,E-DEL-2
TXN040,12-10-2025,07:41:00,IOCL,Chennai-Pump-05,Chennai,Petrol,11.84,94.6,1120.06,Card,Bike,1,5,E-CHE-3
TXN041,16-08-2025,15:01:00,BPCL,Chennai-Pump-03,Chennai,Petrol,10.66,95.05,1013.23,UPI,Bike,1,4,E-CHE-3
TXN042,18-05-2025,09:18:00,BPCL,Chennai-Pump-05,Chennai,Diesel,49.29,87.77,4326.18,UPI,Car,1,2,E-CHE-4
TXN043,07-07-2025,19:32:00,BPCL,Pune-Pump-06,Pune,Diesel,11.09,88.11,977.14,Card,Bike,1,3,E-PUN-2
TXN044,18-08-2025,06:42:00,HP,Chennai-Pump-05,Chennai,Power Petrol,9.06,99.01,897.03,Cash,Bike,0,4,E-CHE-3
TXN045,12-06-2025,21:40:00,IOCL,Chennai-Pump-03,Chennai,Power Petrol,9.83,99.77,980.74,Card,Bike,0,1,E-CHE-5
TXN046,04-04-2025,10:04:00,BPCL,Chennai-Pump-05,Chennai,Power Petrol,13.21,99.35,1312.41,Card,Bike,1,3,E-CHE-1
TXN047,18-03-2025,21:22:00,IOCL,Mumbai-Pump-02,Mumbai,Petrol,10.32,94.75,977.82,UPI,Bike,0,1,E-MUM-3
TXN048,11-11-2024,08:56:00,IOCL,Delhi-Pump-01,Delhi,Diesel,12.62,87.8,1108.04,Cash,Bike,0,5,E-DEL-3
TXN049,08-08-2025,13:35:00,IOCL,Chennai-Pump-03,Chennai,Petrol,29.49,94.35,2782.38,Cash,Car,1,3,E-CHE-3
TXN050,16-04-2025,18:19:00,HP,Mumbai-Pump-04,Mumbai,Power Petrol,28.46,99.38,2828.35,UPI,Car,0,3,E-MUM-3
TXN051,08-05-2024,05:43:00,BPCL,Chennai-Pump-05,Chennai,Power Petrol,40.96,99.64,4081.25,Cash,Car,0,5,E-CHE-2
TXN052,04-07-2024,09:55:00,IOCL,Chennai-Pump-03,Chennai,Power Petrol,43.87,99.56,4367.7,Card,Car,0,5,E-CHE-1
TXN053,12-10-2025,03:18:00,IOCL,Pune-Pump-06,Pune,Power Petrol,41.12,99.29,4082.8,Card,Car,0,1,E-PUN-4
TXN054,18-05-2025,23:43:00,HP,Delhi-Pump-04,Delhi,Petrol,45.32,94.88,4299.96,Cash,Car,1,4,E-DEL-3
TXN055,21-10-2025,22:38:00,IOCL,Mumbai-Pump-02,Mumbai,Diesel,18.24,87.64,1598.55,Card,Car,0,1,E-MUM-4
TXN056,15-06-2025,01:49:00,HP,Pune-Pump-06,Pune,Power Petrol,34.38,99.59,3423.9,UPI,Car,0,4,E-PUN-2
TXN057,16-11-2025,11:11:00,HP,Chennai-Pump-03,Chennai,Diesel,27.76,87.87,2439.27,Cash,Car,0,3,E-CHE-3
TXN058,18-06-2025,03:25:00,BPCL,Delhi-Pump-04,Delhi,Power Petrol,5.99,98.99,592.95,UPI,Bike,1,2,E-DEL-2
TXN059,17-05-2025,00:23:00,HP,Chennai-Pump-03,Chennai,Petrol,19.66,95.2,1871.63,Cash,Car,0,1,E-CHE-1
TXN060,18-12-2024,04:15:00,IOCL,Delhi-Pump-04,Delhi,Power Petrol,19.35,99.83,1931.71,UPI,Car,0,4,E-DEL-3
TXN061,11-05-2024,01:15:00,HP,Mumbai-Pump-02,Mumbai,Diesel,27.02,88.08,2379.92,Card,Car,1,2,E-MUM-4
TXN062,29-07-2025,09:14:00,HP,Delhi-Pump-01,Delhi,Power Petrol,14.76,99.56,1469.51,UPI,Bike,1,2,E-DEL-5
TXN063,15-12-2025,04:52:00,HP,Bangalore-Pump-07,Bangalore,Diesel,12.43,87.99,1093.72,UPI,Bike,1,3,E-BAN-2
TXN064,10-06-2025,19:49:00,IOCL,Bangalore-Pump-07,Bangalore,Power Petrol,36.47,99.33,3622.57,Card,Car,1,3,E-BAN-5
TXN065,04-11-2025,11:44:00,BPCL,Chennai-Pump-05,Chennai,Petrol,27.26,95.05,2591.06,UPI,Car,1,2,E-CHE-2
TXN066,16-08-2025,23:26:00,IOCL,Mumbai-Pump-04,Mumbai,Power Petrol,17.12,99.43,1702.24,UPI,Car,0,2,E-MUM-4
TXN067,07-03-2024,02:19:00,HP,Bangalore-Pump-07,Bangalore,Power Petrol,14.74,99.33,1464.12,UPI,Bike,1,5,E-BAN-3
TXN068,04-03-2024,23:58:00,IOCL,Pune-Pump-01,Pune,Power Petrol,30.12,99.59,2999.65,Card,Car,0,2,E-PUN-3
TXN069,05-04-2024,17:37:00,HP,Chennai-Pump-03,Chennai,Power Petrol,5.62,99.78,560.76,Cash,Bike,1,5,E-CHE-5
TXN070,24-02-2025,23:47:00,IOCL,Mumbai-Pump-02,Mumbai,Petrol,8.24,94.54,779.01,Cash,Bike,0,4,E-MUM-2
TXN071,06-07-2025,07:39:00,BPCL,Mumbai-Pump-02,Mumbai,Petrol,34.88,94.74,3304.53,UPI,Car,0,5,E-MUM-1
TXN072,05-02-2024,04:52:00,HP,Bangalore-Pump-07,Bangalore,Petrol,46.57,94.73,4411.58,Cash,Car,1,1,E-BAN-5
TXN073,10-05-2024,14:36:00,HP,Pune-Pump-06,Pune,Diesel,32.02,87.88,2813.92,Card,Car,1,2,E-PUN-2
TXN074,30-06-2024,00:28:00,HP,Mumbai-Pump-02,Mumbai,Power Petrol,20.58,99.68,2051.41,UPI,Car,1,2,E-MUM-5
TXN075,01-09-2024,16:10:00,BPCL,Chennai-Pump-05,Chennai,Petrol,7.15,94.81,677.89,Cash,Bike,0,5,E-CHE-2
TXN076,23-03-2025,21:41:00,BPCL,Bangalore-Pump-07,Bangalore,Petrol,45.01,94.97,4274.6,Cash,Car,1,4,E-BAN-4
TXN077,04-08-2024,05:40:00,BPCL,Pune-Pump-06,Pune,Petrol,32.52,94.81,3083.22,Card,Car,0,3,E-PUN-1
TXN078,22-07-2025,11:25:00,IOCL,Pune-Pump-01,Pune,Diesel,12.57,87.39,1098.49,UPI,Bike,0,1,E-PUN-1
TXN079,17-07-2025,13:56:00,IOCL,Delhi-Pump-01,Delhi,Petrol,22.23,95.18,2115.85,Card,Car,1,4,E-DEL-3
TXN080,02-09-2025,14:17:00,BPCL,Bangalore-Pump-07,Bangalore,Petrol,48.57,94.32,4581.12,Card,Car,0,4,E-BAN-1
TXN081,14-12-2025,20:06:00,BPCL,Bangalore-Pump-07,Bangalore,Diesel,7.87,87.72,690.36,UPI,Bike,0,3,E-BAN-2
TXN082,07-08-2025,13:42:00,HP,Bangalore-Pump-07,Bangalore,Diesel,41.49,87.71,3639.09,Card,Car,0,2,E-BAN-5
TXN083,31-01-2024,18:39:00,IOCL,Chennai-Pump-03,Chennai,Diesel,42.13,87.38,3681.32,Card,Car,1,2,E-CHE-5
TXN084,30-11-2025,00:55:00,IOCL,Bangalore-Pump-07,Bangalore,Petrol,47.91,94.96,4549.53,Cash,Car,0,5,E-BAN-3
TXN085,09-09-2025,13:13:00,BPCL,Pune-Pump-01,Pune,Petrol,12.16,94.25,1146.08,Card,Bike,0,5,E-PUN-4
TXN086,07-11-2025,21:59:00,BPCL,Chennai-Pump-05,Chennai,Power Petrol,6.05,99.4,601.37,UPI,Bike,0,2,E-CHE-4
TXN087,18-04-2024,13:27:00,IOCL,Bangalore-Pump-07,Bangalore,Petrol,14.37,94.7,1360.84,Card,Bike,0,2,E-BAN-1
TXN088,11-12-2024,01:00:00,BPCL,Pune-Pump-01,Pune,Power Petrol,46.29,99.67,4613.72,UPI,Car,0,2,E-PUN-2
TXN089,16-06-2025,10:52:00,IOCL,Pune-Pump-06,Pune,Power Petrol,13.19,99.36,1310.56,UPI,Bike,0,1,E-PUN-2
TXN090,23-06-2024,13:21:00,IOCL,Pune-Pump-06,Pune,Diesel,45.04,87.31,3932.44,Cash,Car,1,3,E-PUN-2
TXN091,26-08-2024,11:46:00,HP,Mumbai-Pump-02,Mumbai,Diesel,25.27,87.39,2208.35,UPI,Car,0,4,E-MUM-1
TXN092,16-10-2025,08:56:00,BPCL,Pune-Pump-01,Pune,Diesel,8.95,87.9,786.71,UPI,Bike,0,4,E-PUN-2
TXN093,12-12-2024,15:37:00,BPCL,Pune-Pump-01,Pune,Power Petrol,41.01,99.04,4061.63,UPI,Car,0,2,E-PUN-2
TXN094,27-04-2024,08:30:00,BPCL,Chennai-Pump-05,Chennai,Diesel,10.89,88.1,959.41,Cash,Bike,0,1,E-CHE-5
TXN095,26-08-2025,15:58:00,HP,Delhi-Pump-01,Delhi,Petrol,5.77,94.67,546.25,UPI,Bike,1,1,E-DEL-1
TXN096,29-04-2025,17:11:00,BPCL,Mumbai-Pump-04,Mumbai,Power Petrol,29.08,99.9,2905.09,Card,Car,1,3,E-MUM-1
TXN097,27-10-2025,09:35:00,BPCL,Bangalore-Pump-07,Bangalore,Diesel,6.12,87.66,536.48,UPI,Bike,0,2,E-BAN-2
TXN098,17-07-2024,07:42:00,HP,Chennai-Pump-05,Chennai,Diesel,5.09,87.66,446.19,Card,Bike,1,4,E-CHE-1
TXN099,30-01-2025,14:52:00,HP,Pune-Pump-01,Pune,Petrol,12.75,94.75,1208.06,Card,Bike,1,3,E-PUN-2
TXN100,11-11-2025,10:54:00,HP,Delhi-Pump-01,Delhi,Power Petrol,42.16,99.22,4183.12,Cash,Car,1,5,E-DEL-4
TXN101,22-01-2025,12:00:00,BPCL,Delhi-Pump-01,Delhi,Petrol,26.36,94.84,2499.98,UPI,Car,0,1,E-DEL-3
TXN102,28-11-2024,21:27:00,IOCL,Chennai-Pump-03,Chennai,Power Petrol,18.2,99.88,1817.82,UPI,Car,1,5,E-CHE-5
TXN103,04-03-2024,17:35:00,BPCL,Delhi-Pump-01,Delhi,Diesel,41.78,87.13,3640.29,Card,Car,1,3,E-DEL-2
TXN104,15-02-2024,12:52:00,HP,Chennai-Pump-03,Chennai,Petrol,6.65,94.7,629.76,UPI,Bike,0,5,E-CHE-4
TXN105,18-03-2024,23:28:00,HP,Pune-Pump-01,Pune,Petrol,37.72,94.49,3564.16,Card,Car,1,4,E-PUN-2
TXN106,26-09-2025,18:02:00,HP,Pune-Pump-01,Pune,Power Petrol,38.35,99.87,3830.01,Cash,Car,0,1,E-PUN-1
TXN107,15-12-2024,18:42:00,IOCL,Pune-Pump-06,Pune,Power Petrol,48.56,99.83,4847.74,Cash,Car,1,5,E-PUN-5
TXN108,11-03-2024,18:05:00,BPCL,Pune-Pump-06,Pune,Petrol,34.36,94.36,3242.21,Card,Car,1,5,E-PUN-1
TXN109,26-04-2024,04:28:00,HP,Mumbai-Pump-04,Mumbai,Power Petrol,45.35,99.68,4520.49,Card,Car,1,5,E-MUM-1
TXN110,26-02-2025,21:46:00,BPCL,Mumbai-Pump-04,Mumbai,Petrol,10.43,94.47,985.32,Cash,Bike,0,2,E-MUM-4
TXN111,03-03-2024,13:36:00,BPCL,Chennai-Pump-03,Chennai,Diesel,11.95,87.35,1043.83,UPI,Bike,1,4,E-CHE-3
TXN112,17-02-2024,07:09:00,IOCL,Pune-Pump-06,Pune,Power Petrol,35.84,99.5,3566.08,Card,Car,0,3,E-PUN-3
TXN113,23-08-2024,19:48:00,HP,Delhi-Pump-01,Delhi,Diesel,36.69,87.87,3223.95,Cash,Car,1,5,E-DEL-4
TXN114,13-06-2025,14:28:00,HP,Pune-Pump-01,Pune,Diesel,27.71,87.92,2436.26,UPI,Car,1,1,E-PUN-5
TXN115,01-05-2025,08:22:00,HP,Mumbai-Pump-04,Mumbai,Petrol,30.74,94.6,2908,UPI,Car,1,1,E-MUM-4
TXN116,28-11-2024,06:03:00,BPCL,Bangalore-Pump-07,Bangalore,Diesel,5.8,88.09,510.92,Card,Bike,0,3,E-BAN-2
TXN117,09-06-2024,02:34:00,BPCL,Pune-Pump-06,Pune,Petrol,24.37,94.77,2309.54,UPI,Car,0,4,E-PUN-2
TXN118,29-01-2024,09:18:00,IOCL,Pune-Pump-06,Pune,Power Petrol,21.68,99.47,2156.51,Cash,Car,0,4,E-PUN-3
TXN119,26-01-2024,02:39:00,HP,Bangalore-Pump-07,Bangalore,Diesel,27.65,87.34,2414.95,Cash,Car,0,2,E-BAN-4
TXN120,11-03-2025,11:26:00,IOCL,Delhi-Pump-04,Delhi,Petrol,8.31,95.02,789.62,Card,Bike,0,5,E-DEL-2
TXN121,26-03-2025,22:03:00,BPCL,Chennai-Pump-05,Chennai,Diesel,10.78,87.39,942.06,Card,Bike,1,1,E-CHE-4
TXN122,23-01-2025,01:40:00,IOCL,Delhi-Pump-01,Delhi,Petrol,44.06,94.68,4171.6,Cash,Car,1,3,E-DEL-1
TXN123,17-08-2025,10:03:00,BPCL,Chennai-Pump-05,Chennai,Power Petrol,46.07,99.84,4599.63,Cash,Car,1,1,E-CHE-4
TXN124,23-09-2025,00:58:00,HP,Pune-Pump-06,Pune,Petrol,41.5,94.74,3931.71,Card,Car,0,1,E-PUN-2
TXN125,13-06-2025,00:19:00,IOCL,Pune-Pump-01,Pune,Power Petrol,30.31,99.59,3018.57,Card,Car,1,1,E-PUN-2
TXN126,27-02-2025,09:42:00,BPCL,Delhi-Pump-01,Delhi,Power Petrol,46.48,99.54,4626.62,Card,Car,0,1,E-DEL-1
TXN127,16-01-2025,19:33:00,BPCL,Chennai-Pump-03,Chennai,Diesel,31.71,87.2,2765.11,UPI,Car,1,1,E-CHE-4
TXN128,07-06-2025,13:55:00,BPCL,Mumbai-Pump-02,Mumbai,Petrol,9.45,94.56,893.59,Card,Bike,1,4,E-MUM-3
TXN129,28-12-2025,17:30:00,BPCL,Pune-Pump-06,Pune,Power Petrol,9.86,99.22,978.31,Cash,Bike,1,1,E-PUN-3
TXN130,17-12-2025,15:09:00,BPCL,Delhi-Pump-01,Delhi,Petrol,27.17,94.29,2561.86,Card,Car,1,1,E-DEL-5
TXN131,08-06-2025,12:47:00,BPCL,Mumbai-Pump-02,Mumbai,Diesel,48.24,87.71,4231.13,UPI,Car,1,3,E-MUM-4
TXN132,20-12-2024,13:50:00,IOCL,Chennai-Pump-05,Chennai,Petrol,13.21,94.61,1249.8,Cash,Bike,0,1,E-CHE-5
TXN133,02-11-2025,15:35:00,IOCL,Chennai-Pump-05,Chennai,Diesel,38.31,87.2,3340.63,UPI,Car,1,3,E-CHE-5
TXN134,28-05-2024,12:55:00,BPCL,Pune-Pump-06,Pune,Diesel,10.4,87.76,912.7,UPI,Bike,1,2,E-PUN-3
TXN135,27-10-2025,15:39:00,BPCL,Pune-Pump-01,Pune,Diesel,10.96,87.31,956.92,Card,Bike,1,3,E-PUN-5
TXN136,22-06-2024,13:01:00,BPCL,Delhi-Pump-01,Delhi,Power Petrol,7.34,99.7,731.8,UPI,Bike,0,4,E-DEL-3
TXN137,18-02-2025,16:30:00,BPCL,Delhi-Pump-04,Delhi,Diesel,38.06,87.77,3340.53,Cash,Car,1,5,E-DEL-5
TXN138,14-11-2025,19:16:00,IOCL,Mumbai-Pump-02,Mumbai,Diesel,17.14,87.28,1495.98,Cash,Car,1,2,E-MUM-3
TXN139,31-10-2025,15:32:00,BPCL,Bangalore-Pump-07,Bangalore,Petrol,14.69,94.73,1391.58,Card,Bike,0,2,E-BAN-4
TXN140,07-07-2024,20:52:00,IOCL,Pune-Pump-06,Pune,Power Petrol,5.55,99.88,554.33,UPI,Bike,0,1,E-PUN-4
TXN141,30-04-2025,06:24:00,BPCL,Chennai-Pump-03,Chennai,Petrol,18.13,94.92,1720.9,Cash,Car,0,2,E-CHE-5
TXN142,08-06-2024,04:51:00,HP,Pune-Pump-06,Pune,Petrol,44.87,94.92,4259.06,Card,Car,0,2,E-PUN-5
TXN143,04-05-2024,04:33:00,IOCL,Delhi-Pump-04,Delhi,Diesel,43.47,87.95,3823.19,Cash,Car,1,2,E-DEL-5
TXN144,29-05-2024,06:07:00,IOCL,Mumbai-Pump-02,Mumbai,Diesel,13.58,87.6,1189.61,UPI,Bike,0,5,E-MUM-2
TXN145,28-01-2024,11:42:00,IOCL,Bangalore-Pump-07,Bangalore,Power Petrol,47.91,99.43,4763.69,Card,Car,0,1,E-BAN-5
TXN146,18-12-2024,00:57:00,HP,Bangalore-Pump-07,Bangalore,Petrol,5.69,95.2,541.69,UPI,Bike,0,1,E-BAN-5
TXN147,17-04-2024,05:50:00,HP,Pune-Pump-06,Pune,Diesel,10.98,87.75,963.5,UPI,Bike,1,3,E-PUN-4
TXN148,18-04-2024,16:25:00,IOCL,Delhi-Pump-04,Delhi,Power Petrol,7.81,99.22,774.91,UPI,Bike,0,3,E-DEL-4
TXN149,19-04-2024,13:34:00,IOCL,Mumbai-Pump-04,Mumbai,Petrol,30.11,95.17,2865.57,Cash,Car,0,3,E-MUM-2
TXN150,24-05-2024,11:56:00,IOCL,Mumbai-Pump-02,Mumbai,Power Petrol,7.05,99.68,702.74,Cash,Bike,0,1,E-MUM-5
TXN151,29-12-2024,21:42:00,BPCL,Delhi-Pump-01,Delhi,Power Petrol,39.11,99.32,3884.41,UPI,Car,1,5,E-DEL-3
TXN152,01-05-2025,18:33:00,BPCL,Delhi-Pump-01,Delhi,Diesel,46.23,88.11,4073.33,Cash,Car,0,1,E-DEL-2
TXN153,15-09-2025,05:23:00,BPCL,Pune-Pump-01,Pune,Petrol,47.05,94.87,4463.63,Cash,Car,0,1,E-PUN-2
TXN154,18-03-2024,23:08:00,HP,Pune-Pump-06,Pune,Petrol,7.55,94.92,716.65,Cash,Bike,1,1,E-PUN-2
TXN155,26-02-2024,17:12:00,HP,Pune-Pump-06,Pune,Diesel,12.21,87.48,1068.13,Card,Bike,1,2,E-PUN-3
TXN156,24-09-2024,03:10:00,BPCL,Delhi-Pump-04,Delhi,Diesel,17.11,87.43,1495.93,UPI,Car,0,1,E-DEL-4
TXN157,03-10-2024,21:53:00,HP,Bangalore-Pump-07,Bangalore,Power Petrol,8.55,99.09,847.22,UPI,Bike,1,2,E-BAN-4
TXN158,30-08-2024,05:19:00,IOCL,Delhi-Pump-01,Delhi,Diesel,10.93,88.01,961.95,Card,Bike,0,1,E-DEL-2
TXN159,23-09-2024,09:56:00,HP,Chennai-Pump-05,Chennai,Power Petrol,5.07,99.43,504.11,Cash,Bike,0,5,E-CHE-1
TXN160,07-05-2024,09:43:00,BPCL,Chennai-Pump-05,Chennai,Diesel,38.63,87.38,3375.49,Card,Car,0,3,E-CHE-4
TXN161,04-05-2024,22:58:00,IOCL,Chennai-Pump-03,Chennai,Petrol,42.06,94.61,3979.3,Card,Car,0,1,E-CHE-1
TXN162,30-01-2024,04:08:00,HP,Pune-Pump-01,Pune,Power Petrol,14.23,98.96,1408.2,UPI,Bike,0,4,E-PUN-4
TXN163,14-05-2024,22:45:00,HP,Pune-Pump-06,Pune,Petrol,5.18,94.23,488.11,Card,Bike,1,3,E-PUN-3
TXN164,11-10-2024,00:04:00,IOCL,Pune-Pump-01,Pune,Petrol,45.75,94.84,4338.93,UPI,Car,0,4,E-PUN-3
TXN165,21-07-2025,14:20:00,IOCL,Pune-Pump-06,Pune,Petrol,28.27,94.38,2668.12,Card,Car,0,4,E-PUN-1
TXN166,04-05-2025,05:54:00,HP,Delhi-Pump-01,Delhi,Diesel,9.09,87.33,793.83,UPI,Bike,0,2,E-DEL-1
TXN167,20-02-2025,13:25:00,IOCL,Mumbai-Pump-04,Mumbai,Diesel,10.7,88.03,941.92,UPI,Bike,0,3,E-MUM-4
TXN168,16-01-2025,14:40:00,HP,Delhi-Pump-01,Delhi,Power Petrol,6.95,99.63,692.43,Card,Bike,0,3,E-DEL-1
TXN169,31-01-2024,05:40:00,IOCL,Delhi-Pump-01,Delhi,Diesel,9.31,87.91,818.44,UPI,Bike,0,5,E-DEL-5
TXN170,26-11-2025,20:37:00,BPCL,Delhi-Pump-01,Delhi,Petrol,21.35,94.22,2011.6,Cash,Car,1,3,E-DEL-5
TXN171,22-05-2025,21:33:00,IOCL,Chennai-Pump-03,Chennai,Petrol,7.56,94.8,716.69,Cash,Bike,0,4,E-CHE-5
TXN172,05-05-2025,22:30:00,BPCL,Mumbai-Pump-04,Mumbai,Diesel,18.59,87.2,1621.05,UPI,Car,1,4,E-MUM-2
TXN173,24-04-2025,07:24:00,IOCL,Pune-Pump-06,Pune,Power Petrol,38.7,99.6,3854.52,UPI,Car,1,5,E-PUN-4
TXN174,16-03-2025,17:42:00,BPCL,Mumbai-Pump-04,Mumbai,Diesel,7.13,87.15,621.38,Cash,Bike,1,5,E-MUM-2
TXN175,17-06-2025,21:27:00,HP,Bangalore-Pump-07,Bangalore,Petrol,6.45,95.02,612.88,Cash,Bike,1,1,E-BAN-1
TXN176,24-12-2025,13:18:00,HP,Mumbai-Pump-02,Mumbai,Petrol,37.76,95.12,3591.73,Cash,Car,0,5,E-MUM-4
TXN177,11-12-2025,08:54:00,IOCL,Pune-Pump-06,Pune,Power Petrol,38.09,99.12,3775.48,Card,Car,0,4,E-PUN-5
TXN178,18-11-2024,17:44:00,IOCL,Delhi-Pump-04,Delhi,Petrol,15.3,95.03,1453.96,UPI,Car,0,3,E-DEL-3
TXN179,07-06-2024,07:29:00,BPCL,Chennai-Pump-03,Chennai,Diesel,49.87,87.62,4369.61,Card,Car,1,4,E-CHE-4
TXN180,14-11-2025,03:15:00,BPCL,Delhi-Pump-01,Delhi,Power Petrol,15.6,99.12,1546.27,Card,Car,1,5,E-DEL-1
TXN181,03-09-2025,01:56:00,BPCL,Delhi-Pump-01,Delhi,Petrol,30.01,95.02,2851.55,Card,Car,0,5,E-DEL-2
TXN182,21-12-2024,06:11:00,IOCL,Pune-Pump-01,Pune,Power Petrol,23.9,99.71,2383.07,Cash,Car,0,4,E-PUN-1
TXN183,13-09-2025,04:45:00,HP,Chennai-Pump-03,Chennai,Power Petrol,39.7,99.24,3939.83,Cash,Car,1,5,E-CHE-1
TXN184,19-06-2024,01:34:00,BPCL,Mumbai-Pump-04,Mumbai,Petrol,21.15,95.21,2013.69,UPI,Car,0,4,E-MUM-1
TXN185,08-12-2025,19:52:00,BPCL,Chennai-Pump-03,Chennai,Petrol,10.59,94.63,1002.13,Card,Bike,0,4,E-CHE-3
TXN186,12-06-2025,00:35:00,BPCL,Chennai-Pump-05,Chennai,Petrol,36.07,94.58,3411.5,UPI,Car,1,3,E-CHE-5
TXN187,04-07-2024,01:31:00,IOCL,Delhi-Pump-04,Delhi,Petrol,37.23,94.39,3514.14,UPI,Car,0,5,E-DEL-5
TXN188,05-03-2024,06:26:00,IOCL,Bangalore-Pump-07,Bangalore,Petrol,29.29,94.68,2773.18,UPI,Car,1,4,E-BAN-4
TXN189,22-06-2025,02:20:00,BPCL,Mumbai-Pump-04,Mumbai,Petrol,28.41,94.59,2687.3,UPI,Car,1,2,E-MUM-3
TXN190,17-05-2025,03:46:00,HP,Chennai-Pump-03,Chennai,Petrol,18.16,95.08,1726.65,Cash,Car,0,4,E-CHE-5
TXN191,17-11-2025,08:15:00,IOCL,Bangalore-Pump-07,Bangalore,Diesel,45.78,88.11,4033.68,Card,Car,0,2,E-BAN-1
TXN192,11-03-2024,21:25:00,BPCL,Pune-Pump-06,Pune,Petrol,45.6,95.07,4335.19,Card,Car,1,5,E-PUN-2
TXN193,13-11-2024,08:49:00,BPCL,Delhi-Pump-01,Delhi,Petrol,10.05,94.24,947.11,UPI,Bike,0,3,E-DEL-3
TXN194,11-08-2025,10:07:00,BPCL,Mumbai-Pump-02,Mumbai,Power Petrol,10.78,99.15,1068.84,Cash,Bike,1,1,E-MUM-4
TXN195,01-10-2025,04:39:00,IOCL,Pune-Pump-06,Pune,Diesel,18.16,87.48,1588.64,UPI,Car,0,1,E-PUN-4
TXN196,11-08-2025,09:13:00,IOCL,Chennai-Pump-03,Chennai,Diesel,9.5,87.78,833.91,Card,Bike,0,4,E-CHE-3
TXN197,09-08-2024,08:24:00,BPCL,Delhi-Pump-04,Delhi,Power Petrol,27.11,99.5,2697.45,Card,Car,0,3,E-DEL-5
TXN198,26-04-2025,20:23:00,HP,Pune-Pump-06,Pune,Diesel,47.92,87.24,4180.54,Cash,Car,0,3,E-PUN-2
TXN199,02-07-2025,22:14:00,BPCL,Delhi-Pump-04,Delhi,Diesel,11.04,87.72,968.43,Cash,Bike,0,2,E-DEL-5
TXN200,08-09-2025,01:50:00,BPCL,Chennai-Pump-03,Chennai,Power Petrol,16.09,99.44,1599.99,Cash,Car,1,2,E-CHE-1
TXN201,23-03-2024,10:07:00,IOCL,Chennai-Pump-05,Chennai,Power Petrol,15.61,99.52,1553.51,UPI,Car,1,3,E-CHE-3
TXN202,13-08-2024,18:49:00,HP,Chennai-Pump-03,Chennai,Petrol,41.09,94.65,3889.17,Card,Car,1,5,E-CHE-4
TXN203,16-12-2024,03:19:00,BPCL,Bangalore-Pump-07,Bangalore,Power Petrol,9.69,98.97,959.02,Card,Bike,1,1,E-BAN-4
TXN204,29-07-2024,14:27:00,BPCL,Delhi-Pump-04,Delhi,Petrol,14.64,94.79,1387.73,UPI,Bike,0,2,E-DEL-3
TXN205,30-05-2024,02:27:00,HP,Pune-Pump-06,Pune,Diesel,9.29,87.58,813.62,Cash,Bike,0,3,E-PUN-5
TXN206,02-06-2024,04:58:00,HP,Delhi-Pump-01,Delhi,Petrol,13.42,94.59,1269.4,Card,Bike,0,2,E-DEL-3
TXN207,06-11-2025,20:40:00,BPCL,Mumbai-Pump-04,Mumbai,Power Petrol,11.28,99.25,1119.54,Card,Bike,1,5,E-MUM-4
TXN208,11-09-2024,01:27:00,IOCL,Pune-Pump-01,Pune,Petrol,28.58,94.73,2707.38,Cash,Car,1,5,E-PUN-1
TXN209,19-05-2025,10:52:00,BPCL,Mumbai-Pump-04,Mumbai,Petrol,9.29,94.51,878,Cash,Bike,1,5,E-MUM-1
TXN210,27-05-2024,19:51:00,BPCL,Chennai-Pump-03,Chennai,Petrol,41.09,94.32,3875.61,Cash,Car,1,3,E-CHE-5
TXN211,01-07-2025,11:45:00,IOCL,Mumbai-Pump-02,Mumbai,Power Petrol,20.79,99.22,2062.78,UPI,Car,0,3,E-MUM-3
TXN212,20-07-2024,23:03:00,HP,Mumbai-Pump-04,Mumbai,Diesel,29.93,87.41,2616.18,UPI,Car,0,5,E-MUM-4
TXN213,08-11-2025,01:55:00,BPCL,Chennai-Pump-05,Chennai,Power Petrol,49.04,99.41,4875.07,Card,Car,0,1,E-CHE-3
TXN214,15-11-2024,03:53:00,BPCL,Chennai-Pump-05,Chennai,Power Petrol,44.1,99.57,4391.04,UPI,Car,0,5,E-CHE-5
TXN215,16-02-2025,20:44:00,BPCL,Delhi-Pump-01,Delhi,Petrol,13.4,94.52,1266.57,Cash,Bike,0,4,E-DEL-4
TXN216,25-09-2025,09:15:00,IOCL,Delhi-Pump-04,Delhi,Petrol,32.88,95.09,3126.56,UPI,Car,0,3,E-DEL-3
TXN217,19-06-2025,07:37:00,IOCL,Delhi-Pump-04,Delhi,Petrol,47.92,94.54,4530.36,Card,Car,1,4,E-DEL-1
TXN218,20-03-2025,16:23:00,IOCL,Chennai-Pump-05,Chennai,Diesel,7.48,87.14,651.81,UPI,Bike,1,5,E-CHE-4
TXN219,09-04-2024,21:42:00,HP,Pune-Pump-06,Pune,Power Petrol,7.73,99.22,766.97,Card,Bike,1,1,E-PUN-2
TXN220,24-11-2024,13:54:00,IOCL,Delhi-Pump-04,Delhi,Power Petrol,10.05,99.55,1000.48,UPI,Bike,1,3,E-DEL-2
TXN221,14-07-2024,13:14:00,HP,Delhi-Pump-04,Delhi,Petrol,8.46,95.22,805.56,UPI,Bike,1,1,E-DEL-3
TXN222,11-05-2024,17:55:00,BPCL,Pune-Pump-06,Pune,Diesel,10,87.96,879.6,UPI,Bike,1,3,E-PUN-1
TXN223,12-10-2024,03:21:00,IOCL,Delhi-Pump-04,Delhi,Petrol,12.03,94.46,1136.35,Card,Bike,0,2,E-DEL-2
TXN224,27-05-2025,08:54:00,BPCL,Mumbai-Pump-04,Mumbai,Petrol,44.48,94.59,4207.36,Card,Car,0,5,E-MUM-2
TXN225,21-09-2024,07:11:00,IOCL,Bangalore-Pump-07,Bangalore,Diesel,13.41,87.49,1173.24,UPI,Bike,0,1,E-BAN-4
TXN226,22-10-2025,09:04:00,HP,Chennai-Pump-05,Chennai,Petrol,29.84,94.26,2812.72,Card,Car,0,2,E-CHE-4
TXN227,11-01-2025,06:46:00,IOCL,Delhi-Pump-04,Delhi,Power Petrol,14.03,99.27,1392.76,UPI,Bike,1,4,E-DEL-1
TXN228,06-10-2024,05:12:00,IOCL,Delhi-Pump-04,Delhi,Petrol,27.96,94.47,2641.38,Cash,Car,1,2,E-DEL-3
TXN229,11-02-2024,04:51:00,IOCL,Mumbai-Pump-02,Mumbai,Diesel,10.79,87.82,947.58,UPI,Bike,1,3,E-MUM-4
TXN230,19-10-2025,22:38:00,HP,Delhi-Pump-01,Delhi,Petrol,5.96,94.63,563.99,UPI,Bike,0,2,E-DEL-1
TXN231,29-08-2025,15:42:00,HP,Pune-Pump-06,Pune,Power Petrol,22.21,99.75,2215.45,UPI,Car,1,3,E-PUN-5
TXN232,23-11-2025,18:04:00,IOCL,Bangalore-Pump-07,Bangalore,Diesel,11.41,87.47,998.03,UPI,Bike,0,1,E-BAN-4
TXN233,28-08-2024,06:59:00,HP,Chennai-Pump-03,Chennai,Power Petrol,11.84,99.04,1172.63,Card,Bike,1,1,E-CHE-2
TXN234,28-12-2025,15:55:00,IOCL,Chennai-Pump-03,Chennai,Diesel,10.14,87.65,888.77,Card,Bike,0,4,E-CHE-4
TXN235,27-01-2024,08:47:00,IOCL,Delhi-Pump-04,Delhi,Petrol,38.02,94.87,3606.96,UPI,Car,0,3,E-DEL-4
TXN236,03-08-2025,01:07:00,BPCL,Chennai-Pump-03,Chennai,Diesel,40.27,87.63,3528.86,Cash,Car,0,4,E-CHE-2
TXN237,21-06-2025,22:56:00,BPCL,Mumbai-Pump-02,Mumbai,Diesel,14.23,87.23,1241.28,Card,Bike,0,1,E-MUM-5
TXN238,13-09-2025,06:26:00,IOCL,Bangalore-Pump-07,Bangalore,Petrol,27.35,94.84,2593.87,Cash,Car,0,2,E-BAN-2
TXN239,05-06-2024,18:50:00,BPCL,Delhi-Pump-01,Delhi,Power Petrol,35.47,99.12,3515.79,UPI,Car,1,3,E-DEL-3
TXN240,20-02-2024,18:51:00,IOCL,Delhi-Pump-04,Delhi,Diesel,7.23,87.99,636.17,Cash,Bike,1,5,E-DEL-2
TXN241,04-07-2025,19:02:00,BPCL,Chennai-Pump-05,Chennai,Diesel,13.96,87.28,1218.43,UPI,Bike,1,2,E-CHE-5
TXN242,21-10-2025,13:28:00,IOCL,Mumbai-Pump-04,Mumbai,Power Petrol,14.81,99.65,1475.82,Cash,Bike,1,4,E-MUM-4
TXN243,03-09-2024,10:09:00,HP,Pune-Pump-06,Pune,Petrol,22.3,94.36,2104.23,UPI,Car,1,3,E-PUN-1
TXN244,19-07-2024,19:22:00,IOCL,Pune-Pump-06,Pune,Petrol,12.98,95.19,1235.57,UPI,Bike,0,2,E-PUN-3
TXN245,11-10-2024,03:44:00,HP,Chennai-Pump-03,Chennai,Petrol,14.95,94.83,1417.71,UPI,Bike,0,2,E-CHE-1
TXN246,25-12-2025,07:40:00,HP,Pune-Pump-01,Pune,Power Petrol,39.7,99.75,3960.08,Cash,Car,1,5,E-PUN-1
TXN247,29-03-2025,02:15:00,BPCL,Bangalore-Pump-07,Bangalore,Petrol,48.06,95.14,4572.43,Card,Car,1,2,E-BAN-5
TXN248,20-10-2024,13:10:00,HP,Pune-Pump-01,Pune,Diesel,14.48,87.73,1270.33,Cash,Bike,1,1,E-PUN-5
TXN249,15-10-2025,12:09:00,HP,Chennai-Pump-03,Chennai,Power Petrol,39.44,98.96,3902.98,Card,Car,1,5,E-CHE-2
TXN250,24-09-2025,10:16:00,BPCL,Delhi-Pump-01,Delhi,Power Petrol,31.93,99.06,3162.99,Card,Car,1,4,E-DEL-3
TXN251,08-07-2024,10:12:00,IOCL,Bangalore-Pump-07,Bangalore,Petrol,14.6,95.11,1388.61,UPI,Bike,0,4,E-BAN-5
TXN252,01-06-2024,01:06:00,HP,Mumbai-Pump-04,Mumbai,Diesel,12.22,87.37,1067.66,Cash,Bike,0,1,E-MUM-1
TXN253,29-05-2025,00:35:00,IOCL,Pune-Pump-06,Pune,Diesel,32.23,87.74,2827.86,Card,Car,0,4,E-PUN-4
TXN254,22-07-2025,11:53:00,IOCL,Pune-Pump-01,Pune,Power Petrol,43.79,99.44,4354.48,UPI,Car,0,4,E-PUN-5
TXN255,07-03-2025,05:57:00,IOCL,Delhi-Pump-04,Delhi,Power Petrol,28.76,99.77,2869.39,Cash,Car,0,1,E-DEL-1
TXN256,12-11-2024,11:23:00,HP,Mumbai-Pump-02,Mumbai,Petrol,39.36,94.59,3723.06,Cash,Car,0,1,E-MUM-4
TXN257,13-06-2024,01:14:00,HP,Delhi-Pump-04,Delhi,Power Petrol,13.76,99.77,1372.84,Cash,Bike,0,5,E-DEL-4
TXN258,04-10-2024,13:04:00,BPCL,Pune-Pump-01,Pune,Petrol,40.18,94.39,3792.59,Card,Car,0,2,E-PUN-5
TXN259,13-09-2025,02:20:00,BPCL,Bangalore-Pump-07,Bangalore,Petrol,17.85,94.38,1684.68,Cash,Car,1,3,E-BAN-5
TXN260,06-01-2025,15:09:00,IOCL,Bangalore-Pump-07,Bangalore,Power Petrol,14.75,99.73,1471.02,Card,Bike,1,4,E-BAN-3
TXN261,26-08-2025,14:02:00,BPCL,Pune-Pump-01,Pune,Power Petrol,18.01,99.77,1796.86,Cash,Car,0,3,E-PUN-2
TXN262,14-01-2025,11:13:00,IOCL,Delhi-Pump-04,Delhi,Power Petrol,8.12,99.72,809.73,Cash,Bike,1,5,E-DEL-4
TXN263,24-10-2024,05:30:00,HP,Chennai-Pump-03,Chennai,Petrol,35.67,95.1,3392.22,Card,Car,1,3,E-CHE-5
TXN264,15-08-2024,04:41:00,IOCL,Bangalore-Pump-07,Bangalore,Diesel,32.71,87.37,2857.87,UPI,Car,1,3,E-BAN-5
TXN265,19-07-2024,14:31:00,IOCL,Mumbai-Pump-02,Mumbai,Petrol,48.19,94.69,4563.11,UPI,Car,0,2,E-MUM-2
TXN266,28-01-2025,13:59:00,HP,Bangalore-Pump-07,Bangalore,Petrol,22.27,94.99,2115.43,Card,Car,0,2,E-BAN-3
TXN267,26-02-2025,19:16:00,IOCL,Chennai-Pump-03,Chennai,Diesel,7.64,87.5,668.5,UPI,Bike,1,1,E-CHE-5
TXN268,28-05-2024,15:12:00,IOCL,Delhi-Pump-01,Delhi,Diesel,11.56,87.6,1012.66,Card,Bike,1,1,E-DEL-3
TXN269,21-08-2025,19:00:00,IOCL,Delhi-Pump-04,Delhi,Diesel,49.44,87.96,4348.74,Card,Car,1,4,E-DEL-2
TXN270,12-09-2025,08:35:00,BPCL,Delhi-Pump-01,Delhi,Diesel,18.7,87.65,1639.06,UPI,Car,1,2,E-DEL-4
TXN271,13-04-2024,14:39:00,IOCL,Chennai-Pump-03,Chennai,Diesel,9.17,87.37,801.18,Cash,Bike,0,5,E-CHE-4
TXN272,12-09-2025,04:04:00,IOCL,Mumbai-Pump-04,Mumbai,Power Petrol,38.88,99.85,3882.17,Cash,Car,0,5,E-MUM-4
TXN273,05-11-2025,03:57:00,HP,Bangalore-Pump-07,Bangalore,Petrol,34.54,95.2,3288.21,Card,Car,0,1,E-BAN-2
TXN274,27-12-2025,05:50:00,IOCL,Delhi-Pump-01,Delhi,Petrol,17.19,94.86,1630.64,UPI,Car,0,1,E-DEL-2
TXN275,22-08-2024,17:56:00,HP,Delhi-Pump-01,Delhi,Petrol,41.98,94.53,3968.37,UPI,Car,0,4,E-DEL-3
TXN276,18-09-2024,22:47:00,BPCL,Mumbai-Pump-02,Mumbai,Power Petrol,34.63,99.36,3440.84,UPI,Car,0,3,E-MUM-4
TXN277,06-08-2024,07:27:00,HP,Mumbai-Pump-04,Mumbai,Diesel,14.17,87.69,1242.57,Card,Bike,1,4,E-MUM-3
TXN278,25-05-2024,11:37:00,IOCL,Delhi-Pump-01,Delhi,Petrol,22.02,94.26,2075.61,Card,Car,0,2,E-DEL-5
TXN279,31-08-2025,11:36:00,BPCL,Delhi-Pump-01,Delhi,Diesel,14.16,88.1,1247.5,UPI,Bike,1,4,E-DEL-1
TXN280,26-02-2024,10:08:00,HP,Bangalore-Pump-07,Bangalore,Power Petrol,42.68,99.6,4250.93,Card,Car,0,1,E-BAN-4
TXN281,28-10-2024,01:43:00,IOCL,Chennai-Pump-03,Chennai,Petrol,41.6,94.36,3925.38,Cash,Car,1,1,E-CHE-1
TXN282,08-06-2025,23:43:00,IOCL,Mumbai-Pump-04,Mumbai,Diesel,25.07,87.52,2194.13,Cash,Car,1,3,E-MUM-1
TXN283,07-03-2025,21:04:00,IOCL,Delhi-Pump-04,Delhi,Petrol,9.26,94.88,878.59,UPI,Bike,0,3,E-DEL-4
TXN284,08-05-2024,14:41:00,BPCL,Chennai-Pump-03,Chennai,Diesel,19.04,87.35,1663.14,UPI,Car,0,5,E-CHE-1
TXN285,21-03-2025,18:19:00,IOCL,Chennai-Pump-05,Chennai,Petrol,43.05,94.29,4059.18,Card,Car,1,3,E-CHE-5
TXN286,03-08-2024,04:19:00,BPCL,Bangalore-Pump-07,Bangalore,Petrol,30.39,94.43,2869.73,Cash,Car,0,1,E-BAN-3
TXN287,05-07-2024,00:08:00,IOCL,Delhi-Pump-04,Delhi,Diesel,24.05,87.2,2097.16,UPI,Car,1,4,E-DEL-3
TXN288,27-09-2025,23:02:00,BPCL,Chennai-Pump-03,Chennai,Power Petrol,48.21,99.01,4773.27,UPI,Car,0,2,E-CHE-1
TXN289,06-05-2025,13:09:00,BPCL,Pune-Pump-01,Pune,Petrol,6.57,95.06,624.54,Card,Bike,0,2,E-PUN-2
TXN290,15-02-2025,01:55:00,IOCL,Bangalore-Pump-07,Bangalore,Power Petrol,8.32,99.66,829.17,Card,Bike,1,1,E-BAN-3
TXN291,06-03-2024,18:01:00,HP,Delhi-Pump-04,Delhi,Petrol,23.56,95.17,2242.21,UPI,Car,0,3,E-DEL-2
TXN292,21-05-2024,21:31:00,BPCL,Pune-Pump-01,Pune,Diesel,11.04,87.35,964.34,Card,Bike,1,3,E-PUN-2
TXN293,05-02-2025,19:30:00,IOCL,Pune-Pump-01,Pune,Petrol,12.37,94.89,1173.79,UPI,Bike,0,2,E-PUN-1
TXN294,09-04-2024,17:11:00,IOCL,Chennai-Pump-03,Chennai,Petrol,9.61,94.83,911.32,Cash,Bike,1,1,E-CHE-3
TXN295,27-12-2024,23:07:00,IOCL,Bangalore-Pump-07,Bangalore,Diesel,40.46,87.53,3541.46,UPI,Car,1,2,E-BAN-3
TXN296,01-06-2025,23:50:00,BPCL,Bangalore-Pump-07,Bangalore,Petrol,14.77,94.9,1401.67,UPI,Bike,0,3,E-BAN-3
TXN297,16-09-2025,15:09:00,IOCL,Bangalore-Pump-07,Bangalore,Diesel,48.81,87.24,4258.18,Card,Car,0,2,E-BAN-3
TXN298,06-10-2024,12:00:00,BPCL,Delhi-Pump-01,Delhi,Diesel,49.39,87.15,4304.34,Card,Car,0,4,E-DEL-1
TXN299,07-06-2024,06:07:00,BPCL,Chennai-Pump-03,Chennai,Petrol,24.57,94.52,2322.36,Cash,Car,1,1,E-CHE-5
TXN300,28-10-2024,00:40:00,IOCL,Chennai-Pump-03,Chennai,Power Petrol,12.02,99.79,1199.48,Cash,Bike,1,4,E-CHE-5
TXN301,16-02-2025,18:43:00,BPCL,Mumbai-Pump-02,Mumbai,Petrol,14.44,95.14,1373.82,Cash,Bike,0,4,E-MUM-2
TXN302,27-11-2024,09:14:00,BPCL,Delhi-Pump-01,Delhi,Power Petrol,9.43,99.43,937.62,UPI,Bike,0,5,E-DEL-2
TXN303,06-10-2024,05:08:00,BPCL,Bangalore-Pump-07,Bangalore,Diesel,49.56,87.77,4349.88,UPI,Car,1,5,E-BAN-2
TXN304,15-10-2025,14:46:00,HP,Delhi-Pump-04,Delhi,Power Petrol,32.15,99.19,3188.96,Cash,Car,0,2,E-DEL-5
TXN305,28-05-2025,22:17:00,IOCL,Chennai-Pump-03,Chennai,Petrol,22.26,94.3,2099.12,UPI,Car,0,1,E-CHE-3
TXN306,02-11-2024,18:25:00,IOCL,Bangalore-Pump-07,Bangalore,Diesel,6.53,87.25,569.74,Cash,Bike,1,2,E-BAN-2
TXN307,22-09-2025,13:04:00,BPCL,Mumbai-Pump-02,Mumbai,Power Petrol,16.56,99.95,1655.17,Card,Car,1,2,E-MUM-2
TXN308,02-06-2024,11:17:00,IOCL,Chennai-Pump-03,Chennai,Petrol,16.08,94.9,1525.99,Card,Car,1,4,E-CHE-4
TXN309,21-01-2025,07:29:00,HP,Mumbai-Pump-04,Mumbai,Diesel,6.86,87.29,598.81,Cash,Bike,0,4,E-MUM-3
TXN310,21-01-2024,03:26:00,IOCL,Delhi-Pump-04,Delhi,Diesel,42.14,87.33,3680.09,UPI,Car,0,3,E-DEL-1
TXN311,13-10-2025,15:54:00,BPCL,Pune-Pump-01,Pune,Power Petrol,14.33,99.87,1431.14,Card,Bike,0,5,E-PUN-4
TXN312,14-03-2025,18:58:00,IOCL,Chennai-Pump-05,Chennai,Power Petrol,8.58,99.03,849.68,Card,Bike,0,3,E-CHE-1
TXN313,22-04-2025,08:28:00,IOCL,Chennai-Pump-03,Chennai,Petrol,13.37,94.76,1266.94,UPI,Bike,0,3,E-CHE-2
TXN314,06-10-2025,09:28:00,BPCL,Pune-Pump-06,Pune,Petrol,14.34,94.95,1361.58,Cash,Bike,1,5,E-PUN-4
TXN315,04-05-2024,12:07:00,HP,Chennai-Pump-03,Chennai,Diesel,6.22,87.93,546.92,Cash,Bike,1,5,E-CHE-3
TXN316,29-09-2024,20:14:00,HP,Chennai-Pump-03,Chennai,Power Petrol,37.57,99.93,3754.37,Card,Car,0,1,E-CHE-5
TXN317,02-08-2024,10:53:00,IOCL,Mumbai-Pump-04,Mumbai,Power Petrol,10.36,99.17,1027.4,UPI,Bike,0,1,E-MUM-1
TXN318,22-05-2024,20:19:00,HP,Chennai-Pump-05,Chennai,Diesel,33.96,88.03,2989.5,Cash,Car,1,5,E-CHE-4
TXN319,17-01-2024,14:58:00,HP,Mumbai-Pump-04,Mumbai,Diesel,35.64,87.98,3135.61,Card,Car,1,4,E-MUM-5
TXN320,11-01-2025,00:46:00,BPCL,Mumbai-Pump-02,Mumbai,Diesel,6.56,87.79,575.9,UPI,Bike,0,3,E-MUM-2
TXN321,25-01-2025,18:04:00,IOCL,Pune-Pump-06,Pune,Power Petrol,5.17,99.01,511.88,UPI,Bike,0,4,E-PUN-4
TXN322,31-01-2024,17:16:00,HP,Mumbai-Pump-04,Mumbai,Power Petrol,7.3,99.16,723.87,Cash,Bike,1,1,E-MUM-3
TXN323,19-12-2024,17:48:00,HP,Delhi-Pump-04,Delhi,Diesel,7.27,87.34,634.96,Cash,Bike,1,3,E-DEL-3
TXN324,30-10-2024,08:28:00,BPCL,Bangalore-Pump-07,Bangalore,Petrol,33.89,95.12,3223.62,UPI,Car,1,2,E-BAN-1
TXN325,16-12-2024,17:57:00,IOCL,Delhi-Pump-01,Delhi,Diesel,16.53,88.04,1455.3,Cash,Car,0,3,E-DEL-5
TXN326,21-09-2025,10:43:00,BPCL,Bangalore-Pump-07,Bangalore,Diesel,5.74,87.15,500.24,Card,Bike,0,5,E-BAN-5
TXN327,29-01-2024,13:27:00,IOCL,Bangalore-Pump-07,Bangalore,Diesel,7.81,88.1,688.06,Cash,Bike,0,4,E-BAN-4
TXN328,22-08-2024,08:57:00,IOCL,Bangalore-Pump-07,Bangalore,Petrol,47.21,94.47,4459.93,UPI,Car,0,3,E-BAN-3
TXN329,25-09-2025,23:29:00,BPCL,Pune-Pump-01,Pune,Diesel,40.82,88.05,3594.2,Cash,Car,0,3,E-PUN-5
TXN330,18-01-2025,04:22:00,BPCL,Mumbai-Pump-02,Mumbai,Petrol,39.97,95.11,3801.55,Card,Car,1,4,E-MUM-5
TXN331,28-03-2025,22:46:00,IOCL,Delhi-Pump-04,Delhi,Power Petrol,14.88,99.64,1482.64,Cash,Bike,1,5,E-DEL-1
TXN332,18-08-2025,09:04:00,HP,Chennai-Pump-05,Chennai,Diesel,49.03,87.24,4277.38,UPI,Car,1,2,E-CHE-2
TXN333,26-02-2025,15:18:00,BPCL,Chennai-Pump-03,Chennai,Petrol,6.21,94.84,588.96,UPI,Bike,0,1,E-CHE-3
TXN334,19-06-2024,13:06:00,HP,Pune-Pump-01,Pune,Power Petrol,6.24,98.99,617.7,Card,Bike,0,4,E-PUN-3
TXN335,16-01-2025,00:17:00,BPCL,Mumbai-Pump-04,Mumbai,Power Petrol,43.32,99.26,4299.94,Cash,Car,1,2,E-MUM-1
TXN336,27-03-2024,20:43:00,IOCL,Pune-Pump-01,Pune,Power Petrol,12.11,99.69,1207.25,UPI,Bike,1,3,E-PUN-3
TXN337,31-01-2024,10:32:00,BPCL,Chennai-Pump-03,Chennai,Diesel,11.24,87.45,982.94,UPI,Bike,0,3,E-CHE-5
TXN338,21-02-2025,19:17:00,BPCL,Delhi-Pump-04,Delhi,Diesel,26.35,88.1,2321.43,UPI,Car,0,1,E-DEL-5
TXN339,09-08-2025,16:20:00,HP,Delhi-Pump-01,Delhi,Petrol,28.32,94.8,2684.74,Cash,Car,1,1,E-DEL-1
TXN340,05-03-2024,21:19:00,HP,Mumbai-Pump-02,Mumbai,Diesel,38.28,87.16,3336.48,UPI,Car,1,4,E-MUM-2
TXN341,02-07-2025,02:11:00,HP,Chennai-Pump-03,Chennai,Diesel,10.51,87.87,923.51,Card,Bike,0,3,E-CHE-1
TXN342,02-08-2025,19:52:00,BPCL,Bangalore-Pump-07,Bangalore,Power Petrol,25,99.21,2480.25,Card,Car,1,1,E-BAN-1
TXN343,18-01-2025,08:35:00,IOCL,Bangalore-Pump-07,Bangalore,Petrol,24.21,95.14,2303.34,UPI,Car,0,1,E-BAN-5
TXN344,27-05-2024,21:43:00,BPCL,Mumbai-Pump-04,Mumbai,Diesel,13.61,87.9,1196.32,Cash,Bike,0,4,E-MUM-2
TXN345,26-11-2024,04:50:00,IOCL,Pune-Pump-01,Pune,Diesel,6.87,87.46,600.85,Card,Bike,1,1,E-PUN-5
TXN346,15-12-2025,22:42:00,HP,Delhi-Pump-04,Delhi,Petrol,6.88,94.38,649.33,Card,Bike,1,5,E-DEL-3
TXN347,20-05-2025,17:47:00,HP,Pune-Pump-06,Pune,Petrol,6.97,95.05,662.5,Card,Bike,1,3,E-PUN-3
TXN348,10-03-2024,17:21:00,IOCL,Chennai-Pump-03,Chennai,Power Petrol,8.93,99.06,884.61,Cash,Bike,0,1,E-CHE-4
TXN349,08-06-2024,21:57:00,HP,Pune-Pump-01,Pune,Power Petrol,12.53,99.27,1243.85,Cash,Bike,0,3,E-PUN-2
TXN350,26-12-2025,07:04:00,HP,Bangalore-Pump-07,Bangalore,Petrol,12.37,95.02,1175.4,Card,Bike,0,1,E-BAN-2
TXN351,27-03-2024,12:19:00,IOCL,Mumbai-Pump-02,Mumbai,Power Petrol,39.4,99.76,3930.54,UPI,Car,0,5,E-MUM-1
TXN352,05-12-2025,01:13:00,IOCL,Bangalore-Pump-07,Bangalore,Diesel,30,87.86,2635.8,Cash,Car,0,4,E-BAN-2
TXN353,30-12-2025,20:37:00,HP,Bangalore-Pump-07,Bangalore,Power Petrol,11.95,98.97,1182.69,UPI,Bike,0,4,E-BAN-3
TXN354,23-01-2025,07:47:00,HP,Chennai-Pump-05,Chennai,Petrol,14.58,95,1385.1,Card,Bike,0,1,E-CHE-5
TXN355,24-06-2024,11:30:00,BPCL,Pune-Pump-01,Pune,Diesel,45.09,87.27,3935,UPI,Car,1,3,E-PUN-5
TXN356,15-11-2025,14:49:00,BPCL,Chennai-Pump-05,Chennai,Petrol,43.27,94.32,4081.23,UPI,Car,1,4,E-CHE-5
TXN357,07-02-2024,00:37:00,HP,Delhi-Pump-01,Delhi,Petrol,26.57,94.5,2510.87,Cash,Car,1,5,E-DEL-2
TXN358,09-10-2025,00:12:00,HP,Delhi-Pump-04,Delhi,Petrol,7.45,94.47,703.8,Cash,Bike,1,2,E-DEL-1
TXN359,18-05-2025,19:14:00,HP,Chennai-Pump-05,Chennai,Power Petrol,43.77,99.38,4349.86,UPI,Car,1,5,E-CHE-3
TXN360,19-05-2024,22:48:00,BPCL,Bangalore-Pump-07,Bangalore,Diesel,6.79,87.3,592.77,Card,Bike,1,2,E-BAN-5
TXN361,03-01-2025,02:57:00,BPCL,Mumbai-Pump-02,Mumbai,Petrol,5.73,94.46,541.26,UPI,Bike,0,2,E-MUM-1
TXN362,29-04-2024,00:15:00,IOCL,Mumbai-Pump-02,Mumbai,Petrol,38.97,94.58,3685.78,UPI,Car,0,3,E-MUM-2
TXN363,12-06-2024,08:37:00,BPCL,Mumbai-Pump-02,Mumbai,Diesel,7.32,87.48,640.35,UPI,Bike,1,3,E-MUM-1
TXN364,25-01-2024,13:57:00,HP,Chennai-Pump-05,Chennai,Diesel,7.51,87.36,656.07,UPI,Bike,0,4,E-CHE-1
TXN365,22-09-2024,14:22:00,HP,Mumbai-Pump-02,Mumbai,Petrol,12.49,95.17,1188.67,Cash,Bike,0,5,E-MUM-3
TXN366,07-01-2024,23:31:00,HP,Delhi-Pump-01,Delhi,Power Petrol,16.01,99.9,1599.4,Cash,Car,1,4,E-DEL-2
TXN367,27-07-2024,03:39:00,BPCL,Mumbai-Pump-02,Mumbai,Petrol,10.62,94.57,1004.33,Card,Bike,1,3,E-MUM-1
TXN368,04-04-2024,09:21:00,HP,Mumbai-Pump-04,Mumbai,Diesel,18.38,88.04,1618.18,Cash,Car,0,3,E-MUM-1
TXN369,18-01-2025,03:14:00,BPCL,Delhi-Pump-01,Delhi,Petrol,12.41,94.46,1172.25,Card,Bike,1,1,E-DEL-1
TXN370,18-04-2024,22:18:00,BPCL,Pune-Pump-06,Pune,Diesel,9.26,87.95,814.42,Card,Bike,1,5,E-PUN-2
TXN371,30-07-2025,10:07:00,IOCL,Chennai-Pump-03,Chennai,Power Petrol,30.43,99.49,3027.48,UPI,Car,0,1,E-CHE-2
TXN372,01-02-2024,07:11:00,IOCL,Chennai-Pump-05,Chennai,Petrol,6.19,95.16,589.04,UPI,Bike,0,1,E-CHE-3
TXN373,08-10-2025,04:41:00,HP,Chennai-Pump-03,Chennai,Diesel,25.29,87.34,2208.83,Cash,Car,1,5,E-CHE-1
TXN374,25-12-2024,09:23:00,HP,Mumbai-Pump-04,Mumbai,Diesel,43.22,87.2,3768.78,UPI,Car,0,3,E-MUM-4
TXN375,20-09-2024,17:12:00,BPCL,Delhi-Pump-04,Delhi,Petrol,32.13,94.75,3044.32,Card,Car,0,3,E-DEL-2
TXN376,21-02-2025,04:56:00,IOCL,Mumbai-Pump-02,Mumbai,Power Petrol,20.06,99.3,1991.96,Card,Car,0,2,E-MUM-2
TXN377,09-09-2025,17:44:00,IOCL,Pune-Pump-01,Pune,Power Petrol,5.93,99.4,589.44,UPI,Bike,0,3,E-PUN-3
TXN378,26-10-2024,20:55:00,IOCL,Pune-Pump-01,Pune,Diesel,36.32,87.36,3172.92,Cash,Car,1,1,E-PUN-5
TXN379,25-02-2024,11:28:00,IOCL,Delhi-Pump-01,Delhi,Petrol,10.74,94.45,1014.39,Card,Bike,1,5,E-DEL-1
TXN380,19-09-2025,16:00:00,IOCL,Bangalore-Pump-07,Bangalore,Power Petrol,14.78,99.72,1473.86,Cash,Bike,1,4,E-BAN-2
TXN381,02-03-2024,13:05:00,IOCL,Delhi-Pump-04,Delhi,Diesel,6.84,87.31,597.2,Card,Bike,1,1,E-DEL-3
TXN382,13-06-2024,05:21:00,HP,Chennai-Pump-03,Chennai,Diesel,9.3,87.85,817,Cash,Bike,0,5,E-CHE-2
TXN383,07-06-2025,05:49:00,BPCL,Pune-Pump-06,Pune,Power Petrol,49.73,99.43,4944.65,Cash,Car,0,2,E-PUN-4
TXN384,01-01-2025,13:24:00,HP,Delhi-Pump-01,Delhi,Diesel,13.02,87.93,1144.85,Card,Bike,1,5,E-DEL-3
TXN385,02-06-2024,03:24:00,IOCL,Bangalore-Pump-07,Bangalore,Power Petrol,13.41,99.28,1331.34,Card,Bike,0,2,E-BAN-4
TXN386,30-09-2024,02:06:00,BPCL,Pune-Pump-06,Pune,Petrol,13.85,95.05,1316.44,UPI,Bike,1,2,E-PUN-5
TXN387,12-08-2024,09:41:00,IOCL,Delhi-Pump-04,Delhi,Diesel,33.76,88.05,2972.57,UPI,Car,1,3,E-DEL-2
TXN388,13-03-2025,22:12:00,HP,Chennai-Pump-03,Chennai,Petrol,40.6,94.4,3832.64,UPI,Car,1,3,E-CHE-2
TXN389,05-02-2025,06:24:00,IOCL,Mumbai-Pump-04,Mumbai,Power Petrol,39.81,99.62,3965.87,Card,Car,0,4,E-MUM-1
TXN390,09-08-2024,12:03:00,IOCL,Chennai-Pump-05,Chennai,Petrol,40.42,95.13,3845.15,Cash,Car,0,5,E-CHE-3
TXN391,03-01-2025,16:38:00,IOCL,Chennai-Pump-05,Chennai,Power Petrol,41.35,99.33,4107.3,Cash,Car,1,3,E-CHE-5
TXN392,05-03-2025,20:12:00,BPCL,Delhi-Pump-01,Delhi,Petrol,43.01,94.23,4052.83,Card,Car,0,1,E-DEL-1
TXN393,03-06-2024,06:16:00,BPCL,Mumbai-Pump-04,Mumbai,Petrol,6.98,95.07,663.59,UPI,Bike,1,4,E-MUM-4
TXN394,15-06-2025,00:34:00,HP,Delhi-Pump-01,Delhi,Petrol,17.22,94.32,1624.19,UPI,Car,1,3,E-DEL-1
TXN395,14-12-2025,03:51:00,BPCL,Mumbai-Pump-04,Mumbai,Diesel,6.81,87.41,595.26,Cash,Bike,1,3,E-MUM-5
TXN396,11-12-2025,07:41:00,BPCL,Chennai-Pump-05,Chennai,Petrol,6.77,94.58,640.31,Card,Bike,0,2,E-CHE-3
TXN397,02-01-2024,19:50:00,BPCL,Pune-Pump-01,Pune,Power Petrol,13.22,99.34,1313.27,Cash,Bike,0,1,E-PUN-1
TXN398,27-02-2024,23:58:00,HP,Pune-Pump-01,Pune,Power Petrol,41.27,98.97,4084.49,Cash,Car,0,4,E-PUN-5
TXN399,29-01-2025,02:42:00,BPCL,Mumbai-Pump-04,Mumbai,Petrol,6.35,94.24,598.42,Card,Bike,0,1,E-MUM-5
TXN400,12-10-2024,18:22:00,IOCL,Bangalore-Pump-07,Bangalore,Power Petrol,8.47,99.13,839.63,UPI,Bike,0,3,E-BAN-4
TXN401,15-10-2024,03:42:00,IOCL,Mumbai-Pump-02,Mumbai,Petrol,13.03,94.68,1233.68,Card,Bike,1,3,E-MUM-1
TXN402,05-07-2024,13:41:00,HP,Pune-Pump-01,Pune,Power Petrol,43.39,99.15,4302.12,Card,Car,0,4,E-PUN-2
TXN403,29-05-2024,22:36:00,IOCL,Mumbai-Pump-02,Mumbai,Petrol,15.09,95.12,1435.36,Card,Car,1,4,E-MUM-3
TXN404,26-01-2025,18:46:00,HP,Pune-Pump-01,Pune,Diesel,8.13,87.69,712.92,Card,Bike,0,5,E-PUN-1
TXN405,20-08-2024,01:21:00,HP,Delhi-Pump-01,Delhi,Petrol,44.84,95.05,4262.04,Card,Car,0,5,E-DEL-5
TXN406,05-04-2024,02:30:00,HP,Delhi-Pump-04,Delhi,Power Petrol,5.32,99.26,528.06,UPI,Bike,1,3,E-DEL-1
TXN407,23-07-2025,21:55:00,IOCL,Mumbai-Pump-04,Mumbai,Diesel,34.33,87.26,2995.64,Card,Car,1,1,E-MUM-3
TXN408,07-07-2025,19:43:00,BPCL,Pune-Pump-06,Pune,Power Petrol,13.56,99.06,1343.25,UPI,Bike,1,4,E-PUN-5
TXN409,31-05-2025,06:54:00,HP,Mumbai-Pump-02,Mumbai,Power Petrol,8.67,99.72,864.57,Cash,Bike,0,1,E-MUM-4
TXN410,04-03-2025,11:24:00,HP,Pune-Pump-06,Pune,Power Petrol,37.61,99.16,3729.41,UPI,Car,0,1,E-PUN-5
TXN411,18-06-2025,11:36:00,BPCL,Pune-Pump-06,Pune,Petrol,18.44,95.13,1754.2,UPI,Car,1,2,E-PUN-1
TXN412,08-05-2024,14:49:00,BPCL,Chennai-Pump-05,Chennai,Power Petrol,42.58,99.53,4237.99,UPI,Car,1,1,E-CHE-2
TXN413,29-09-2024,17:01:00,IOCL,Pune-Pump-01,Pune,Power Petrol,8.24,99.49,819.8,Card,Bike,0,2,E-PUN-5
TXN414,14-07-2025,22:59:00,HP,Chennai-Pump-05,Chennai,Petrol,16.79,94.51,1586.82,Card,Car,1,3,E-CHE-4
TXN415,19-07-2024,14:22:00,IOCL,Chennai-Pump-03,Chennai,Diesel,9.09,87.57,796.01,Cash,Bike,1,4,E-CHE-5
TXN416,24-03-2024,05:10:00,BPCL,Mumbai-Pump-02,Mumbai,Petrol,46.31,94.67,4384.17,UPI,Car,1,1,E-MUM-3
TXN417,22-12-2025,14:02:00,IOCL,Mumbai-Pump-04,Mumbai,Diesel,10.82,87.45,946.21,Card,Bike,0,1,E-MUM-3
TXN418,16-10-2025,23:44:00,HP,Chennai-Pump-03,Chennai,Diesel,36.04,87.59,3156.74,UPI,Car,0,4,E-CHE-1
TXN419,02-07-2024,02:06:00,BPCL,Mumbai-Pump-02,Mumbai,Diesel,27.27,87.75,2392.94,Cash,Car,1,3,E-MUM-5
TXN420,28-12-2024,04:19:00,IOCL,Chennai-Pump-03,Chennai,Power Petrol,31.48,99.25,3124.39,Cash,Car,1,5,E-CHE-3
TXN421,23-12-2024,21:56:00,HP,Pune-Pump-06,Pune,Power Petrol,9.64,99.81,962.17,UPI,Bike,1,4,E-PUN-3
TXN422,12-05-2025,19:10:00,BPCL,Bangalore-Pump-07,Bangalore,Petrol,36.2,94.89,3435.02,UPI,Car,0,5,E-BAN-2
TXN423,27-04-2024,06:34:00,HP,Bangalore-Pump-07,Bangalore,Petrol,12.86,95.08,1222.73,UPI,Bike,1,4,E-BAN-2
TXN424,27-10-2024,21:51:00,HP,Delhi-Pump-04,Delhi,Power Petrol,12.15,99.74,1211.84,UPI,Bike,1,5,E-DEL-3
TXN425,26-04-2024,14:34:00,BPCL,Delhi-Pump-04,Delhi,Diesel,37.36,88.08,3290.67,Cash,Car,1,5,E-DEL-2
TXN426,04-05-2024,22:19:00,HP,Pune-Pump-01,Pune,Power Petrol,28.96,99.26,2874.57,UPI,Car,1,2,E-PUN-3
TXN427,30-07-2025,00:25:00,BPCL,Delhi-Pump-04,Delhi,Petrol,37.6,94.69,3560.34,Card,Car,1,2,E-DEL-2
TXN428,07-04-2025,19:09:00,HP,Chennai-Pump-05,Chennai,Diesel,7.87,87.91,691.85,Card,Bike,0,5,E-CHE-2
TXN429,23-10-2024,08:50:00,BPCL,Mumbai-Pump-04,Mumbai,Diesel,44.66,87.39,3902.84,Cash,Car,0,3,E-MUM-5
TXN430,02-10-2024,17:09:00,BPCL,Pune-Pump-01,Pune,Diesel,25.84,88.01,2274.18,UPI,Car,1,3,E-PUN-5
TXN431,26-04-2024,12:51:00,BPCL,Chennai-Pump-05,Chennai,Diesel,34.74,87.73,3047.74,Cash,Car,1,3,E-CHE-1
TXN432,17-07-2025,08:59:00,HP,Pune-Pump-01,Pune,Diesel,36.52,87.57,3198.06,Cash,Car,0,5,E-PUN-2
TXN433,23-08-2025,00:37:00,BPCL,Chennai-Pump-03,Chennai,Power Petrol,13.49,99.27,1339.15,Card,Bike,1,4,E-CHE-1
TXN434,11-06-2024,07:13:00,HP,Mumbai-Pump-02,Mumbai,Diesel,20.4,87.26,1780.1,Card,Car,1,1,E-MUM-3
TXN435,28-06-2024,17:56:00,BPCL,Chennai-Pump-03,Chennai,Diesel,17.57,87.37,1535.09,Card,Car,0,1,E-CHE-2
TXN436,06-02-2024,18:33:00,IOCL,Delhi-Pump-01,Delhi,Power Petrol,41.42,99.69,4129.16,Card,Car,0,4,E-DEL-2
TXN437,19-05-2024,07:50:00,HP,Chennai-Pump-05,Chennai,Power Petrol,25.55,99.8,2549.89,UPI,Car,1,1,E-CHE-2
TXN438,20-11-2025,16:54:00,IOCL,Pune-Pump-01,Pune,Power Petrol,43.25,99.66,4310.3,UPI,Car,0,5,E-PUN-4
TXN439,04-12-2024,05:56:00,HP,Mumbai-Pump-04,Mumbai,Diesel,27.41,88.07,2414,Card,Car,0,5,E-MUM-3
TXN440,15-11-2024,11:34:00,HP,Pune-Pump-06,Pune,Diesel,41.47,87.77,3639.82,UPI,Car,1,2,E-PUN-1
TXN441,19-09-2024,08:50:00,HP,Bangalore-Pump-07,Bangalore,Power Petrol,20.56,99.58,2047.36,UPI,Car,0,5,E-BAN-2
TXN442,20-04-2025,07:39:00,IOCL,Pune-Pump-06,Pune,Petrol,30.73,94.68,2909.52,Cash,Car,0,3,E-PUN-3
TXN443,04-12-2024,15:45:00,BPCL,Mumbai-Pump-04,Mumbai,Diesel,5.55,87.55,485.9,Cash,Bike,1,2,E-MUM-4
TXN444,06-05-2025,16:16:00,IOCL,Chennai-Pump-05,Chennai,Power Petrol,11.77,99.6,1172.29,Cash,Bike,1,1,E-CHE-5
TXN445,09-02-2025,04:50:00,BPCL,Chennai-Pump-03,Chennai,Petrol,10.93,95.18,1040.32,Cash,Bike,1,1,E-CHE-1
TXN446,11-08-2024,01:53:00,BPCL,Pune-Pump-01,Pune,Diesel,19.06,87.4,1665.84,UPI,Car,0,1,E-PUN-2
TXN447,02-03-2024,19:43:00,BPCL,Pune-Pump-06,Pune,Petrol,44.6,94.72,4224.51,Card,Car,1,1,E-PUN-2
TXN448,22-05-2024,19:40:00,BPCL,Chennai-Pump-03,Chennai,Diesel,10.73,87.38,937.59,UPI,Bike,1,2,E-CHE-5
TXN449,12-07-2024,23:04:00,BPCL,Pune-Pump-01,Pune,Diesel,14.13,87.48,1236.09,Cash,Bike,0,5,E-PUN-5
TXN450,21-01-2024,12:57:00,BPCL,Delhi-Pump-04,Delhi,Diesel,14.46,87.21,1261.06,Cash,Bike,0,1,E-DEL-4
TXN451,15-07-2024,00:56:00,IOCL,Chennai-Pump-05,Chennai,Petrol,10.79,94.65,1021.27,Cash,Bike,1,2,E-CHE-2
TXN452,04-10-2024,23:47:00,HP,Bangalore-Pump-07,Bangalore,Petrol,21.89,94.82,2075.61,UPI,Car,1,5,E-BAN-5
TXN453,08-02-2024,22:03:00,IOCL,Mumbai-Pump-04,Mumbai,Diesel,39.64,88.12,3493.08,Cash,Car,0,3,E-MUM-4
TXN454,11-09-2025,14:35:00,HP,Delhi-Pump-01,Delhi,Power Petrol,12.52,99.77,1249.12,UPI,Bike,0,3,E-DEL-1
TXN455,16-04-2025,21:19:00,IOCL,Delhi-Pump-04,Delhi,Diesel,22.34,87.12,1946.26,Cash,Car,1,3,E-DEL-3
TXN456,12-09-2025,15:26:00,HP,Pune-Pump-01,Pune,Petrol,9.95,94.42,939.48,Cash,Bike,1,5,E-PUN-1
TXN457,06-06-2025,07:27:00,HP,Bangalore-Pump-07,Bangalore,Diesel,18.33,88.07,1614.32,Cash,Car,0,5,E-BAN-2
TXN458,31-08-2024,03:41:00,BPCL,Chennai-Pump-03,Chennai,Diesel,8.06,87.63,706.3,Card,Bike,0,3,E-CHE-4
TXN459,24-08-2025,06:50:00,HP,Mumbai-Pump-04,Mumbai,Diesel,5.09,87.82,447,Cash,Bike,0,4,E-MUM-3
TXN460,16-06-2025,19:02:00,BPCL,Delhi-Pump-01,Delhi,Diesel,39.51,87.67,3463.84,Card,Car,1,4,E-DEL-4
TXN461,30-06-2025,21:22:00,BPCL,Delhi-Pump-04,Delhi,Power Petrol,43.18,99.15,4281.3,UPI,Car,0,4,E-DEL-1
TXN462,23-09-2025,03:24:00,HP,Delhi-Pump-04,Delhi,Power Petrol,5.53,99.74,551.56,Card,Bike,1,3,E-DEL-2
TXN463,29-09-2025,03:55:00,BPCL,Chennai-Pump-03,Chennai,Power Petrol,14.46,99.63,1440.65,Card,Bike,1,1,E-CHE-4
TXN464,29-10-2025,17:58:00,IOCL,Bangalore-Pump-07,Bangalore,Diesel,12.14,87.16,1058.12,UPI,Bike,1,2,E-BAN-2
TXN465,21-08-2025,23:30:00,BPCL,Pune-Pump-06,Pune,Power Petrol,41.29,99.29,4099.68,Card,Car,0,2,E-PUN-2
TXN466,30-12-2025,22:08:00,IOCL,Bangalore-Pump-07,Bangalore,Power Petrol,44.44,99.64,4428,Cash,Car,1,2,E-BAN-2
TXN467,24-03-2025,16:29:00,HP,Delhi-Pump-04,Delhi,Diesel,8.92,88.05,785.41,Card,Bike,0,2,E-DEL-1
TXN468,02-02-2024,07:58:00,BPCL,Delhi-Pump-01,Delhi,Petrol,13.4,94.47,1265.9,Card,Bike,0,3,E-DEL-4
TXN469,19-07-2024,13:03:00,BPCL,Chennai-Pump-05,Chennai,Diesel,44.62,87.3,3895.33,Card,Car,0,1,E-CHE-1
TXN470,12-04-2024,19:05:00,BPCL,Bangalore-Pump-07,Bangalore,Diesel,5.64,87.64,494.29,Cash,Bike,1,1,E-BAN-1
TXN471,23-11-2025,10:57:00,BPCL,Bangalore-Pump-07,Bangalore,Petrol,25.97,94.8,2461.96,Cash,Car,1,1,E-BAN-4
TXN472,02-07-2024,08:02:00,HP,Pune-Pump-01,Pune,Petrol,22.66,94.24,2135.48,Card,Car,1,5,E-PUN-4
TXN473,03-10-2025,08:16:00,IOCL,Bangalore-Pump-07,Bangalore,Petrol,13.16,94.23,1240.07,UPI,Bike,0,3,E-BAN-5
TXN474,24-07-2025,06:52:00,IOCL,Mumbai-Pump-02,Mumbai,Power Petrol,12.4,99.42,1232.81,Cash,Bike,0,5,E-MUM-5
TXN475,30-12-2025,11:50:00,HP,Pune-Pump-06,Pune,Diesel,5.58,87.51,488.31,Card,Bike,1,4,E-PUN-5
TXN476,06-09-2025,05:52:00,IOCL,Delhi-Pump-04,Delhi,Power Petrol,10.93,98.97,1081.74,Card,Bike,1,4,E-DEL-1
TXN477,21-06-2025,23:17:00,BPCL,Bangalore-Pump-07,Bangalore,Petrol,37.91,94.45,3580.6,Card,Car,0,4,E-BAN-4
TXN478,23-07-2024,02:14:00,BPCL,Delhi-Pump-04,Delhi,Power Petrol,33.54,99.39,3333.54,UPI,Car,0,1,E-DEL-5
TXN479,26-09-2024,21:21:00,BPCL,Pune-Pump-06,Pune,Diesel,18.6,88.11,1638.85,Card,Car,0,5,E-PUN-4
TXN480,21-03-2025,10:08:00,IOCL,Pune-Pump-06,Pune,Diesel,8.83,87.54,772.98,Cash,Bike,1,1,E-PUN-1
TXN481,30-04-2024,10:02:00,HP,Pune-Pump-01,Pune,Petrol,23.63,94.79,2239.89,Card,Car,1,5,E-PUN-2
TXN482,16-09-2024,08:19:00,HP,Mumbai-Pump-02,Mumbai,Diesel,42.99,87.57,3764.63,Cash,Car,0,5,E-MUM-1
TXN483,19-04-2025,20:40:00,BPCL,Delhi-Pump-04,Delhi,Petrol,38.56,94.64,3649.32,UPI,Car,0,1,E-DEL-3
TXN484,13-05-2025,15:02:00,IOCL,Pune-Pump-06,Pune,Power Petrol,43.68,99.66,4353.15,Cash,Car,0,3,E-PUN-1
TXN485,09-02-2024,08:31:00,IOCL,Chennai-Pump-05,Chennai,Power Petrol,10.28,99.01,1017.82,Card,Bike,0,1,E-CHE-4
TXN486,07-12-2025,13:03:00,IOCL,Chennai-Pump-03,Chennai,Petrol,39.03,94.36,3682.87,Card,Car,0,5,E-CHE-1
TXN487,24-07-2024,19:41:00,HP,Bangalore-Pump-07,Bangalore,Power Petrol,24.32,99.32,2415.46,Card,Car,0,5,E-BAN-1
TXN488,05-03-2025,11:24:00,BPCL,Chennai-Pump-03,Chennai,Petrol,12.15,94.76,1151.33,Card,Bike,0,3,E-CHE-4
TXN489,29-08-2025,21:36:00,IOCL,Mumbai-Pump-02,Mumbai,Diesel,34.12,87.58,2988.23,UPI,Car,1,5,E-MUM-2
TXN490,06-07-2024,04:14:00,IOCL,Chennai-Pump-03,Chennai,Petrol,29.35,94.96,2787.08,Cash,Car,1,3,E-CHE-1
TXN491,11-01-2024,00:26:00,BPCL,Bangalore-Pump-07,Bangalore,Diesel,37.91,87.63,3322.05,UPI,Car,1,5,E-BAN-2
TXN492,14-09-2024,03:22:00,HP,Bangalore-Pump-07,Bangalore,Petrol,16.2,94.66,1533.49,Card,Car,1,3,E-BAN-2
TXN493,07-11-2024,17:09:00,IOCL,Mumbai-Pump-04,Mumbai,Diesel,45.11,87.26,3936.3,UPI,Car,1,1,E-MUM-4
TXN494,24-12-2024,08:23:00,HP,Mumbai-Pump-04,Mumbai,Power Petrol,25.13,99.08,2489.88,UPI,Car,1,5,E-MUM-4
TXN495,10-05-2024,12:45:00,IOCL,Delhi-Pump-04,Delhi,Power Petrol,6.16,99.4,612.3,Card,Bike,0,3,E-DEL-3
TXN496,14-03-2024,08:49:00,IOCL,Delhi-Pump-04,Delhi,Petrol,19.44,94.34,1833.97,Card,Car,0,2,E-DEL-5
TXN497,28-12-2025,03:35:00,IOCL,Chennai-Pump-05,Chennai,Petrol,31.82,94.92,3020.35,Card,Car,0,2,E-CHE-4
TXN498,05-02-2024,10:24:00,IOCL,Bangalore-Pump-07,Bangalore,Diesel,8.5,87.61,744.68,Cash,Bike,0,3,E-BAN-3
TXN499,16-08-2025,22:58:00,BPCL,Chennai-Pump-03,Chennai,Petrol,12.01,94.54,1135.43,Cash,Bike,0,3,E-CHE-3
TXN500,19-05-2024,05:16:00,BPCL,Bangalore-Pump-07,Bangalore,Diesel,38.07,87.34,3325.03,UPI,Car,1,3,E-BAN-3
TXN501,18-06-2024,10:36:00,BPCL,Delhi-Pump-04,Delhi,Diesel,9.22,87.66,808.23,Card,Bike,1,1,E-DEL-4
TXN502,17-02-2024,16:59:00,BPCL,Delhi-Pump-01,Delhi,Diesel,11.38,87.87,999.96,UPI,Bike,1,4,E-DEL-3
TXN503,19-11-2024,15:24:00,BPCL,Mumbai-Pump-02,Mumbai,Power Petrol,43.61,99.24,4327.86,Cash,Car,0,4,E-MUM-2
TXN504,13-04-2024,20:23:00,BPCL,Pune-Pump-06,Pune,Petrol,23.58,94.69,2232.79,UPI,Car,1,4,E-PUN-2
TXN505,30-09-2025,23:06:00,IOCL,Pune-Pump-06,Pune,Power Petrol,5.52,99.82,551.01,UPI,Bike,0,5,E-PUN-2
TXN506,19-11-2024,05:06:00,HP,Mumbai-Pump-04,Mumbai,Petrol,11.09,94.66,1049.78,UPI,Bike,1,3,E-MUM-4
TXN507,19-07-2024,11:24:00,BPCL,Pune-Pump-06,Pune,Diesel,28.19,87.36,2462.68,Cash,Car,1,2,E-PUN-1
TXN508,21-06-2024,03:53:00,HP,Delhi-Pump-04,Delhi,Petrol,46.21,94.75,4378.4,Cash,Car,1,5,E-DEL-5
TXN509,30-04-2024,09:17:00,BPCL,Chennai-Pump-03,Chennai,Power Petrol,5,99.25,496.25,Card,Bike,1,4,E-CHE-2
TXN510,18-08-2025,03:29:00,HP,Delhi-Pump-01,Delhi,Power Petrol,7.98,99.23,791.86,Cash,Bike,1,2,E-DEL-5
TXN511,14-07-2024,23:48:00,BPCL,Chennai-Pump-03,Chennai,Petrol,30.47,95.18,2900.13,UPI,Car,0,1,E-CHE-1
TXN512,13-12-2024,01:00:00,HP,Chennai-Pump-03,Chennai,Petrol,42.66,94.71,4040.33,Cash,Car,1,4,E-CHE-1
TXN513,29-04-2025,20:40:00,BPCL,Delhi-Pump-04,Delhi,Petrol,28.73,95.16,2733.95,UPI,Car,1,4,E-DEL-5
TXN514,11-06-2025,00:44:00,IOCL,Chennai-Pump-03,Chennai,Petrol,18.68,95.07,1775.91,UPI,Car,0,3,E-CHE-1
TXN515,07-03-2025,09:12:00,BPCL,Chennai-Pump-05,Chennai,Power Petrol,30.95,99.1,3067.14,Cash,Car,1,3,E-CHE-4
TXN516,11-11-2025,12:48:00,HP,Mumbai-Pump-02,Mumbai,Power Petrol,23.59,99.42,2345.32,Card,Car,1,3,E-MUM-5
TXN517,12-06-2024,02:34:00,BPCL,Mumbai-Pump-04,Mumbai,Power Petrol,10.7,99.79,1067.75,Card,Bike,0,4,E-MUM-3
TXN518,15-07-2024,20:06:00,HP,Pune-Pump-01,Pune,Power Petrol,16.33,99.95,1632.18,Cash,Car,1,5,E-PUN-3
TXN519,30-01-2024,13:55:00,IOCL,Mumbai-Pump-02,Mumbai,Diesel,9.77,87.72,857.02,Card,Bike,0,1,E-MUM-5
TXN520,11-06-2025,09:36:00,BPCL,Bangalore-Pump-07,Bangalore,Petrol,16.97,94.93,1610.96,UPI,Car,1,5,E-BAN-3
TXN521,17-02-2025,16:13:00,IOCL,Pune-Pump-06,Pune,Petrol,19.53,94.78,1851.05,Cash,Car,1,1,E-PUN-3
TXN522,27-09-2024,10:04:00,IOCL,Pune-Pump-06,Pune,Diesel,12.55,87.47,1097.75,UPI,Bike,0,4,E-PUN-1
TXN523,01-12-2024,03:39:00,BPCL,Chennai-Pump-03,Chennai,Petrol,47.63,94.85,4517.71,Card,Car,0,5,E-CHE-5
TXN524,01-10-2025,01:48:00,HP,Mumbai-Pump-04,Mumbai,Power Petrol,7.02,99.45,698.14,UPI,Bike,1,5,E-MUM-2
TXN525,19-03-2024,06:03:00,HP,Pune-Pump-06,Pune,Petrol,14.06,94.39,1327.12,Cash,Bike,1,1,E-PUN-3
TXN526,16-05-2025,23:15:00,BPCL,Mumbai-Pump-04,Mumbai,Power Petrol,12.91,99.48,1284.29,Cash,Bike,0,2,E-MUM-2
TXN527,07-01-2024,09:38:00,HP,Pune-Pump-06,Pune,Power Petrol,21.56,99.06,2135.73,Cash,Car,0,3,E-PUN-1
TXN528,16-04-2024,03:21:00,HP,Bangalore-Pump-07,Bangalore,Petrol,30.81,94.64,2915.86,Cash,Car,1,2,E-BAN-1
TXN529,07-11-2025,21:21:00,IOCL,Delhi-Pump-01,Delhi,Power Petrol,37.45,99.63,3731.14,Card,Car,1,1,E-DEL-5
TXN530,21-04-2024,20:22:00,HP,Mumbai-Pump-02,Mumbai,Petrol,6.63,94.54,626.8,Cash,Bike,0,1,E-MUM-4
TXN531,04-09-2025,05:57:00,IOCL,Mumbai-Pump-04,Mumbai,Petrol,6.02,95.08,572.38,Cash,Bike,0,3,E-MUM-2
TXN532,18-08-2024,09:48:00,HP,Delhi-Pump-01,Delhi,Diesel,10.52,87.78,923.45,Card,Bike,0,4,E-DEL-4
TXN533,18-03-2025,18:14:00,BPCL,Mumbai-Pump-02,Mumbai,Petrol,12.73,94.68,1205.28,Card,Bike,0,4,E-MUM-2
TXN534,05-06-2025,13:53:00,IOCL,Pune-Pump-01,Pune,Petrol,35.49,94.84,3365.87,UPI,Car,1,2,E-PUN-2
TXN535,26-07-2024,05:38:00,IOCL,Delhi-Pump-04,Delhi,Diesel,28.73,87.17,2504.39,Card,Car,1,1,E-DEL-4
TXN536,09-08-2024,18:43:00,BPCL,Mumbai-Pump-04,Mumbai,Petrol,34.78,94.75,3295.41,UPI,Car,1,2,E-MUM-1
TXN537,19-10-2024,01:20:00,HP,Mumbai-Pump-04,Mumbai,Power Petrol,43.99,99.66,4384.04,Card,Car,1,2,E-MUM-4
TXN538,13-02-2024,09:01:00,BPCL,Delhi-Pump-04,Delhi,Petrol,39.63,94.37,3739.88,Cash,Car,1,4,E-DEL-4
TXN539,27-06-2025,07:02:00,HP,Delhi-Pump-01,Delhi,Diesel,6.78,87.99,596.57,Cash,Bike,0,3,E-DEL-2
TXN540,04-10-2024,13:52:00,IOCL,Mumbai-Pump-04,Mumbai,Diesel,27.72,87.8,2433.82,Card,Car,1,5,E-MUM-3
TXN541,18-07-2025,23:31:00,HP,Pune-Pump-06,Pune,Petrol,9.32,94.33,879.16,Cash,Bike,0,1,E-PUN-2
TXN542,31-05-2025,05:48:00,BPCL,Delhi-Pump-04,Delhi,Power Petrol,6.79,99.64,676.56,Card,Bike,0,2,E-DEL-5
TXN543,28-03-2024,09:33:00,HP,Chennai-Pump-05,Chennai,Petrol,47.54,94.7,4502.04,Cash,Car,1,2,E-CHE-5
TXN544,13-02-2025,04:06:00,BPCL,Mumbai-Pump-04,Mumbai,Power Petrol,12.42,99,1229.58,Card,Bike,1,1,E-MUM-5
TXN545,27-02-2025,06:10:00,IOCL,Mumbai-Pump-02,Mumbai,Petrol,49.84,95.08,4738.79,Cash,Car,1,2,E-MUM-2
TXN546,12-06-2024,18:57:00,IOCL,Mumbai-Pump-04,Mumbai,Petrol,12.86,94.42,1214.24,Cash,Bike,1,3,E-MUM-5
TXN547,13-10-2025,16:05:00,HP,Chennai-Pump-05,Chennai,Petrol,41.06,94.42,3876.89,UPI,Car,0,2,E-CHE-5
TXN548,01-10-2025,23:48:00,HP,Pune-Pump-06,Pune,Power Petrol,7.79,99.57,775.65,Card,Bike,1,4,E-PUN-2
TXN549,14-07-2025,08:38:00,HP,Pune-Pump-01,Pune,Power Petrol,18.01,99.89,1799.02,Cash,Car,1,1,E-PUN-5
TXN550,06-06-2024,02:46:00,BPCL,Chennai-Pump-05,Chennai,Diesel,16.41,87.22,1431.28,Cash,Car,0,5,E-CHE-5
TXN551,27-11-2024,21:32:00,BPCL,Delhi-Pump-01,Delhi,Diesel,31.86,87.17,2777.24,UPI,Car,0,1,E-DEL-2
TXN552,09-08-2025,20:10:00,BPCL,Pune-Pump-01,Pune,Power Petrol,34.9,99.18,3461.38,Cash,Car,0,5,E-PUN-4
TXN553,28-05-2024,01:34:00,HP,Bangalore-Pump-07,Bangalore,Petrol,32.31,95.09,3072.36,Cash,Car,0,5,E-BAN-3
TXN554,25-02-2025,17:15:00,IOCL,Mumbai-Pump-04,Mumbai,Power Petrol,33.95,99.32,3371.91,Cash,Car,1,5,E-MUM-5
TXN555,21-08-2025,17:06:00,HP,Chennai-Pump-05,Chennai,Petrol,9.7,94.97,921.21,UPI,Bike,1,3,E-CHE-5
TXN556,14-04-2024,05:51:00,BPCL,Chennai-Pump-03,Chennai,Power Petrol,5.22,99.85,521.22,Cash,Bike,1,1,E-CHE-5
TXN557,18-03-2025,15:38:00,IOCL,Chennai-Pump-05,Chennai,Diesel,16.89,87.43,1476.69,Card,Car,0,3,E-CHE-3
TXN558,17-02-2024,18:14:00,IOCL,Chennai-Pump-05,Chennai,Diesel,27.38,87.21,2387.81,UPI,Car,0,2,E-CHE-2
TXN559,15-07-2025,09:14:00,BPCL,Pune-Pump-01,Pune,Diesel,5.28,87.72,463.16,Card,Bike,1,5,E-PUN-4
TXN560,07-11-2024,05:55:00,IOCL,Pune-Pump-06,Pune,Diesel,15.96,87.26,1392.67,UPI,Car,0,4,E-PUN-4
TXN561,06-01-2024,00:41:00,BPCL,Pune-Pump-01,Pune,Diesel,17.51,87.55,1533,UPI,Car,0,2,E-PUN-3
TXN562,05-06-2025,19:58:00,IOCL,Mumbai-Pump-04,Mumbai,Petrol,14.34,94.67,1357.57,Card,Bike,0,1,E-MUM-4
TXN563,21-07-2025,23:42:00,BPCL,Delhi-Pump-04,Delhi,Power Petrol,5.66,99.6,563.74,Cash,Bike,0,2,E-DEL-3
TXN564,02-12-2024,13:20:00,IOCL,Mumbai-Pump-02,Mumbai,Power Petrol,11.86,99.52,1180.31,Cash,Bike,1,2,E-MUM-2
TXN565,13-02-2025,23:39:00,IOCL,Mumbai-Pump-02,Mumbai,Petrol,41.38,94.45,3908.34,Cash,Car,1,4,E-MUM-2
TXN566,01-07-2024,19:27:00,HP,Delhi-Pump-01,Delhi,Petrol,7.74,94.41,730.73,Cash,Bike,1,1,E-DEL-4
TXN567,09-10-2024,04:59:00,HP,Mumbai-Pump-04,Mumbai,Petrol,20.51,94.94,1947.22,Card,Car,0,2,E-MUM-2
TXN568,20-10-2025,01:17:00,HP,Delhi-Pump-01,Delhi,Diesel,41.44,87.36,3620.2,UPI,Car,1,4,E-DEL-5
TXN569,21-01-2025,12:19:00,BPCL,Chennai-Pump-03,Chennai,Petrol,32.64,94.57,3086.76,Cash,Car,1,5,E-CHE-5
TXN570,14-12-2025,03:13:00,BPCL,Mumbai-Pump-02,Mumbai,Power Petrol,6.4,99.9,639.36,UPI,Bike,0,4,E-MUM-3
TXN571,22-02-2025,22:56:00,IOCL,Mumbai-Pump-04,Mumbai,Power Petrol,11.67,99.72,1163.73,Card,Bike,1,2,E-MUM-4
TXN572,27-01-2025,16:45:00,BPCL,Mumbai-Pump-02,Mumbai,Diesel,16.8,87.69,1473.19,Card,Car,1,4,E-MUM-2
TXN573,03-05-2024,20:55:00,HP,Pune-Pump-06,Pune,Petrol,38.07,94.54,3599.14,Cash,Car,1,5,E-PUN-2
TXN574,24-11-2025,04:37:00,HP,Chennai-Pump-05,Chennai,Petrol,13.08,94.76,1239.46,Cash,Bike,1,1,E-CHE-2
TXN575,24-06-2025,05:07:00,HP,Pune-Pump-01,Pune,Power Petrol,5.2,99.45,517.14,Cash,Bike,1,4,E-PUN-3
TXN576,10-03-2024,18:24:00,HP,Mumbai-Pump-02,Mumbai,Power Petrol,9.62,99.59,958.06,UPI,Bike,0,3,E-MUM-3
TXN577,11-03-2025,22:24:00,BPCL,Bangalore-Pump-07,Bangalore,Petrol,23.76,94.49,2245.08,Card,Car,0,1,E-BAN-3
TXN578,28-02-2025,10:56:00,BPCL,Delhi-Pump-01,Delhi,Petrol,9.22,95.17,877.47,Card,Bike,0,3,E-DEL-2
TXN579,03-05-2024,19:44:00,BPCL,Bangalore-Pump-07,Bangalore,Power Petrol,30.03,99.76,2995.79,Card,Car,0,1,E-BAN-1
TXN580,28-01-2025,00:20:00,HP,Chennai-Pump-05,Chennai,Diesel,5.77,87.15,502.86,UPI,Bike,1,4,E-CHE-1
TXN581,17-12-2025,03:14:00,IOCL,Bangalore-Pump-07,Bangalore,Petrol,39.95,94.75,3785.26,UPI,Car,1,5,E-BAN-5
TXN582,10-02-2025,06:56:00,HP,Chennai-Pump-03,Chennai,Diesel,8.9,87.96,782.84,Cash,Bike,0,2,E-CHE-4
TXN583,17-01-2025,21:12:00,BPCL,Delhi-Pump-01,Delhi,Petrol,22.23,94.61,2103.18,Cash,Car,0,5,E-DEL-1
TXN584,19-02-2024,09:25:00,IOCL,Delhi-Pump-01,Delhi,Petrol,9.8,95.1,931.98,Cash,Bike,0,1,E-DEL-2
TXN585,19-09-2025,20:26:00,BPCL,Chennai-Pump-03,Chennai,Diesel,30.3,87.7,2657.31,Card,Car,1,1,E-CHE-4
TXN586,04-07-2025,21:01:00,IOCL,Pune-Pump-01,Pune,Petrol,12.61,94.41,1190.51,Cash,Bike,1,3,E-PUN-3
TXN587,28-03-2024,05:11:00,BPCL,Pune-Pump-01,Pune,Diesel,5.58,87.27,486.97,UPI,Bike,1,2,E-PUN-3
TXN588,05-12-2025,16:56:00,HP,Mumbai-Pump-02,Mumbai,Petrol,45.13,94.59,4268.85,UPI,Car,1,4,E-MUM-1
TXN589,12-06-2025,12:42:00,IOCL,Pune-Pump-06,Pune,Power Petrol,27.72,99.46,2757.03,Card,Car,1,2,E-PUN-3
TXN590,24-03-2025,11:56:00,IOCL,Chennai-Pump-03,Chennai,Petrol,14.06,95.14,1337.67,Cash,Bike,0,2,E-CHE-5
TXN591,12-05-2025,18:15:00,HP,Pune-Pump-01,Pune,Diesel,28.5,87.77,2501.44,Cash,Car,1,3,E-PUN-5
TXN592,15-05-2024,12:36:00,BPCL,Chennai-Pump-03,Chennai,Power Petrol,9.98,99.61,994.11,Card,Bike,1,4,E-CHE-2
TXN593,13-06-2024,02:16:00,IOCL,Bangalore-Pump-07,Bangalore,Power Petrol,11,98.96,1088.56,Card,Bike,1,3,E-BAN-1
TXN594,28-12-2024,09:44:00,BPCL,Chennai-Pump-03,Chennai,Petrol,28.26,94.41,2668.03,Card,Car,1,3,E-CHE-5
TXN595,20-02-2024,09:48:00,BPCL,Chennai-Pump-05,Chennai,Power Petrol,8.5,99.29,843.97,Cash,Bike,1,4,E-CHE-2
TXN596,14-03-2025,03:57:00,IOCL,Delhi-Pump-04,Delhi,Diesel,13.99,87.52,1224.4,UPI,Bike,0,4,E-DEL-2
TXN597,15-08-2025,04:19:00,HP,Delhi-Pump-04,Delhi,Diesel,11.44,87.55,1001.57,UPI,Bike,1,3,E-DEL-2
TXN598,23-12-2024,20:12:00,HP,Delhi-Pump-01,Delhi,Power Petrol,28.07,99.13,2782.58,UPI,Car,1,4,E-DEL-1
TXN599,12-07-2025,19:55:00,HP,Pune-Pump-01,Pune,Petrol,15.67,94.98,1488.34,UPI,Car,1,5,E-PUN-4
TXN600,04-01-2024,09:41:00,HP,Mumbai-Pump-04,Mumbai,Power Petrol,8.43,99.68,840.3,Card,Bike,0,3,E-MUM-5
TXN601,21-01-2025,15:26:00,BPCL,Pune-Pump-01,Pune,Petrol,12.13,94.45,1145.68,Card,Bike,0,4,E-PUN-5
TXN602,08-04-2024,21:09:00,BPCL,Bangalore-Pump-07,Bangalore,Diesel,31.22,88.02,2747.98,UPI,Car,1,4,E-BAN-3
TXN603,05-06-2025,05:24:00,BPCL,Chennai-Pump-03,Chennai,Petrol,37.14,94.68,3516.42,UPI,Car,0,4,E-CHE-5
TXN604,04-07-2024,18:32:00,HP,Pune-Pump-06,Pune,Diesel,15.11,88.06,1330.59,Cash,Car,0,2,E-PUN-4
TXN605,18-02-2024,00:55:00,BPCL,Delhi-Pump-01,Delhi,Petrol,35.89,94.36,3386.58,UPI,Car,1,2,E-DEL-3
TXN606,13-10-2024,18:08:00,IOCL,Pune-Pump-01,Pune,Power Petrol,8.21,99.43,816.32,Card,Bike,1,3,E-PUN-2
TXN607,27-11-2025,06:26:00,BPCL,Mumbai-Pump-02,Mumbai,Diesel,45.59,87.76,4000.98,Cash,Car,1,5,E-MUM-1
TXN608,12-06-2024,19:48:00,HP,Bangalore-Pump-07,Bangalore,Petrol,43.62,94.54,4123.83,UPI,Car,0,3,E-BAN-2
TXN609,17-03-2024,10:17:00,BPCL,Pune-Pump-01,Pune,Diesel,6.54,87.69,573.49,UPI,Bike,0,5,E-PUN-5
TXN610,26-01-2025,03:32:00,HP,Delhi-Pump-01,Delhi,Petrol,12.63,94.48,1193.28,UPI,Bike,1,4,E-DEL-1
TXN611,13-04-2025,13:20:00,HP,Chennai-Pump-03,Chennai,Diesel,29.62,88.01,2606.86,Cash,Car,1,2,E-CHE-5
TXN612,12-05-2024,01:08:00,IOCL,Mumbai-Pump-04,Mumbai,Power Petrol,11.01,99.79,1098.69,Card,Bike,0,4,E-MUM-3
TXN613,14-06-2025,11:48:00,HP,Delhi-Pump-01,Delhi,Power Petrol,5.19,99.78,517.86,UPI,Bike,0,1,E-DEL-3
TXN614,07-04-2024,02:34:00,IOCL,Pune-Pump-01,Pune,Diesel,6.14,87.29,535.96,UPI,Bike,1,2,E-PUN-1
TXN615,17-11-2025,06:27:00,HP,Pune-Pump-01,Pune,Diesel,12.53,87.74,1099.38,Cash,Bike,1,3,E-PUN-4
TXN616,09-02-2024,18:15:00,HP,Pune-Pump-01,Pune,Power Petrol,38.62,99.43,3839.99,Cash,Car,0,4,E-PUN-1
TXN617,17-03-2025,09:00:00,IOCL,Delhi-Pump-04,Delhi,Petrol,41.73,94.84,3957.67,Card,Car,0,3,E-DEL-1
TXN618,13-04-2025,09:54:00,HP,Bangalore-Pump-07,Bangalore,Diesel,7.47,87.82,656.02,UPI,Bike,0,4,E-BAN-3
TXN619,02-07-2024,20:01:00,HP,Pune-Pump-06,Pune,Power Petrol,7.86,98.99,778.06,Cash,Bike,0,3,E-PUN-1
TXN620,31-01-2024,19:45:00,BPCL,Mumbai-Pump-02,Mumbai,Power Petrol,29.33,99.28,2911.88,UPI,Car,0,2,E-MUM-3
TXN621,11-07-2025,15:18:00,HP,Mumbai-Pump-04,Mumbai,Power Petrol,14.67,99.58,1460.84,UPI,Bike,1,1,E-MUM-4
TXN622,02-02-2025,07:32:00,HP,Pune-Pump-06,Pune,Petrol,39.54,94.22,3725.46,UPI,Car,0,4,E-PUN-5
TXN623,27-06-2025,09:18:00,IOCL,Pune-Pump-06,Pune,Power Petrol,38.4,99.55,3822.72,UPI,Car,1,4,E-PUN-3
TXN624,21-11-2025,02:52:00,BPCL,Bangalore-Pump-07,Bangalore,Diesel,13.24,88.04,1165.65,Cash,Bike,1,3,E-BAN-1
TXN625,07-03-2024,11:16:00,BPCL,Mumbai-Pump-04,Mumbai,Petrol,26.97,94.28,2542.73,UPI,Car,0,3,E-MUM-5
TXN626,21-07-2025,13:42:00,IOCL,Bangalore-Pump-07,Bangalore,Petrol,6.44,94.4,607.94,Card,Bike,1,5,E-BAN-5
TXN627,09-10-2024,12:59:00,BPCL,Delhi-Pump-04,Delhi,Diesel,9.18,87.67,804.81,Cash,Bike,1,2,E-DEL-1
TXN628,07-05-2024,02:25:00,IOCL,Pune-Pump-06,Pune,Petrol,37.46,95,3558.7,UPI,Car,1,5,E-PUN-3
TXN629,04-12-2024,12:01:00,IOCL,Chennai-Pump-03,Chennai,Diesel,7.39,87.6,647.36,UPI,Bike,0,3,E-CHE-4
TXN630,05-06-2025,10:40:00,IOCL,Chennai-Pump-03,Chennai,Power Petrol,47,99.29,4666.63,Card,Car,1,3,E-CHE-2
TXN631,02-04-2025,06:28:00,IOCL,Pune-Pump-01,Pune,Diesel,38.85,88.12,3423.46,Card,Car,0,1,E-PUN-5
TXN632,19-10-2025,01:08:00,IOCL,Bangalore-Pump-07,Bangalore,Power Petrol,8.55,99.14,847.65,Cash,Bike,1,4,E-BAN-3
TXN633,13-08-2025,13:21:00,IOCL,Pune-Pump-06,Pune,Petrol,21.21,95.08,2016.65,Card,Car,1,5,E-PUN-5
TXN634,05-06-2024,02:32:00,BPCL,Chennai-Pump-03,Chennai,Diesel,10.89,87.74,955.49,UPI,Bike,0,5,E-CHE-5
TXN635,18-04-2025,13:52:00,HP,Bangalore-Pump-07,Bangalore,Diesel,6.16,87.51,539.06,UPI,Bike,0,2,E-BAN-2
TXN636,04-08-2024,06:33:00,IOCL,Mumbai-Pump-04,Mumbai,Power Petrol,25.26,99.27,2507.56,UPI,Car,1,3,E-MUM-3
TXN637,10-02-2024,12:20:00,IOCL,Chennai-Pump-03,Chennai,Diesel,10.14,87.74,889.68,UPI,Bike,1,1,E-CHE-1
TXN638,16-01-2024,20:50:00,IOCL,Pune-Pump-06,Pune,Petrol,14.13,94.85,1340.23,Card,Bike,0,3,E-PUN-4
TXN639,15-05-2025,04:09:00,IOCL,Mumbai-Pump-02,Mumbai,Power Petrol,11.81,99.44,1174.39,UPI,Bike,1,2,E-MUM-5
TXN640,26-01-2025,16:09:00,IOCL,Mumbai-Pump-02,Mumbai,Petrol,22.6,95.1,2149.26,UPI,Car,0,3,E-MUM-2
TXN641,28-06-2024,01:18:00,IOCL,Mumbai-Pump-02,Mumbai,Diesel,40.04,87.98,3522.72,UPI,Car,0,1,E-MUM-4
TXN642,09-02-2025,11:13:00,IOCL,Pune-Pump-06,Pune,Power Petrol,5.13,98.95,507.61,Card,Bike,0,1,E-PUN-1
TXN643,11-10-2024,02:29:00,IOCL,Bangalore-Pump-07,Bangalore,Power Petrol,14.01,99.55,1394.7,Cash,Bike,1,4,E-BAN-2
TXN644,15-04-2024,02:37:00,BPCL,Mumbai-Pump-02,Mumbai,Petrol,8.75,94.91,830.46,Cash,Bike,1,4,E-MUM-2
TXN645,16-11-2025,22:32:00,HP,Chennai-Pump-03,Chennai,Power Petrol,9.49,99.72,946.34,Card,Bike,1,3,E-CHE-4
TXN646,06-08-2025,06:06:00,IOCL,Mumbai-Pump-04,Mumbai,Diesel,30.65,87.66,2686.78,Card,Car,1,5,E-MUM-1
TXN647,04-05-2024,10:41:00,IOCL,Delhi-Pump-01,Delhi,Power Petrol,22.39,99.94,2237.66,UPI,Car,1,1,E-DEL-1
TXN648,15-11-2024,03:04:00,BPCL,Mumbai-Pump-04,Mumbai,Power Petrol,6.17,99.4,613.3,UPI,Bike,1,4,E-MUM-2
TXN649,17-10-2024,10:23:00,IOCL,Chennai-Pump-03,Chennai,Power Petrol,6.78,99.36,673.66,Cash,Bike,1,2,E-CHE-4
TXN650,13-06-2025,21:38:00,BPCL,Chennai-Pump-05,Chennai,Power Petrol,9.74,99.87,972.73,Card,Bike,0,1,E-CHE-2
TXN651,07-02-2024,07:53:00,BPCL,Pune-Pump-01,Pune,Power Petrol,7.76,99.79,774.37,UPI,Bike,0,1,E-PUN-1
TXN652,29-12-2025,13:52:00,IOCL,Chennai-Pump-05,Chennai,Petrol,39.39,94.45,3720.39,UPI,Car,0,2,E-CHE-4
TXN653,07-02-2024,18:56:00,BPCL,Mumbai-Pump-04,Mumbai,Petrol,11.42,95.06,1085.59,Card,Bike,1,5,E-MUM-3
TXN654,11-05-2025,14:48:00,BPCL,Delhi-Pump-04,Delhi,Power Petrol,37.87,99.7,3775.64,Card,Car,1,5,E-DEL-3
TXN655,13-11-2024,01:00:00,HP,Mumbai-Pump-02,Mumbai,Diesel,10.11,87.84,888.06,Card,Bike,1,3,E-MUM-1
TXN656,15-02-2024,20:02:00,BPCL,Chennai-Pump-05,Chennai,Power Petrol,32.61,99.01,3228.72,Card,Car,0,2,E-CHE-4
TXN657,15-03-2024,06:58:00,HP,Bangalore-Pump-07,Bangalore,Petrol,9.42,94.25,887.84,Card,Bike,1,5,E-BAN-1
TXN658,12-01-2024,01:41:00,HP,Bangalore-Pump-07,Bangalore,Diesel,32.95,87.29,2876.21,Cash,Car,0,2,E-BAN-2
TXN659,30-09-2025,16:24:00,IOCL,Bangalore-Pump-07,Bangalore,Power Petrol,13.88,99.57,1382.03,Cash,Bike,1,1,E-BAN-5
TXN660,11-05-2025,14:03:00,IOCL,Mumbai-Pump-02,Mumbai,Petrol,23.3,94.27,2196.49,UPI,Car,1,2,E-MUM-1
TXN661,01-08-2024,03:13:00,IOCL,Chennai-Pump-03,Chennai,Diesel,11.34,87.66,994.06,Card,Bike,1,1,E-CHE-3
TXN662,07-02-2024,02:18:00,IOCL,Pune-Pump-01,Pune,Diesel,30.68,87.96,2698.61,Card,Car,0,3,E-PUN-3
TXN663,18-06-2024,03:39:00,HP,Bangalore-Pump-07,Bangalore,Diesel,39.07,87.84,3431.91,Card,Car,1,4,E-BAN-3
TXN664,22-01-2025,10:12:00,HP,Chennai-Pump-05,Chennai,Power Petrol,44.3,99.2,4394.56,Card,Car,1,3,E-CHE-4
TXN665,23-04-2025,07:15:00,BPCL,Pune-Pump-06,Pune,Petrol,8.14,94.31,767.68,UPI,Bike,0,3,E-PUN-3
TXN666,08-12-2025,20:35:00,BPCL,Mumbai-Pump-04,Mumbai,Petrol,37.4,94.34,3528.32,Cash,Car,0,2,E-MUM-1
TXN667,26-12-2024,13:13:00,HP,Mumbai-Pump-04,Mumbai,Power Petrol,5.84,99.34,580.15,Card,Bike,1,2,E-MUM-3
TXN668,17-01-2024,10:50:00,HP,Mumbai-Pump-04,Mumbai,Petrol,46.18,95.09,4391.26,Card,Car,1,2,E-MUM-4
TXN669,30-05-2025,01:22:00,IOCL,Mumbai-Pump-02,Mumbai,Petrol,11.03,94.72,1044.76,UPI,Bike,0,2,E-MUM-3
TXN670,27-12-2025,23:26:00,BPCL,Mumbai-Pump-02,Mumbai,Diesel,35.88,87.89,3153.49,UPI,Car,1,3,E-MUM-3
TXN671,21-04-2025,06:24:00,IOCL,Mumbai-Pump-02,Mumbai,Petrol,12.01,94.51,1135.07,Card,Bike,1,5,E-MUM-1
TXN672,12-07-2025,09:25:00,BPCL,Bangalore-Pump-07,Bangalore,Diesel,12.2,87.96,1073.11,UPI,Bike,0,1,E-BAN-3
TXN673,23-06-2025,07:42:00,BPCL,Delhi-Pump-04,Delhi,Petrol,49.61,94.36,4681.2,Card,Car,0,2,E-DEL-2
TXN674,27-09-2024,13:13:00,HP,Chennai-Pump-03,Chennai,Petrol,29.31,94.4,2766.86,Cash,Car,1,3,E-CHE-5
TXN675,01-01-2024,04:59:00,HP,Chennai-Pump-05,Chennai,Petrol,26.62,95,2528.9,Cash,Car,1,4,E-CHE-5
TXN676,12-07-2024,20:28:00,BPCL,Chennai-Pump-05,Chennai,Petrol,19.65,95.01,1866.95,UPI,Car,0,1,E-CHE-1
TXN677,17-07-2025,15:37:00,HP,Chennai-Pump-05,Chennai,Petrol,45.8,94.98,4350.08,Card,Car,1,3,E-CHE-3
TXN678,22-07-2025,12:15:00,IOCL,Mumbai-Pump-02,Mumbai,Petrol,10.19,94.28,960.71,UPI,Bike,1,5,E-MUM-4
TXN679,05-02-2025,10:18:00,IOCL,Mumbai-Pump-04,Mumbai,Diesel,36.06,88.08,3176.16,Card,Car,1,3,E-MUM-1
TXN680,03-09-2025,01:32:00,HP,Mumbai-Pump-04,Mumbai,Petrol,23.56,94.23,2220.06,Cash,Car,0,3,E-MUM-5
TXN681,07-05-2024,04:23:00,HP,Mumbai-Pump-04,Mumbai,Power Petrol,19.42,99.14,1925.3,UPI,Car,0,1,E-MUM-4
TXN682,07-08-2024,21:24:00,BPCL,Pune-Pump-01,Pune,Diesel,30.06,87.49,2629.95,UPI,Car,1,3,E-PUN-1
TXN683,19-12-2025,03:23:00,IOCL,Mumbai-Pump-04,Mumbai,Petrol,5.63,94.67,532.99,Card,Bike,1,1,E-MUM-3
TXN684,06-09-2024,21:57:00,HP,Delhi-Pump-01,Delhi,Power Petrol,32.18,99.64,3206.42,Cash,Car,1,2,E-DEL-1
TXN685,27-01-2025,08:20:00,BPCL,Pune-Pump-01,Pune,Power Petrol,16.39,99.92,1637.69,UPI,Car,0,1,E-PUN-3
TXN686,24-01-2024,18:03:00,HP,Delhi-Pump-01,Delhi,Diesel,15.81,87.23,1379.11,UPI,Car,1,1,E-DEL-5
TXN687,03-07-2025,10:56:00,BPCL,Mumbai-Pump-02,Mumbai,Power Petrol,22.86,99.07,2264.74,UPI,Car,0,5,E-MUM-2
TXN688,27-04-2025,10:55:00,BPCL,Chennai-Pump-05,Chennai,Petrol,7.93,94.82,751.92,UPI,Bike,1,4,E-CHE-3
TXN689,28-11-2024,21:30:00,BPCL,Mumbai-Pump-02,Mumbai,Power Petrol,19.56,99.3,1942.31,Cash,Car,0,1,E-MUM-5
TXN690,31-08-2025,02:43:00,HP,Chennai-Pump-05,Chennai,Petrol,16.04,94.87,1521.71,Cash,Car,0,4,E-CHE-1
TXN691,22-11-2025,11:37:00,HP,Delhi-Pump-04,Delhi,Petrol,6.17,94.52,583.19,Cash,Bike,0,5,E-DEL-5
TXN692,12-07-2024,02:53:00,HP,Mumbai-Pump-04,Mumbai,Power Petrol,40.01,99.32,3973.79,Cash,Car,0,4,E-MUM-1
TXN693,22-08-2025,21:12:00,IOCL,Pune-Pump-01,Pune,Diesel,26.45,87.55,2315.7,Cash,Car,1,3,E-PUN-1
TXN694,26-04-2024,08:26:00,IOCL,Delhi-Pump-04,Delhi,Power Petrol,11.02,99.05,1091.53,Card,Bike,1,2,E-DEL-2
TXN695,04-11-2024,23:41:00,HP,Mumbai-Pump-04,Mumbai,Power Petrol,10.91,99.08,1080.96,Cash,Bike,1,2,E-MUM-1
TXN696,03-04-2025,02:37:00,IOCL,Mumbai-Pump-02,Mumbai,Power Petrol,32.2,99.52,3204.54,Cash,Car,1,1,E-MUM-5
TXN697,07-12-2024,05:58:00,HP,Mumbai-Pump-04,Mumbai,Power Petrol,8.01,99.05,793.39,UPI,Bike,1,1,E-MUM-1
TXN698,08-02-2024,15:24:00,IOCL,Mumbai-Pump-02,Mumbai,Power Petrol,10.28,99.7,1024.92,Card,Bike,0,4,E-MUM-3
TXN699,16-11-2024,05:47:00,IOCL,Chennai-Pump-05,Chennai,Power Petrol,12.02,99.19,1192.26,Cash,Bike,1,5,E-CHE-1
TXN700,26-12-2024,08:44:00,HP,Chennai-Pump-03,Chennai,Petrol,13.95,94.76,1321.9,Cash,Bike,0,1,E-CHE-2
TXN701,09-06-2025,06:49:00,BPCL,Delhi-Pump-01,Delhi,Diesel,6.63,87.18,578,UPI,Bike,1,2,E-DEL-3
TXN702,12-08-2025,19:54:00,HP,Bangalore-Pump-07,Bangalore,Petrol,10.08,94.86,956.19,UPI,Bike,1,2,E-BAN-1
TXN703,22-10-2025,08:47:00,BPCL,Mumbai-Pump-02,Mumbai,Petrol,10.37,94.39,978.82,Cash,Bike,1,2,E-MUM-2
TXN704,17-03-2025,19:07:00,HP,Chennai-Pump-05,Chennai,Petrol,21.68,94.67,2052.45,UPI,Car,1,3,E-CHE-4
TXN705,29-06-2025,13:02:00,BPCL,Bangalore-Pump-07,Bangalore,Diesel,5.51,87.69,483.17,UPI,Bike,0,1,E-BAN-4
TXN706,14-08-2024,01:26:00,IOCL,Delhi-Pump-01,Delhi,Diesel,31,87.79,2721.49,UPI,Car,0,1,E-DEL-4
TXN707,04-04-2025,13:53:00,IOCL,Chennai-Pump-05,Chennai,Power Petrol,12.63,99.67,1258.83,Card,Bike,1,4,E-CHE-3
TXN708,02-08-2025,10:11:00,BPCL,Mumbai-Pump-02,Mumbai,Petrol,10.6,94.28,999.37,Card,Bike,0,5,E-MUM-4
TXN709,20-09-2025,19:22:00,HP,Pune-Pump-01,Pune,Power Petrol,37.77,99.89,3772.85,UPI,Car,0,2,E-PUN-2
TXN710,10-12-2024,19:40:00,IOCL,Delhi-Pump-04,Delhi,Power Petrol,47.9,99.03,4743.54,UPI,Car,1,1,E-DEL-2
TXN711,22-12-2024,08:41:00,BPCL,Mumbai-Pump-02,Mumbai,Diesel,34.52,87.88,3033.62,Card,Car,0,4,E-MUM-1
TXN712,24-02-2024,23:40:00,HP,Bangalore-Pump-07,Bangalore,Diesel,32.08,88.08,2825.61,Cash,Car,1,3,E-BAN-4
TXN713,15-11-2024,09:26:00,BPCL,Delhi-Pump-01,Delhi,Power Petrol,11.24,99.27,1115.79,Card,Bike,0,3,E-DEL-1
TXN714,20-05-2024,12:34:00,HP,Chennai-Pump-03,Chennai,Power Petrol,29.06,99.36,2887.4,Cash,Car,1,3,E-CHE-4
TXN715,24-12-2025,18:45:00,BPCL,Pune-Pump-01,Pune,Power Petrol,20.27,99.79,2022.74,UPI,Car,0,3,E-PUN-3
TXN716,19-09-2024,14:27:00,HP,Mumbai-Pump-04,Mumbai,Power Petrol,9.51,98.98,941.3,Card,Bike,1,5,E-MUM-4
TXN717,15-08-2024,21:09:00,BPCL,Chennai-Pump-03,Chennai,Power Petrol,38.48,99.8,3840.3,UPI,Car,1,5,E-CHE-2
TXN718,01-12-2024,16:21:00,IOCL,Delhi-Pump-04,Delhi,Petrol,11.1,94.82,1052.5,UPI,Bike,0,1,E-DEL-2
TXN719,19-05-2025,04:47:00,IOCL,Mumbai-Pump-02,Mumbai,Diesel,17,87.93,1494.81,Cash,Car,1,2,E-MUM-3
TXN720,09-07-2024,15:30:00,BPCL,Pune-Pump-06,Pune,Petrol,9.42,95.22,896.97,UPI,Bike,1,4,E-PUN-3
TXN721,20-12-2024,01:12:00,BPCL,Chennai-Pump-03,Chennai,Petrol,41.97,95.02,3987.99,Card,Car,0,4,E-CHE-2
TXN722,28-06-2024,19:12:00,BPCL,Pune-Pump-06,Pune,Petrol,8.91,94.95,846,Cash,Bike,0,4,E-PUN-4
TXN723,23-09-2025,18:25:00,HP,Mumbai-Pump-02,Mumbai,Petrol,14.2,94.73,1345.17,Cash,Bike,1,5,E-MUM-2
TXN724,08-02-2024,18:30:00,BPCL,Pune-Pump-01,Pune,Diesel,14.26,87.91,1253.6,Cash,Bike,1,5,E-PUN-1
TXN725,28-07-2024,11:16:00,BPCL,Pune-Pump-06,Pune,Diesel,10.28,87.72,901.76,UPI,Bike,1,4,E-PUN-4
TXN726,06-07-2025,08:29:00,HP,Pune-Pump-01,Pune,Petrol,6.4,94.78,606.59,Card,Bike,1,4,E-PUN-3
TXN727,27-02-2025,21:34:00,HP,Mumbai-Pump-04,Mumbai,Power Petrol,28.04,99.37,2786.33,Cash,Car,1,5,E-MUM-1
TXN728,10-10-2025,18:53:00,IOCL,Mumbai-Pump-04,Mumbai,Power Petrol,23.15,99.05,2293.01,UPI,Car,0,2,E-MUM-4
TXN729,18-10-2024,05:51:00,IOCL,Chennai-Pump-03,Chennai,Diesel,42.64,87.7,3739.53,UPI,Car,1,3,E-CHE-2
TXN730,27-04-2025,03:15:00,IOCL,Pune-Pump-01,Pune,Diesel,15.71,88.03,1382.95,UPI,Car,0,5,E-PUN-5
TXN731,29-06-2025,23:03:00,HP,Chennai-Pump-05,Chennai,Petrol,7.04,94.81,667.46,UPI,Bike,1,5,E-CHE-2
TXN732,10-08-2025,07:43:00,IOCL,Mumbai-Pump-04,Mumbai,Diesel,10.99,88.07,967.89,UPI,Bike,1,2,E-MUM-5
TXN733,13-01-2024,19:27:00,BPCL,Delhi-Pump-04,Delhi,Diesel,36.13,87.56,3163.54,UPI,Car,1,5,E-DEL-1
TXN734,22-05-2025,09:54:00,BPCL,Delhi-Pump-01,Delhi,Petrol,39.37,94.37,3715.35,UPI,Car,0,1,E-DEL-1
TXN735,04-02-2025,08:54:00,HP,Mumbai-Pump-02,Mumbai,Power Petrol,5.85,99.52,582.19,UPI,Bike,0,5,E-MUM-5
TXN736,15-10-2025,23:50:00,IOCL,Pune-Pump-01,Pune,Diesel,7.61,87.91,669,UPI,Bike,0,3,E-PUN-5
TXN737,02-12-2025,20:18:00,IOCL,Delhi-Pump-01,Delhi,Petrol,46.55,94.65,4405.96,Card,Car,0,5,E-DEL-3
TXN738,15-07-2025,07:28:00,HP,Chennai-Pump-05,Chennai,Diesel,11.57,87.25,1009.48,UPI,Bike,0,2,E-CHE-1
TXN739,03-12-2024,13:49:00,HP,Pune-Pump-01,Pune,Diesel,39.18,87.45,3426.29,Cash,Car,1,4,E-PUN-4
TXN740,31-03-2024,04:00:00,IOCL,Mumbai-Pump-04,Mumbai,Petrol,29.54,94.7,2797.44,Cash,Car,1,1,E-MUM-4
TXN741,23-08-2024,06:16:00,IOCL,Pune-Pump-06,Pune,Power Petrol,46.63,99.5,4639.69,Card,Car,0,4,E-PUN-3
TXN742,27-01-2025,19:54:00,BPCL,Pune-Pump-06,Pune,Petrol,7.27,94.23,685.05,Card,Bike,1,1,E-PUN-2
TXN743,02-07-2024,07:27:00,BPCL,Chennai-Pump-05,Chennai,Petrol,21.97,94.91,2085.17,UPI,Car,1,4,E-CHE-2
TXN744,08-03-2025,04:27:00,BPCL,Chennai-Pump-03,Chennai,Diesel,42.54,87.18,3708.64,Cash,Car,1,5,E-CHE-3
TXN745,26-12-2025,16:32:00,BPCL,Chennai-Pump-05,Chennai,Petrol,45.63,94.94,4332.11,Card,Car,0,3,E-CHE-4
TXN746,25-09-2025,08:15:00,BPCL,Pune-Pump-01,Pune,Diesel,41.09,88.03,3617.15,Card,Car,1,5,E-PUN-5
TXN747,28-08-2024,04:24:00,BPCL,Chennai-Pump-05,Chennai,Diesel,13.98,87.31,1220.59,Card,Bike,0,5,E-CHE-5
TXN748,28-07-2024,14:08:00,HP,Chennai-Pump-05,Chennai,Diesel,29.96,87.33,2616.41,Card,Car,1,3,E-CHE-1
TXN749,11-01-2025,18:37:00,IOCL,Pune-Pump-01,Pune,Diesel,8.4,87.21,732.56,Card,Bike,0,4,E-PUN-4
TXN750,10-05-2025,08:21:00,HP,Delhi-Pump-01,Delhi,Diesel,12.87,87.7,1128.7,UPI,Bike,1,5,E-DEL-2
TXN751,14-12-2024,23:56:00,HP,Chennai-Pump-05,Chennai,Petrol,26.85,94.68,2542.16,UPI,Car,1,4,E-CHE-1
TXN752,11-08-2024,11:05:00,IOCL,Delhi-Pump-04,Delhi,Diesel,28.94,87.24,2524.73,Cash,Car,1,2,E-DEL-4
TXN753,21-10-2025,05:15:00,IOCL,Pune-Pump-01,Pune,Petrol,26.64,94.56,2519.08,UPI,Car,1,5,E-PUN-3
TXN754,11-12-2025,23:11:00,BPCL,Pune-Pump-06,Pune,Power Petrol,7.39,99.14,732.64,UPI,Bike,0,5,E-PUN-2
TXN755,24-07-2025,07:31:00,HP,Delhi-Pump-01,Delhi,Diesel,7.26,87.8,637.43,UPI,Bike,0,3,E-DEL-2
TXN756,17-02-2025,01:33:00,BPCL,Pune-Pump-06,Pune,Diesel,6.69,87.7,586.71,Card,Bike,0,3,E-PUN-5
TXN757,14-01-2024,18:28:00,HP,Bangalore-Pump-07,Bangalore,Petrol,5.22,94.47,493.13,Cash,Bike,1,3,E-BAN-4
TXN758,16-09-2024,05:44:00,HP,Bangalore-Pump-07,Bangalore,Power Petrol,14.65,99.24,1453.87,UPI,Bike,1,5,E-BAN-3
TXN759,17-12-2024,11:17:00,HP,Delhi-Pump-04,Delhi,Petrol,7.43,94.98,705.7,Card,Bike,1,1,E-DEL-4
TXN760,17-06-2024,06:40:00,BPCL,Mumbai-Pump-04,Mumbai,Diesel,14.36,87.67,1258.94,Card,Bike,0,4,E-MUM-1
TXN761,23-09-2025,22:39:00,BPCL,Bangalore-Pump-07,Bangalore,Diesel,44.26,88.05,3897.09,Cash,Car,1,3,E-BAN-3
TXN762,23-03-2025,09:00:00,BPCL,Delhi-Pump-01,Delhi,Petrol,8.06,94.91,764.97,Cash,Bike,1,3,E-DEL-1
TXN763,09-03-2025,13:11:00,BPCL,Pune-Pump-06,Pune,Diesel,12.84,87.55,1124.14,UPI,Bike,1,2,E-PUN-3
TXN764,17-04-2024,00:38:00,HP,Pune-Pump-01,Pune,Power Petrol,18.76,99.51,1866.81,Card,Car,1,3,E-PUN-1
TXN765,21-09-2025,06:40:00,IOCL,Pune-Pump-01,Pune,Power Petrol,39.15,99.44,3893.08,Card,Car,0,5,E-PUN-1
TXN766,08-09-2024,22:54:00,BPCL,Pune-Pump-06,Pune,Power Petrol,11.39,99.66,1135.13,UPI,Bike,1,5,E-PUN-3
TXN767,05-01-2025,22:22:00,BPCL,Mumbai-Pump-02,Mumbai,Diesel,23.41,87.55,2049.55,Cash,Car,1,1,E-MUM-4
TXN768,29-09-2024,11:25:00,HP,Pune-Pump-01,Pune,Power Petrol,49.5,99.07,4903.96,Card,Car,0,2,E-PUN-2
TXN769,20-05-2024,02:31:00,IOCL,Delhi-Pump-01,Delhi,Diesel,22.3,87.66,1954.82,UPI,Car,1,1,E-DEL-3
TXN770,02-02-2024,19:35:00,IOCL,Mumbai-Pump-04,Mumbai,Petrol,47.39,94.62,4484.04,Cash,Car,1,1,E-MUM-3
TXN771,20-04-2024,10:59:00,BPCL,Bangalore-Pump-07,Bangalore,Petrol,38.58,94.47,3644.65,Card,Car,1,2,E-BAN-1
TXN772,15-09-2025,13:21:00,HP,Bangalore-Pump-07,Bangalore,Petrol,14.39,94.33,1357.41,Card,Bike,1,1,E-BAN-2
TXN773,16-07-2024,03:42:00,BPCL,Delhi-Pump-04,Delhi,Power Petrol,45.62,99.81,4553.33,Cash,Car,0,4,E-DEL-1
TXN774,23-01-2024,08:42:00,BPCL,Chennai-Pump-03,Chennai,Diesel,9.11,87.83,800.13,UPI,Bike,1,5,E-CHE-1
TXN775,23-09-2024,12:04:00,HP,Delhi-Pump-01,Delhi,Power Petrol,27.97,99.25,2776.02,Cash,Car,0,3,E-DEL-4
TXN776,04-01-2024,19:28:00,BPCL,Pune-Pump-06,Pune,Power Petrol,48.02,99.92,4798.16,Cash,Car,0,3,E-PUN-5
TXN777,27-05-2025,23:58:00,BPCL,Mumbai-Pump-02,Mumbai,Petrol,9.85,94.58,931.61,UPI,Bike,1,5,E-MUM-1
TXN778,04-01-2025,08:15:00,IOCL,Chennai-Pump-05,Chennai,Diesel,7.28,88.07,641.15,Cash,Bike,0,3,E-CHE-4
TXN779,30-03-2024,12:36:00,BPCL,Delhi-Pump-01,Delhi,Petrol,6.75,94.54,638.15,Card,Bike,0,1,E-DEL-3
TXN780,18-05-2025,15:26:00,HP,Mumbai-Pump-04,Mumbai,Power Petrol,34.32,99.29,3407.63,Cash,Car,0,5,E-MUM-5
TXN781,11-10-2025,15:12:00,BPCL,Pune-Pump-01,Pune,Power Petrol,15.6,99.35,1549.86,UPI,Car,0,4,E-PUN-3
TXN782,29-08-2025,08:06:00,HP,Bangalore-Pump-07,Bangalore,Power Petrol,40.68,99.69,4055.39,Card,Car,1,5,E-BAN-2
TXN783,05-04-2025,06:49:00,HP,Chennai-Pump-05,Chennai,Diesel,35.61,87.32,3109.47,UPI,Car,0,2,E-CHE-5
TXN784,29-04-2024,07:03:00,IOCL,Pune-Pump-06,Pune,Petrol,30.54,94.48,2885.42,Card,Car,1,3,E-PUN-5
TXN785,10-11-2024,22:15:00,IOCL,Chennai-Pump-05,Chennai,Petrol,8.13,94.96,772.02,Card,Bike,1,1,E-CHE-3
TXN786,01-08-2024,08:09:00,IOCL,Delhi-Pump-04,Delhi,Power Petrol,45.8,99.17,4541.99,Cash,Car,1,4,E-DEL-4
TXN787,21-03-2025,14:07:00,BPCL,Delhi-Pump-01,Delhi,Power Petrol,9.44,99.06,935.13,Card,Bike,1,5,E-DEL-4
TXN788,26-04-2024,20:20:00,BPCL,Pune-Pump-01,Pune,Diesel,6.45,87.12,561.92,UPI,Bike,1,4,E-PUN-1
TXN789,03-02-2024,19:23:00,IOCL,Mumbai-Pump-02,Mumbai,Petrol,17.79,94.33,1678.13,Card,Car,1,1,E-MUM-3
TXN790,03-05-2025,19:04:00,BPCL,Chennai-Pump-03,Chennai,Power Petrol,7.17,99.26,711.69,Card,Bike,1,2,E-CHE-2
TXN791,02-09-2024,19:28:00,HP,Pune-Pump-06,Pune,Diesel,39.29,87.35,3431.98,UPI,Car,1,2,E-PUN-1
TXN792,28-11-2024,07:03:00,BPCL,Chennai-Pump-05,Chennai,Petrol,13.18,94.47,1245.11,UPI,Bike,1,4,E-CHE-5
TXN793,25-09-2024,23:36:00,HP,Chennai-Pump-05,Chennai,Diesel,37.13,87.13,3235.14,UPI,Car,1,3,E-CHE-2
TXN794,24-11-2024,04:09:00,IOCL,Pune-Pump-01,Pune,Power Petrol,19.79,99.22,1963.56,Card,Car,0,1,E-PUN-5
TXN795,14-02-2025,13:57:00,BPCL,Mumbai-Pump-02,Mumbai,Petrol,31.74,95.21,3021.97,Card,Car,0,2,E-MUM-1
TXN796,18-08-2024,17:16:00,BPCL,Delhi-Pump-01,Delhi,Power Petrol,31.95,99.47,3178.07,Cash,Car,0,5,E-DEL-4
TXN797,16-10-2024,12:48:00,BPCL,Mumbai-Pump-02,Mumbai,Petrol,20.75,95.18,1974.99,Cash,Car,0,5,E-MUM-2
TXN798,26-10-2024,04:11:00,IOCL,Delhi-Pump-04,Delhi,Power Petrol,23.9,98.98,2365.62,Cash,Car,1,4,E-DEL-5
TXN799,03-05-2024,02:25:00,HP,Bangalore-Pump-07,Bangalore,Power Petrol,5.11,99.46,508.24,UPI,Bike,1,3,E-BAN-4
TXN800,30-03-2024,00:42:00,HP,Pune-Pump-06,Pune,Diesel,49.36,87.78,4332.82,Card,Car,1,2,E-PUN-4
TXN801,25-12-2025,02:05:00,HP,Delhi-Pump-01,Delhi,Petrol,44.97,94.87,4266.3,UPI,Car,1,2,E-DEL-2
TXN802,04-06-2024,12:59:00,BPCL,Mumbai-Pump-02,Mumbai,Diesel,47.49,87.79,4169.15,Cash,Car,1,2,E-MUM-4
TXN803,15-06-2025,19:56:00,BPCL,Chennai-Pump-05,Chennai,Petrol,9.69,94.31,913.86,Card,Bike,0,2,E-CHE-1
TXN804,15-10-2025,19:59:00,BPCL,Bangalore-Pump-07,Bangalore,Petrol,45.97,94.25,4332.67,UPI,Car,1,4,E-BAN-5
TXN805,12-12-2025,21:43:00,HP,Bangalore-Pump-07,Bangalore,Power Petrol,8.52,99.19,845.1,Card,Bike,1,3,E-BAN-2
TXN806,11-11-2025,20:44:00,IOCL,Chennai-Pump-05,Chennai,Diesel,20.65,87.77,1812.45,Card,Car,0,5,E-CHE-1
TXN807,23-09-2024,11:55:00,HP,Delhi-Pump-01,Delhi,Power Petrol,16.75,99.75,1670.81,Card,Car,0,5,E-DEL-3
TXN808,15-05-2025,18:32:00,IOCL,Chennai-Pump-03,Chennai,Power Petrol,9.26,99.49,921.28,UPI,Bike,0,2,E-CHE-1
TXN809,03-11-2025,12:36:00,BPCL,Chennai-Pump-03,Chennai,Petrol,7.59,94.93,720.52,Card,Bike,1,2,E-CHE-4
TXN810,17-06-2025,05:13:00,HP,Chennai-Pump-03,Chennai,Diesel,27.08,87.38,2366.25,Card,Car,0,3,E-CHE-2
TXN811,27-01-2025,21:47:00,HP,Pune-Pump-06,Pune,Diesel,42.96,87.14,3743.53,Cash,Car,0,2,E-PUN-4
TXN812,26-07-2024,02:55:00,BPCL,Bangalore-Pump-07,Bangalore,Petrol,17.42,94.9,1653.16,Card,Car,0,3,E-BAN-4
TXN813,13-08-2025,08:36:00,HP,Delhi-Pump-01,Delhi,Power Petrol,22.45,99.12,2225.24,Card,Car,0,3,E-DEL-2
TXN814,21-05-2025,18:51:00,HP,Mumbai-Pump-02,Mumbai,Power Petrol,34.22,99.91,3418.92,Cash,Car,0,2,E-MUM-1
TXN815,02-01-2025,11:57:00,HP,Pune-Pump-01,Pune,Petrol,5.32,94.33,501.84,Cash,Bike,0,4,E-PUN-1
TXN816,13-05-2024,20:01:00,IOCL,Bangalore-Pump-07,Bangalore,Power Petrol,12.74,99.41,1266.48,Cash,Bike,0,4,E-BAN-5
TXN817,19-07-2024,00:44:00,HP,Chennai-Pump-05,Chennai,Diesel,10.2,87.56,893.11,UPI,Bike,1,5,E-CHE-5
TXN818,10-07-2025,18:25:00,BPCL,Pune-Pump-01,Pune,Diesel,30.64,87.81,2690.5,Cash,Car,0,5,E-PUN-2
TXN819,02-08-2024,05:13:00,HP,Delhi-Pump-04,Delhi,Power Petrol,9.38,99.91,937.16,UPI,Bike,0,5,E-DEL-5
TXN820,24-02-2024,08:19:00,HP,Pune-Pump-01,Pune,Diesel,7.16,87.16,624.07,Card,Bike,0,4,E-PUN-2
TXN821,07-10-2024,17:00:00,BPCL,Mumbai-Pump-04,Mumbai,Petrol,26.59,94.66,2517.01,Card,Car,0,1,E-MUM-3
TXN822,21-07-2025,23:05:00,BPCL,Chennai-Pump-05,Chennai,Petrol,10.55,94.66,998.66,UPI,Bike,1,2,E-CHE-3
TXN823,27-10-2024,23:46:00,IOCL,Bangalore-Pump-07,Bangalore,Petrol,25.07,94.25,2362.85,Card,Car,0,4,E-BAN-4
TXN824,26-05-2025,08:29:00,HP,Mumbai-Pump-04,Mumbai,Diesel,8.06,87.96,708.96,UPI,Bike,0,5,E-MUM-5
TXN825,28-10-2024,15:42:00,HP,Delhi-Pump-01,Delhi,Petrol,14.63,94.53,1382.97,Card,Bike,0,3,E-DEL-2
TXN826,15-05-2024,12:57:00,IOCL,Delhi-Pump-01,Delhi,Diesel,17.96,88.07,1581.74,Cash,Car,1,4,E-DEL-1
TXN827,24-08-2024,13:04:00,HP,Delhi-Pump-01,Delhi,Petrol,5.13,95.17,488.22,Cash,Bike,1,2,E-DEL-1
TXN828,16-02-2025,17:35:00,HP,Pune-Pump-06,Pune,Petrol,8.5,94.8,805.8,UPI,Bike,1,4,E-PUN-1
TXN829,25-04-2024,02:16:00,IOCL,Pune-Pump-06,Pune,Petrol,14.86,94.34,1401.89,UPI,Bike,1,5,E-PUN-1
TXN830,04-01-2024,23:30:00,BPCL,Pune-Pump-01,Pune,Petrol,46.92,94.3,4424.56,UPI,Car,0,4,E-PUN-1
TXN831,14-07-2025,08:46:00,HP,Pune-Pump-06,Pune,Petrol,24.85,95.14,2364.23,Cash,Car,0,5,E-PUN-3
TXN832,15-03-2025,04:37:00,HP,Delhi-Pump-04,Delhi,Diesel,17.08,87.54,1495.18,Cash,Car,0,5,E-DEL-2
TXN833,25-02-2025,10:16:00,BPCL,Mumbai-Pump-02,Mumbai,Diesel,34.29,87.67,3006.2,UPI,Car,1,2,E-MUM-3
TXN834,10-05-2024,09:13:00,BPCL,Delhi-Pump-01,Delhi,Diesel,9.15,87.24,798.25,Cash,Bike,1,3,E-DEL-1
TXN835,06-12-2025,03:08:00,BPCL,Bangalore-Pump-07,Bangalore,Power Petrol,40.95,99.12,4058.96,UPI,Car,1,1,E-BAN-1
TXN836,21-10-2024,07:51:00,BPCL,Mumbai-Pump-04,Mumbai,Diesel,8.28,87.37,723.42,UPI,Bike,0,4,E-MUM-4
TXN837,05-08-2025,17:43:00,IOCL,Pune-Pump-06,Pune,Power Petrol,13.98,99.17,1386.4,Cash,Bike,0,5,E-PUN-5
TXN838,19-06-2025,14:54:00,HP,Bangalore-Pump-07,Bangalore,Diesel,32.65,87.82,2867.32,Card,Car,1,1,E-BAN-5
TXN839,12-10-2025,08:50:00,BPCL,Delhi-Pump-01,Delhi,Petrol,13.9,94.43,1312.58,Cash,Bike,0,2,E-DEL-1
TXN840,21-12-2024,10:58:00,IOCL,Chennai-Pump-05,Chennai,Diesel,13.67,87.69,1198.72,UPI,Bike,1,4,E-CHE-1
TXN841,26-12-2025,06:41:00,BPCL,Delhi-Pump-01,Delhi,Petrol,10.93,94.81,1036.27,Card,Bike,1,5,E-DEL-4
TXN842,15-05-2025,09:21:00,IOCL,Pune-Pump-01,Pune,Diesel,11.12,87.5,973,Cash,Bike,1,5,E-PUN-4
TXN843,10-01-2024,17:43:00,IOCL,Mumbai-Pump-04,Mumbai,Diesel,9.5,87.68,832.96,UPI,Bike,1,1,E-MUM-5
TXN844,01-01-2025,17:58:00,IOCL,Chennai-Pump-03,Chennai,Diesel,10.66,87.25,930.09,Card,Bike,0,4,E-CHE-3
TXN845,26-08-2024,12:01:00,BPCL,Delhi-Pump-01,Delhi,Diesel,46.32,87.77,4065.51,Card,Car,1,2,E-DEL-3
TXN846,05-06-2025,08:14:00,IOCL,Bangalore-Pump-07,Bangalore,Diesel,9.05,88,796.4,UPI,Bike,1,3,E-BAN-2
TXN847,19-02-2025,23:47:00,BPCL,Chennai-Pump-03,Chennai,Diesel,45.32,87.29,3955.98,UPI,Car,1,1,E-CHE-3
TXN848,31-12-2024,01:10:00,HP,Pune-Pump-01,Pune,Petrol,12.56,94.93,1192.32,UPI,Bike,1,2,E-PUN-5
TXN849,26-06-2024,18:49:00,HP,Pune-Pump-01,Pune,Diesel,13.04,87.6,1142.3,Card,Bike,1,2,E-PUN-1
TXN850,13-01-2025,08:51:00,HP,Mumbai-Pump-04,Mumbai,Diesel,11.68,87.66,1023.87,Cash,Bike,1,3,E-MUM-5
TXN851,05-10-2024,07:06:00,IOCL,Chennai-Pump-05,Chennai,Power Petrol,40.94,99.47,4072.3,UPI,Car,0,1,E-CHE-4
TXN852,30-08-2024,19:39:00,HP,Bangalore-Pump-07,Bangalore,Diesel,43.12,87.16,3758.34,UPI,Car,0,1,E-BAN-5
TXN853,28-09-2025,00:49:00,HP,Mumbai-Pump-02,Mumbai,Power Petrol,34.28,99.86,3423.2,Card,Car,0,3,E-MUM-5
TXN854,19-06-2025,16:31:00,HP,Mumbai-Pump-02,Mumbai,Diesel,19.81,87.67,1736.74,UPI,Car,1,1,E-MUM-1
TXN855,04-02-2024,11:31:00,IOCL,Mumbai-Pump-04,Mumbai,Petrol,6.06,94.95,575.4,UPI,Bike,0,5,E-MUM-1
TXN856,19-04-2025,22:09:00,HP,Delhi-Pump-04,Delhi,Diesel,10.84,87.69,950.56,Cash,Bike,1,3,E-DEL-2
TXN857,14-11-2025,22:52:00,HP,Delhi-Pump-04,Delhi,Power Petrol,17.43,99.73,1738.29,Card,Car,0,4,E-DEL-4
TXN858,06-01-2024,02:48:00,HP,Delhi-Pump-01,Delhi,Power Petrol,7.79,99.72,776.82,UPI,Bike,0,4,E-DEL-1
TXN859,13-11-2025,16:09:00,IOCL,Bangalore-Pump-07,Bangalore,Power Petrol,42.29,99.44,4205.32,Cash,Car,1,1,E-BAN-3
TXN860,09-05-2025,17:11:00,IOCL,Delhi-Pump-04,Delhi,Diesel,10.42,87.38,910.5,UPI,Bike,1,4,E-DEL-2
TXN861,02-10-2025,07:01:00,IOCL,Delhi-Pump-01,Delhi,Power Petrol,11.91,99.09,1180.16,UPI,Bike,1,3,E-DEL-2
TXN862,13-10-2025,09:03:00,HP,Bangalore-Pump-07,Bangalore,Diesel,9.95,87.48,870.43,UPI,Bike,0,1,E-BAN-3
TXN863,27-03-2024,19:50:00,BPCL,Pune-Pump-01,Pune,Petrol,21.11,94.44,1993.63,UPI,Car,0,5,E-PUN-3
TXN864,14-05-2025,03:15:00,HP,Delhi-Pump-01,Delhi,Petrol,5.71,94.39,538.97,UPI,Bike,0,3,E-DEL-5
TXN865,10-03-2025,08:33:00,BPCL,Delhi-Pump-01,Delhi,Diesel,10.95,88.04,964.04,Card,Bike,1,1,E-DEL-2
TXN866,28-07-2025,00:53:00,IOCL,Pune-Pump-01,Pune,Power Petrol,12.32,99.27,1223.01,Cash,Bike,1,5,E-PUN-2
TXN867,21-05-2024,22:30:00,IOCL,Chennai-Pump-05,Chennai,Petrol,9.91,94.36,935.11,Cash,Bike,1,4,E-CHE-4
TXN868,11-05-2025,13:42:00,HP,Delhi-Pump-04,Delhi,Diesel,11.94,88.04,1051.2,Card,Bike,0,1,E-DEL-1
TXN869,15-04-2024,10:00:00,BPCL,Chennai-Pump-03,Chennai,Diesel,30.61,87.99,2693.37,Cash,Car,0,3,E-CHE-4
TXN870,20-07-2025,22:31:00,HP,Bangalore-Pump-07,Bangalore,Diesel,17.15,87.64,1503.03,UPI,Car,1,2,E-BAN-3
TXN871,29-12-2024,20:36:00,HP,Mumbai-Pump-02,Mumbai,Diesel,20.87,87.98,1836.14,Card,Car,0,2,E-MUM-2
TXN872,07-12-2024,13:04:00,BPCL,Pune-Pump-01,Pune,Power Petrol,22.85,99.13,2265.12,UPI,Car,0,4,E-PUN-1
TXN873,20-07-2024,06:22:00,BPCL,Chennai-Pump-03,Chennai,Power Petrol,18.38,99.26,1824.4,Cash,Car,1,3,E-CHE-3
TXN874,16-08-2025,17:12:00,BPCL,Chennai-Pump-03,Chennai,Diesel,39.47,87.73,3462.7,Cash,Car,1,4,E-CHE-5
TXN875,26-04-2025,10:34:00,BPCL,Delhi-Pump-01,Delhi,Diesel,7.84,87.54,686.31,UPI,Bike,1,2,E-DEL-5
TXN876,24-11-2025,10:39:00,BPCL,Mumbai-Pump-04,Mumbai,Petrol,17.22,94.36,1624.88,UPI,Car,0,5,E-MUM-1
TXN877,06-11-2025,13:05:00,HP,Delhi-Pump-01,Delhi,Power Petrol,22.12,99.62,2203.59,Card,Car,0,3,E-DEL-5
TXN878,01-10-2024,16:25:00,HP,Chennai-Pump-05,Chennai,Power Petrol,20.69,99.79,2064.66,Cash,Car,1,5,E-CHE-3
TXN879,06-03-2025,18:31:00,HP,Chennai-Pump-05,Chennai,Petrol,26.28,94.64,2487.14,Card,Car,1,1,E-CHE-5
TXN880,30-12-2025,08:04:00,HP,Mumbai-Pump-04,Mumbai,Power Petrol,10.98,99.8,1095.8,Card,Bike,0,2,E-MUM-4
TXN881,21-01-2025,12:40:00,IOCL,Bangalore-Pump-07,Bangalore,Petrol,29.8,94.57,2818.19,UPI,Car,0,2,E-BAN-2
TXN882,23-10-2024,12:57:00,BPCL,Mumbai-Pump-02,Mumbai,Power Petrol,35.05,99.54,3488.88,Cash,Car,1,1,E-MUM-4
TXN883,25-10-2024,19:03:00,IOCL,Mumbai-Pump-04,Mumbai,Diesel,20.86,87.76,1830.67,Card,Car,0,2,E-MUM-1
TXN884,10-09-2025,16:44:00,IOCL,Delhi-Pump-04,Delhi,Power Petrol,9.29,99.89,927.98,UPI,Bike,0,3,E-DEL-5
TXN885,23-06-2024,18:58:00,BPCL,Delhi-Pump-04,Delhi,Diesel,21.51,87.53,1882.77,Cash,Car,0,5,E-DEL-3
TXN886,17-05-2025,21:14:00,IOCL,Delhi-Pump-04,Delhi,Power Petrol,8.67,99.33,861.19,Cash,Bike,1,4,E-DEL-3
TXN887,29-05-2024,11:37:00,HP,Delhi-Pump-01,Delhi,Diesel,7.19,87.36,628.12,Cash,Bike,1,1,E-DEL-5
TXN888,18-11-2024,03:05:00,BPCL,Delhi-Pump-01,Delhi,Petrol,8.92,94.29,841.07,Card,Bike,0,5,E-DEL-5
TXN889,19-02-2025,15:20:00,HP,Pune-Pump-06,Pune,Power Petrol,36.66,99.46,3646.2,UPI,Car,0,5,E-PUN-5
TXN890,12-05-2024,06:37:00,HP,Bangalore-Pump-07,Bangalore,Diesel,22.21,87.15,1935.6,UPI,Car,0,1,E-BAN-4
TXN891,10-08-2025,06:45:00,IOCL,Pune-Pump-06,Pune,Petrol,6.63,94.64,627.46,UPI,Bike,1,1,E-PUN-5
TXN892,24-08-2024,02:39:00,HP,Mumbai-Pump-02,Mumbai,Petrol,25.91,94.59,2450.83,UPI,Car,0,1,E-MUM-4
TXN893,13-01-2025,06:37:00,BPCL,Pune-Pump-06,Pune,Power Petrol,12.7,99.09,1258.44,UPI,Bike,1,4,E-PUN-5
TXN894,05-10-2025,03:50:00,HP,Mumbai-Pump-04,Mumbai,Petrol,6.05,94.43,571.3,UPI,Bike,0,3,E-MUM-5
TXN895,10-06-2024,09:23:00,IOCL,Delhi-Pump-01,Delhi,Power Petrol,43.17,99.17,4281.17,UPI,Car,0,3,E-DEL-5
TXN896,11-03-2025,20:09:00,IOCL,Bangalore-Pump-07,Bangalore,Petrol,8.95,94.34,844.34,UPI,Bike,0,5,E-BAN-3
TXN897,19-10-2024,03:08:00,HP,Pune-Pump-01,Pune,Power Petrol,9.77,99.55,972.6,Card,Bike,1,3,E-PUN-2
TXN898,11-02-2024,06:46:00,IOCL,Delhi-Pump-04,Delhi,Power Petrol,9.5,99.74,947.53,UPI,Bike,1,4,E-DEL-2
TXN899,09-05-2025,02:19:00,IOCL,Delhi-Pump-04,Delhi,Petrol,16.27,95.22,1549.23,Card,Car,0,4,E-DEL-3
TXN900,06-07-2025,23:19:00,HP,Pune-Pump-06,Pune,Diesel,9.23,87.55,808.09,UPI,Bike,0,5,E-PUN-2
TXN901,27-08-2025,04:56:00,IOCL,Delhi-Pump-01,Delhi,Petrol,27.91,94.64,2641.4,Cash,Car,1,4,E-DEL-3
TXN902,07-09-2025,14:56:00,IOCL,Chennai-Pump-03,Chennai,Power Petrol,33.62,99.63,3349.56,UPI,Car,0,5,E-CHE-5
TXN903,21-06-2024,18:53:00,BPCL,Bangalore-Pump-07,Bangalore,Diesel,14.65,87.5,1281.88,Card,Bike,1,5,E-BAN-5
TXN904,08-05-2025,20:35:00,BPCL,Delhi-Pump-01,Delhi,Diesel,31.92,87.83,2803.53,UPI,Car,0,4,E-DEL-5
TXN905,06-03-2025,12:00:00,IOCL,Pune-Pump-06,Pune,Petrol,40.37,94.96,3833.54,Cash,Car,0,3,E-PUN-3
TXN906,13-08-2025,16:00:00,BPCL,Chennai-Pump-03,Chennai,Diesel,29.42,87.31,2568.66,UPI,Car,1,3,E-CHE-3
TXN907,10-12-2024,22:37:00,HP,Bangalore-Pump-07,Bangalore,Power Petrol,33.49,99.71,3339.29,UPI,Car,1,2,E-BAN-2
TXN908,13-01-2024,12:19:00,HP,Chennai-Pump-03,Chennai,Diesel,30.19,87.48,2641.02,Cash,Car,1,5,E-CHE-1
TXN909,28-02-2024,03:34:00,HP,Chennai-Pump-05,Chennai,Petrol,7.44,95.05,707.17,UPI,Bike,0,3,E-CHE-1
TXN910,14-05-2024,06:50:00,HP,Chennai-Pump-03,Chennai,Petrol,6.26,94.72,592.95,UPI,Bike,1,3,E-CHE-5
TXN911,23-03-2025,20:17:00,BPCL,Chennai-Pump-05,Chennai,Diesel,41.82,87.53,3660.5,Card,Car,0,3,E-CHE-1
TXN912,12-06-2024,09:04:00,HP,Delhi-Pump-04,Delhi,Power Petrol,6.31,99.46,627.59,UPI,Bike,0,4,E-DEL-5
TXN913,17-01-2024,13:12:00,IOCL,Pune-Pump-06,Pune,Diesel,6.62,88.1,583.22,UPI,Bike,0,5,E-PUN-1
TXN914,13-11-2025,15:35:00,BPCL,Chennai-Pump-03,Chennai,Power Petrol,5.97,99.69,595.15,Cash,Bike,1,4,E-CHE-1
TXN915,04-09-2025,22:23:00,HP,Chennai-Pump-05,Chennai,Petrol,5.77,94.38,544.57,UPI,Bike,0,4,E-CHE-4
TXN916,04-03-2024,17:42:00,HP,Mumbai-Pump-02,Mumbai,Power Petrol,21.38,99.26,2122.18,UPI,Car,0,1,E-MUM-3
TXN917,22-11-2024,03:43:00,IOCL,Mumbai-Pump-02,Mumbai,Power Petrol,46.53,99.24,4617.64,Card,Car,0,4,E-MUM-3
TXN918,21-12-2025,14:37:00,IOCL,Delhi-Pump-01,Delhi,Power Petrol,5.29,99.66,527.2,UPI,Bike,1,5,E-DEL-3
TXN919,25-02-2024,11:50:00,IOCL,Chennai-Pump-05,Chennai,Diesel,14.54,87.72,1275.45,UPI,Bike,0,5,E-CHE-2
TXN920,05-10-2025,18:19:00,BPCL,Mumbai-Pump-04,Mumbai,Diesel,6.07,87.63,531.91,Cash,Bike,0,1,E-MUM-4
TXN921,08-04-2025,05:41:00,HP,Chennai-Pump-05,Chennai,Diesel,12.99,87.98,1142.86,Card,Bike,1,1,E-CHE-4
TXN922,20-09-2024,03:11:00,BPCL,Pune-Pump-01,Pune,Petrol,13.79,94.26,1299.85,Card,Bike,0,2,E-PUN-5
TXN923,26-04-2025,13:25:00,IOCL,Chennai-Pump-05,Chennai,Diesel,16.79,87.83,1474.67,Cash,Car,1,4,E-CHE-4
TXN924,07-12-2025,06:05:00,BPCL,Delhi-Pump-04,Delhi,Diesel,19.97,87.97,1756.76,Cash,Car,0,5,E-DEL-4
TXN925,06-10-2024,23:56:00,BPCL,Chennai-Pump-05,Chennai,Petrol,29.83,94.84,2829.08,Cash,Car,1,1,E-CHE-2
TXN926,26-03-2024,07:12:00,IOCL,Pune-Pump-06,Pune,Petrol,11.4,95.12,1084.37,UPI,Bike,0,1,E-PUN-1
TXN927,10-05-2025,18:09:00,IOCL,Bangalore-Pump-07,Bangalore,Petrol,40.17,94.26,3786.42,UPI,Car,0,3,E-BAN-5
TXN928,09-05-2025,12:02:00,BPCL,Mumbai-Pump-04,Mumbai,Power Petrol,10.66,99.79,1063.76,Card,Bike,1,2,E-MUM-3
TXN929,23-09-2024,22:50:00,BPCL,Delhi-Pump-04,Delhi,Petrol,11.43,94.73,1082.76,Card,Bike,1,2,E-DEL-1
TXN930,02-02-2024,19:36:00,BPCL,Delhi-Pump-04,Delhi,Power Petrol,26.91,99.74,2684,Cash,Car,1,5,E-DEL-2
TXN931,13-01-2025,21:13:00,BPCL,Bangalore-Pump-07,Bangalore,Power Petrol,34.97,99.41,3476.37,Cash,Car,1,5,E-BAN-4
TXN932,30-08-2024,07:33:00,HP,Pune-Pump-06,Pune,Diesel,10.49,87.57,918.61,Cash,Bike,0,2,E-PUN-5
TXN933,25-08-2024,05:31:00,HP,Pune-Pump-06,Pune,Petrol,27.43,95.15,2609.96,UPI,Car,0,5,E-PUN-4
TXN934,23-11-2024,23:44:00,BPCL,Delhi-Pump-04,Delhi,Diesel,8.68,87.47,759.24,UPI,Bike,0,2,E-DEL-5
TXN935,08-12-2024,21:22:00,HP,Chennai-Pump-03,Chennai,Diesel,45.07,87.41,3939.57,Card,Car,1,4,E-CHE-2
TXN936,13-11-2024,20:56:00,BPCL,Mumbai-Pump-04,Mumbai,Diesel,27.51,87.31,2401.9,UPI,Car,1,2,E-MUM-3
TXN937,01-10-2025,21:30:00,IOCL,Delhi-Pump-01,Delhi,Petrol,45.65,95,4336.75,Card,Car,0,5,E-DEL-1
TXN938,30-11-2025,00:42:00,BPCL,Delhi-Pump-04,Delhi,Diesel,12.25,87.68,1074.08,Cash,Bike,1,1,E-DEL-5
TXN939,31-07-2024,03:48:00,BPCL,Mumbai-Pump-04,Mumbai,Power Petrol,36.24,99.76,3615.3,Card,Car,1,4,E-MUM-1
TXN940,01-02-2024,09:37:00,IOCL,Mumbai-Pump-02,Mumbai,Diesel,5.46,87.2,476.11,Cash,Bike,0,5,E-MUM-5
TXN941,02-04-2024,08:39:00,HP,Bangalore-Pump-07,Bangalore,Petrol,34.67,94.98,3292.96,Cash,Car,1,2,E-BAN-1
TXN942,06-04-2025,12:45:00,BPCL,Mumbai-Pump-02,Mumbai,Petrol,5.6,94.41,528.7,UPI,Bike,0,1,E-MUM-5
TXN943,23-09-2025,04:27:00,IOCL,Delhi-Pump-01,Delhi,Petrol,14.36,94.39,1355.44,Card,Bike,1,4,E-DEL-3
TXN944,14-11-2024,02:56:00,IOCL,Bangalore-Pump-07,Bangalore,Power Petrol,42.34,99.37,4207.33,Card,Car,0,2,E-BAN-4
TXN945,16-11-2024,12:17:00,HP,Chennai-Pump-03,Chennai,Petrol,24.69,94.85,2341.85,UPI,Car,0,4,E-CHE-4
TXN946,16-11-2025,04:12:00,BPCL,Pune-Pump-06,Pune,Power Petrol,9.19,99.02,909.99,Cash,Bike,0,2,E-PUN-5
TXN947,17-04-2024,21:03:00,IOCL,Chennai-Pump-05,Chennai,Diesel,12.27,87.59,1074.73,Card,Bike,1,2,E-CHE-5
TXN948,26-05-2025,20:19:00,BPCL,Chennai-Pump-05,Chennai,Power Petrol,39.46,99.38,3921.53,Card,Car,1,1,E-CHE-3
TXN949,25-03-2024,14:59:00,HP,Mumbai-Pump-02,Mumbai,Diesel,9.78,87.37,854.48,Card,Bike,0,1,E-MUM-2
TXN950,31-07-2024,05:54:00,HP,Chennai-Pump-03,Chennai,Petrol,34.09,94.7,3228.32,Card,Car,1,3,E-CHE-3
TXN951,30-10-2024,07:18:00,HP,Mumbai-Pump-04,Mumbai,Diesel,12.58,87.89,1105.66,Card,Bike,0,5,E-MUM-5
TXN952,07-11-2024,13:39:00,HP,Bangalore-Pump-07,Bangalore,Petrol,28.77,95,2733.15,UPI,Car,0,2,E-BAN-5
TXN953,06-08-2024,02:56:00,IOCL,Delhi-Pump-04,Delhi,Power Petrol,30.7,99.43,3052.5,UPI,Car,0,3,E-DEL-3
TXN954,01-03-2024,06:41:00,IOCL,Chennai-Pump-05,Chennai,Petrol,17.76,94.6,1680.1,UPI,Car,0,4,E-CHE-5
TXN955,25-02-2024,17:21:00,IOCL,Pune-Pump-06,Pune,Petrol,40.7,95.11,3870.98,Card,Car,1,2,E-PUN-1
TXN956,24-05-2024,00:34:00,BPCL,Mumbai-Pump-04,Mumbai,Power Petrol,19.89,99.09,1970.9,Card,Car,0,4,E-MUM-4
TXN957,20-04-2024,09:18:00,HP,Delhi-Pump-01,Delhi,Petrol,31.48,94.74,2982.42,Cash,Car,0,3,E-DEL-4
TXN958,26-12-2025,19:50:00,BPCL,Chennai-Pump-05,Chennai,Diesel,26.58,87.84,2334.79,Cash,Car,1,5,E-CHE-3
TXN959,01-01-2025,15:54:00,IOCL,Pune-Pump-01,Pune,Diesel,8.49,88.04,747.46,Cash,Bike,1,3,E-PUN-2
TXN960,12-01-2025,15:40:00,IOCL,Delhi-Pump-01,Delhi,Diesel,15.52,87.39,1356.29,UPI,Car,0,4,E-DEL-2
TXN961,27-08-2024,14:00:00,HP,Pune-Pump-01,Pune,Power Petrol,12.69,99.55,1263.29,Card,Bike,1,4,E-PUN-4
TXN962,19-02-2025,07:21:00,BPCL,Pune-Pump-01,Pune,Diesel,8.32,87.36,726.84,UPI,Bike,1,1,E-PUN-3
TXN963,07-08-2025,11:59:00,HP,Mumbai-Pump-02,Mumbai,Petrol,12.32,94.37,1162.64,Cash,Bike,1,4,E-MUM-2
TXN964,16-01-2025,15:24:00,HP,Mumbai-Pump-02,Mumbai,Petrol,17.84,94.78,1690.88,Card,Car,0,2,E-MUM-2
TXN965,16-04-2025,13:51:00,IOCL,Delhi-Pump-04,Delhi,Power Petrol,24.88,99.03,2463.87,Cash,Car,0,2,E-DEL-1
TXN966,09-02-2024,15:13:00,IOCL,Bangalore-Pump-07,Bangalore,Power Petrol,11.37,99.1,1126.77,Cash,Bike,1,3,E-BAN-4
TXN967,11-11-2025,05:11:00,BPCL,Chennai-Pump-05,Chennai,Power Petrol,9.02,98.96,892.62,Cash,Bike,1,4,E-CHE-2
TXN968,12-07-2024,10:32:00,HP,Pune-Pump-06,Pune,Diesel,41.99,87.54,3675.8,Cash,Car,1,3,E-PUN-3
TXN969,11-10-2025,05:59:00,HP,Chennai-Pump-05,Chennai,Petrol,24.6,94.53,2325.44,Card,Car,1,4,E-CHE-5
TXN970,19-06-2025,08:47:00,HP,Mumbai-Pump-02,Mumbai,Diesel,25.44,87.69,2230.83,Card,Car,1,5,E-MUM-5
TXN971,05-01-2025,21:25:00,BPCL,Chennai-Pump-05,Chennai,Power Petrol,10.94,99.88,1092.69,UPI,Bike,1,2,E-CHE-1
TXN972,16-06-2025,18:16:00,IOCL,Bangalore-Pump-07,Bangalore,Power Petrol,22.98,99.58,2288.35,UPI,Car,1,4,E-BAN-5
TXN973,23-04-2025,05:05:00,IOCL,Mumbai-Pump-04,Mumbai,Power Petrol,26.37,99.59,2626.19,Card,Car,1,3,E-MUM-5
TXN974,18-07-2025,20:17:00,BPCL,Bangalore-Pump-07,Bangalore,Petrol,9.03,94.76,855.68,UPI,Bike,1,1,E-BAN-4
TXN975,14-03-2025,21:43:00,HP,Bangalore-Pump-07,Bangalore,Power Petrol,49.44,99.41,4914.83,Card,Car,0,4,E-BAN-2
TXN976,24-06-2024,10:16:00,BPCL,Chennai-Pump-05,Chennai,Power Petrol,41.95,99.46,4172.35,Card,Car,0,5,E-CHE-1
TXN977,21-09-2025,23:19:00,HP,Mumbai-Pump-04,Mumbai,Power Petrol,44.25,99.86,4418.81,UPI,Car,0,4,E-MUM-5
TXN978,27-04-2024,20:34:00,HP,Chennai-Pump-03,Chennai,Petrol,29.46,94.56,2785.74,UPI,Car,1,3,E-CHE-2
TXN979,02-05-2025,13:23:00,HP,Chennai-Pump-03,Chennai,Power Petrol,39.63,99.28,3934.47,Card,Car,0,3,E-CHE-2
TXN980,21-03-2024,12:51:00,BPCL,Delhi-Pump-04,Delhi,Power Petrol,22.69,99.68,2261.74,UPI,Car,0,5,E-DEL-5
TXN981,12-12-2024,04:50:00,IOCL,Bangalore-Pump-07,Bangalore,Power Petrol,6.7,99.87,669.13,Cash,Bike,0,4,E-BAN-4
TXN982,28-04-2025,18:30:00,HP,Pune-Pump-01,Pune,Petrol,10.74,94.54,1015.36,Cash,Bike,1,4,E-PUN-5
TXN983,04-02-2025,23:31:00,HP,Delhi-Pump-04,Delhi,Power Petrol,31.34,99.76,3126.48,UPI,Car,0,1,E-DEL-2
TXN984,17-04-2025,07:27:00,HP,Mumbai-Pump-02,Mumbai,Petrol,10.31,94.46,973.88,Cash,Bike,0,4,E-MUM-4
TXN985,12-09-2025,17:25:00,HP,Delhi-Pump-01,Delhi,Petrol,32.05,94.64,3033.21,UPI,Car,1,5,E-DEL-4
TXN986,06-07-2024,13:30:00,IOCL,Bangalore-Pump-07,Bangalore,Diesel,48.72,88.08,4291.26,Card,Car,0,3,E-BAN-5
TXN987,04-07-2024,06:56:00,HP,Pune-Pump-06,Pune,Diesel,27.4,87.5,2397.5,Cash,Car,1,4,E-PUN-5
TXN988,16-03-2025,09:20:00,HP,Pune-Pump-06,Pune,Diesel,31.16,87.23,2718.09,UPI,Car,0,4,E-PUN-3
TXN989,07-12-2024,22:05:00,BPCL,Bangalore-Pump-07,Bangalore,Petrol,28.15,95.18,2679.32,UPI,Car,0,5,E-BAN-3
TXN990,21-01-2024,04:21:00,IOCL,Delhi-Pump-01,Delhi,Diesel,10.16,87.49,888.9,UPI,Bike,1,3,E-DEL-4
TXN991,03-01-2024,18:21:00,HP,Pune-Pump-01,Pune,Power Petrol,7.2,99.03,713.02,UPI,Bike,0,2,E-PUN-2
TXN992,11-08-2025,16:59:00,IOCL,Delhi-Pump-01,Delhi,Power Petrol,42.84,98.97,4239.87,UPI,Car,0,5,E-DEL-4
TXN993,18-02-2025,02:59:00,IOCL,Mumbai-Pump-04,Mumbai,Petrol,10.1,94.8,957.48,UPI,Bike,1,3,E-MUM-1
TXN994,10-01-2024,15:52:00,IOCL,Pune-Pump-01,Pune,Petrol,11.08,94.33,1045.18,UPI,Bike,1,2,E-PUN-1
TXN995,20-10-2025,23:50:00,HP,Chennai-Pump-05,Chennai,Petrol,9.62,95.07,914.57,Cash,Bike,0,3,E-CHE-2
TXN996,03-11-2024,13:45:00,BPCL,Mumbai-Pump-04,Mumbai,Power Petrol,7.11,99.06,704.32,Cash,Bike,0,1,E-MUM-5
TXN997,15-03-2024,10:35:00,HP,Delhi-Pump-01,Delhi,Power Petrol,22.27,99.92,2225.22,Card,Car,0,1,E-DEL-5
TXN998,02-12-2024,18:54:00,IOCL,Mumbai-Pump-02,Mumbai,Diesel,24.04,87.14,2094.85,Cash,Car,1,3,E-MUM-2
TXN999,11-12-2025,15:02:00,HP,Mumbai-Pump-02,Mumbai,Petrol,20.58,94.43,1943.37,Cash,Car,0,2,E-MUM-5
TXN1000,11-11-2024,13:12:00,HP,Pune-Pump-06,Pune,Power Petrol,14.38,99.62,1432.54,Card,Bike,1,5,E-PUN-5
TXN1001,16-07-2024,03:19:00,IOCL,Mumbai-Pump-04,Mumbai,Petrol,30.29,94.66,2867.25,UPI,Car,1,1,E-MUM-1
TXN1002,04-08-2024,19:18:00,IOCL,Mumbai-Pump-04,Mumbai,Diesel,31.11,87.4,2719.01,Card,Car,1,5,E-MUM-1
TXN1003,08-01-2025,19:45:00,BPCL,Pune-Pump-01,Pune,Petrol,39.06,95.2,3718.51,UPI,Car,0,2,E-PUN-3
TXN1004,23-11-2024,05:07:00,HP,Bangalore-Pump-07,Bangalore,Diesel,46.28,87.76,4061.53,UPI,Car,1,3,E-BAN-4
TXN1005,10-04-2024,14:58:00,BPCL,Chennai-Pump-05,Chennai,Diesel,17.54,87.62,1536.85,UPI,Car,0,2,E-CHE-3
TXN1006,22-09-2024,09:26:00,IOCL,Mumbai-Pump-02,Mumbai,Petrol,5.7,95.02,541.61,UPI,Bike,0,1,E-MUM-4
TXN1007,13-07-2025,06:06:00,BPCL,Pune-Pump-06,Pune,Diesel,19.15,87.32,1672.18,Card,Car,0,1,E-PUN-5
TXN1008,06-07-2024,10:32:00,IOCL,Mumbai-Pump-02,Mumbai,Petrol,7.95,95,755.25,Cash,Bike,0,2,E-MUM-3
TXN1009,26-06-2024,17:55:00,HP,Mumbai-Pump-04,Mumbai,Power Petrol,31.09,99.28,3086.62,Card,Car,0,3,E-MUM-4
TXN1010,16-02-2025,19:18:00,IOCL,Pune-Pump-06,Pune,Power Petrol,7.89,99.94,788.53,Card,Bike,1,5,E-PUN-2
TXN1011,07-12-2025,23:45:00,BPCL,Pune-Pump-06,Pune,Diesel,11.12,87.46,972.56,UPI,Bike,1,5,E-PUN-5
TXN1012,20-02-2024,15:45:00,IOCL,Mumbai-Pump-04,Mumbai,Diesel,18.76,87.62,1643.75,Card,Car,1,1,E-MUM-3
TXN1013,16-07-2024,00:30:00,IOCL,Delhi-Pump-01,Delhi,Power Petrol,5.41,99,535.59,Card,Bike,0,1,E-DEL-1
TXN1014,12-01-2025,12:35:00,BPCL,Delhi-Pump-04,Delhi,Power Petrol,9.85,99.19,977.02,Card,Bike,0,2,E-DEL-5
TXN1015,27-08-2024,08:03:00,BPCL,Chennai-Pump-05,Chennai,Power Petrol,11.32,99.61,1127.59,UPI,Bike,1,2,E-CHE-1
TXN1016,28-03-2025,03:22:00,HP,Mumbai-Pump-02,Mumbai,Petrol,13.13,94.32,1238.42,Cash,Bike,0,2,E-MUM-4
TXN1017,21-10-2024,21:28:00,IOCL,Delhi-Pump-01,Delhi,Diesel,27.28,87.99,2400.37,Cash,Car,1,5,E-DEL-1
TXN1018,01-04-2024,21:06:00,HP,Bangalore-Pump-07,Bangalore,Diesel,32.72,88,2879.36,Card,Car,1,4,E-BAN-1
TXN1019,26-11-2025,19:19:00,BPCL,Mumbai-Pump-04,Mumbai,Diesel,6.52,87.22,568.67,Card,Bike,0,2,E-MUM-4
TXN1020,01-01-2024,06:34:00,HP,Delhi-Pump-01,Delhi,Petrol,11.26,95.19,1071.84,UPI,Bike,1,3,E-DEL-1
TXN1021,23-11-2024,10:35:00,HP,Delhi-Pump-01,Delhi,Petrol,5.42,94.78,513.71,UPI,Bike,0,4,E-DEL-4
TXN1022,23-10-2024,07:39:00,IOCL,Delhi-Pump-04,Delhi,Power Petrol,47.53,99.39,4724.01,Cash,Car,0,2,E-DEL-4
TXN1023,25-07-2024,12:46:00,IOCL,Chennai-Pump-03,Chennai,Petrol,17.19,94.57,1625.66,Card,Car,0,5,E-CHE-5
TXN1024,29-07-2024,22:40:00,IOCL,Chennai-Pump-03,Chennai,Diesel,49.83,87.51,4360.62,UPI,Car,0,4,E-CHE-2
TXN1025,17-08-2025,00:54:00,HP,Chennai-Pump-03,Chennai,Diesel,40.58,87.74,3560.49,Card,Car,1,2,E-CHE-2
TXN1026,14-08-2024,16:43:00,IOCL,Pune-Pump-01,Pune,Power Petrol,8.09,99.6,805.76,Card,Bike,0,2,E-PUN-5
TXN1027,19-11-2024,06:59:00,BPCL,Bangalore-Pump-07,Bangalore,Diesel,23.75,87.63,2081.21,Card,Car,0,2,E-BAN-1
TXN1028,02-07-2024,14:34:00,BPCL,Delhi-Pump-04,Delhi,Petrol,7.88,94.64,745.76,Card,Bike,1,2,E-DEL-4
TXN1029,06-10-2024,18:22:00,IOCL,Delhi-Pump-04,Delhi,Petrol,13.09,94.71,1239.75,UPI,Bike,1,3,E-DEL-4
TXN1030,20-04-2025,10:59:00,BPCL,Mumbai-Pump-04,Mumbai,Petrol,24.31,94.42,2295.35,Card,Car,1,2,E-MUM-3
TXN1031,27-01-2024,22:59:00,IOCL,Delhi-Pump-04,Delhi,Diesel,47.92,87.56,4195.88,UPI,Car,0,1,E-DEL-4
TXN1032,20-08-2024,17:22:00,IOCL,Mumbai-Pump-04,Mumbai,Petrol,6.87,94.59,649.83,UPI,Bike,0,2,E-MUM-3
TXN1033,21-10-2025,03:05:00,BPCL,Bangalore-Pump-07,Bangalore,Petrol,10.94,95.05,1039.85,Cash,Bike,1,1,E-BAN-1
TXN1034,30-01-2024,19:40:00,IOCL,Mumbai-Pump-04,Mumbai,Petrol,10.67,95.08,1014.5,Card,Bike,1,5,E-MUM-3
TXN1035,31-07-2025,05:58:00,BPCL,Mumbai-Pump-04,Mumbai,Diesel,6.09,87.78,534.58,Card,Bike,0,4,E-MUM-5
TXN1036,28-08-2024,19:33:00,BPCL,Bangalore-Pump-07,Bangalore,Power Petrol,8.13,99.61,809.83,UPI,Bike,0,4,E-BAN-3
TXN1037,22-06-2024,17:02:00,BPCL,Chennai-Pump-03,Chennai,Diesel,9.3,87.98,818.21,UPI,Bike,0,5,E-CHE-3
TXN1038,30-01-2025,03:17:00,BPCL,Pune-Pump-01,Pune,Petrol,5.91,94.3,557.31,UPI,Bike,0,2,E-PUN-5
TXN1039,21-06-2024,18:57:00,HP,Mumbai-Pump-04,Mumbai,Power Petrol,14.76,99.5,1468.62,Cash,Bike,1,1,E-MUM-1
TXN1040,07-01-2025,08:25:00,HP,Pune-Pump-01,Pune,Power Petrol,30.87,99.27,3064.46,Card,Car,1,1,E-PUN-1
TXN1041,31-05-2024,06:04:00,IOCL,Delhi-Pump-01,Delhi,Diesel,39.67,87.39,3466.76,Cash,Car,1,3,E-DEL-5
TXN1042,26-10-2025,02:32:00,HP,Delhi-Pump-01,Delhi,Diesel,10.88,87.73,954.5,Card,Bike,0,1,E-DEL-2
TXN1043,17-02-2025,18:18:00,HP,Delhi-Pump-01,Delhi,Diesel,44.78,88.01,3941.09,Cash,Car,1,2,E-DEL-1
TXN1044,22-08-2024,21:46:00,HP,Chennai-Pump-03,Chennai,Petrol,8.35,95.13,794.34,Card,Bike,1,4,E-CHE-3
TXN1045,02-05-2025,05:58:00,HP,Pune-Pump-01,Pune,Diesel,10.45,88.01,919.7,UPI,Bike,0,2,E-PUN-3
TXN1046,17-04-2025,22:08:00,IOCL,Mumbai-Pump-02,Mumbai,Diesel,9.99,87.91,878.22,Card,Bike,1,2,E-MUM-5
TXN1047,29-08-2024,13:07:00,IOCL,Bangalore-Pump-07,Bangalore,Petrol,18.96,94.38,1789.44,Cash,Car,1,3,E-BAN-3
TXN1048,03-04-2024,00:38:00,HP,Pune-Pump-06,Pune,Petrol,12.93,94.61,1223.31,Cash,Bike,0,2,E-PUN-5
TXN1049,16-08-2025,07:13:00,BPCL,Mumbai-Pump-02,Mumbai,Petrol,10.1,95.2,961.52,Card,Bike,0,1,E-MUM-5
TXN1050,02-10-2024,20:44:00,HP,Pune-Pump-06,Pune,Diesel,43.66,87.58,3823.74,UPI,Car,0,2,E-PUN-1
