Date,Company,FuelType,PaymentMethod,City,Year,Month,Day,DayOfWeek,IsWeekend,IsRepublicDay,DayMean_PriorYears,DayMean_Global,Predicted_Daily_Total_Amount
2026-01-01,BPCL,diesel,Card,bangalore,2026,1,1,3,0,0,993.4040000000001,993.4040000000001,1228.7556
2026-01-01,BPCL,diesel,Card,chennai,2026,1,1,3,0,0,2301.473,2301.473,1883.6902
2026-01-01,BPCL,diesel,Card,delhi,2026,1,1,3,0,0,2874.375,2874.375,3351.0469
2026-01-01,BPCL,diesel,Card,mumbai,2026,1,1,3,0,0,1289.77,1289.77,1652.0575
2026-01-01,BPCL,diesel,Card,pune,2026,1,1,3,0,0,1298.9855555555555,1298.9855555555555,1642.4391
2026-01-01,BPCL,diesel,Cash,bangalore,2026,1,1,3,0,0,1852.3433333333335,1852.3433333333335,1839.7687
2026-01-01,BPCL,diesel,Cash,chennai,2026,1,1,3,0,0,2704.081111111111,2704.081111111111,2892.2063
2026-01-01,BPCL,diesel,Cash,delhi,2026,1,1,3,0,0,3340.53,2138.9655555555555,3293.4685
2026-01-01,BPCL,diesel,Cash,mumbai,2026,1,1,3,0,0,1864.2336363636364,1864.2336363636364,1859.9576
2026-01-01,BPCL,diesel,Cash,pune,2026,1,1,3,0,0,1948.3183333333334,1948.3183333333334,1729.1909
2026-01-01,BPCL,diesel,UPI,bangalore,2026,1,1,3,0,0,2066.0075,2066.0075,1844.8699
2026-01-01,BPCL,diesel,UPI,chennai,2026,1,1,3,0,0,1813.2723076923078,1813.2723076923078,1767.8235
2026-01-01,BPCL,diesel,UPI,delhi,2026,1,1,3,0,0,1679.2490909090907,1679.2490909090907,1854.4404
2026-01-01,BPCL,diesel,UPI,mumbai,2026,1,1,3,0,0,1948.2766666666669,1948.2766666666669,1872.231
2026-01-01,BPCL,diesel,UPI,pune,2026,1,1,3,0,0,1330.9773333333333,1330.9773333333333,1696.1392
2026-01-01,BPCL,petrol,Card,bangalore,2026,1,1,3,0,0,3095.5171428571425,3095.5171428571425,3573.158
2026-01-01,BPCL,petrol,Card,chennai,2026,1,1,3,0,0,720.52,2214.8877777777775,847.1364
2026-01-01,BPCL,petrol,Card,delhi,2026,1,1,3,0,0,2320.816875,2320.816875,2095.594
2026-01-01,BPCL,petrol,Card,mumbai,2026,1,1,3,0,0,1882.6116666666667,1882.6116666666667,1846.9277
2026-01-01,BPCL,petrol,Card,pune,2026,1,1,3,0,0,2420.381,2420.381,1806.2838
2026-01-01,BPCL,petrol,Cash,bangalore,2026,1,1,3,0,0,2466.1639999999998,2466.1639999999998,1922.8353
2026-01-01,BPCL,petrol,Cash,chennai,2026,1,1,3,0,0,2086.0437500000003,2086.0437500000003,1687.3551
2026-01-01,BPCL,petrol,Cash,delhi,2026,1,1,3,0,0,1866.4633333333331,1866.4633333333331,1890.5107
2026-01-01,BPCL,petrol,Cash,mumbai,2026,1,1,3,0,0,1797.44125,1797.44125,1878.6501
2026-01-01,BPCL,petrol,Cash,pune,2026,1,1,3,0,0,2223.7366666666667,2223.7366666666667,1808.9156
2026-01-01,BPCL,petrol,UPI,bangalore,2026,1,1,3,0,0,2505.5628571428574,2505.5628571428574,1823.3469
2026-01-01,BPCL,petrol,UPI,chennai,2026,1,1,3,0,0,1973.3138461538463,1973.3138461538463,1704.6797
2026-01-01,BPCL,petrol,UPI,delhi,2026,1,1,3,0,0,2617.1457142857143,2617.1457142857143,3447.229
2026-01-01,BPCL,petrol,UPI,mumbai,2026,1,1,3,0,0,2047.079090909091,2047.079090909091,1930.481
2026-01-01,BPCL,petrol,UPI,pune,2026,1,1,3,0,0,1997.163,1997.163,1708.6414
2026-01-01,BPCL,power petrol,Card,bangalore,2026,1,1,3,0,0,2145.02,2145.02,1846.3552
2026-01-01,BPCL,power petrol,Card,chennai,2026,1,1,3,0,0,2133.150909090909,2133.150909090909,1728.1715
2026-01-01,BPCL,power petrol,Card,delhi,2026,1,1,3,0,0,2168.163333333333,2168.163333333333,2007.0928
2026-01-01,BPCL,power petrol,Card,mumbai,2026,1,1,3,0,0,1784.5966666666668,1784.5966666666668,1759.0863
2026-01-01,BPCL,power petrol,Card,pune,2026,1,1,3,0,0,2765.4100000000003,2765.4100000000003,2900.3496
2026-01-01,BPCL,power petrol,Cash,bangalore,2026,1,1,3,0,0,3476.37,3476.37,3542.2258
2026-01-01,BPCL,power petrol,Cash,chennai,2026,1,1,3,0,0,2002.8188888888888,2002.8188888888888,1712.0105
2026-01-01,BPCL,power petrol,Cash,delhi,2026,1,1,3,0,0,2305.334,2305.334,2222.7444
2026-01-01,BPCL,power petrol,Cash,mumbai,2026,1,1,3,0,0,2318.9137499999997,2318.9137499999997,1966.5682
2026-01-01,BPCL,power petrol,Cash,pune,2026,1,1,3,0,0,2600.3742857142856,2600.3742857142856,2900.731
2026-01-01,BPCL,power petrol,UPI,bangalore,2026,1,1,3,0,0,2434.395,2434.395,1969.5391
2026-01-01,BPCL,power petrol,UPI,chennai,2026,1,1,3,0,0,2866.3214285714284,2866.3214285714284,3458.028
2026-01-01,BPCL,power petrol,UPI,delhi,2026,1,1,3,0,0,2315.961111111111,2315.961111111111,2212.3472
2026-01-01,BPCL,power petrol,UPI,mumbai,2026,1,1,3,0,0,1974.024,1974.024,1899.5442
2026-01-01,BPCL,power petrol,UPI,pune,2026,1,1,3,0,0,1944.9627272727273,1944.9627272727273,1800.9154
2026-01-01,HP,diesel,Card,bangalore,2026,1,1,3,0,0,2871.181666666667,2871.181666666667,3175.2039
2026-01-01,HP,diesel,Card,chennai,2026,1,1,3,0,0,1960.89125,1960.89125,2118.0203
2026-01-01,HP,diesel,Card,delhi,2026,1,1,3,0,0,1208.6833333333334,1208.6833333333334,1159.6511
2026-01-01,HP,diesel,Card,mumbai,2026,1,1,3,0,0,1786.7369999999999,1786.7369999999999,1887.6803
2026-01-01,HP,diesel,Card,pune,2026,1,1,3,0,0,1597.4957142857143,1597.4957142857143,1786.0336
2026-01-01,HP,diesel,Cash,bangalore,2026,1,1,3,0,0,2432.7725,2432.7725,2415.7686
2026-01-01,HP,diesel,Cash,chennai,2026,1,1,3,0,0,1879.03,1879.03,2140.837
2026-01-01,HP,diesel,Cash,delhi,2026,1,1,3,0,0,1638.6328571428571,1638.6328571428571,1914.2053
2026-01-01,HP,diesel,Cash,mumbai,2026,1,1,3,0,0,1707.6585714285716,1707.6585714285716,2017.739
2026-01-01,HP,diesel,Cash,pune,2026,1,1,3,0,0,2379.6408333333334,2379.6408333333334,2297.6584
2026-01-01,HP,diesel,UPI,bangalore,2026,1,1,3,0,0,1802.21625,1802.21625,2084.7803
2026-01-01,HP,diesel,UPI,chennai,2026,1,1,3,0,0,2105.03125,2105.03125,2250.1218
2026-01-01,HP,diesel,UPI,delhi,2026,1,1,3,0,0,1426.8066666666666,1426.8066666666666,1829.521
2026-01-01,HP,diesel,UPI,mumbai,2026,1,1,3,0,0,2395.915,2395.915,2512.3308
2026-01-01,HP,diesel,UPI,pune,2026,1,1,3,0,0,2342.6475,2342.6475,2358.5576
2026-01-01,HP,petrol,Card,bangalore,2026,1,1,3,0,0,1726.2966666666669,1726.2966666666669,1874.0347
2026-01-01,HP,petrol,Card,chennai,2026,1,1,3,0,0,2772.457,2772.457,3108.7842
2026-01-01,HP,petrol,Card,delhi,2026,1,1,3,0,0,1653.8880000000001,1653.8880000000001,1817.2778
2026-01-01,HP,petrol,Card,mumbai,2026,1,1,3,0,0,2676.4533333333334,2676.4533333333334,3148.045
2026-01-01,HP,petrol,Card,pune,2026,1,1,3,0,0,2386.945,2386.945,2161.848
2026-01-01,HP,petrol,Cash,bangalore,2026,1,1,3,0,0,2466.4616666666666,2466.4616666666666,2349.633
2026-01-01,HP,petrol,Cash,chennai,2026,1,1,3,0,0,2243.4049999999997,2243.4049999999997,2361.3213
2026-01-01,HP,petrol,Cash,delhi,2026,1,1,3,0,0,2151.3700000000003,2151.3700000000003,2112.226
2026-01-01,HP,petrol,Cash,mumbai,2026,1,1,3,0,0,1801.3799999999999,1801.3799999999999,2030.2334
2026-01-01,HP,petrol,Cash,pune,2026,1,1,3,0,0,1396.2544444444443,1396.2544444444443,1574.9945
2026-01-01,HP,petrol,UPI,bangalore,2026,1,1,3,0,0,1942.2,1942.2,2092.3503
2026-01-01,HP,petrol,UPI,chennai,2026,1,1,3,0,0,1994.8986666666667,1994.8986666666667,2139.625
2026-01-01,HP,petrol,UPI,delhi,2026,1,1,3,0,0,1918.9264285714287,1918.9264285714287,2092.7437
2026-01-01,HP,petrol,UPI,mumbai,2026,1,1,3,0,0,2812.19,2812.19,3053.3496
2026-01-01,HP,petrol,UPI,pune,2026,1,1,3,0,0,1987.6850000000002,1987.6850000000002,2015.7775
2026-01-01,HP,power petrol,Card,bangalore,2026,1,1,3,0,0,3296.3419999999996,3296.3419999999996,3462.8452
2026-01-01,HP,power petrol,Card,chennai,2026,1,1,3,0,0,3017.558333333333,3017.558333333333,3502.6177
2026-01-01,HP,power petrol,Card,delhi,2026,1,1,3,0,0,1895.62375,1895.62375,2207.6445
2026-01-01,HP,power petrol,Card,mumbai,2026,1,1,3,0,0,2562.9829999999997,2562.9829999999997,3092.0989
2026-01-01,HP,power petrol,Card,pune,2026,1,1,3,0,0,1996.61,1996.61,1999.1631
2026-01-01,HP,power petrol,Cash,bangalore,2026,1,1,3,0,0,0.0,,782.5616
2026-01-01,HP,power petrol,Cash,chennai,2026,1,1,3,0,0,1808.9650000000001,1808.9650000000001,2015.1117
2026-01-01,HP,power petrol,Cash,delhi,2026,1,1,3,0,0,2445.5171428571425,2445.5171428571425,2659.2354
2026-01-01,HP,power petrol,Cash,mumbai,2026,1,1,3,0,0,2096.4666666666667,2096.4666666666667,2203.8726
2026-01-01,HP,power petrol,Cash,pune,2026,1,1,3,0,0,2382.055,2382.055,2312.0188
2026-01-01,HP,power petrol,UPI,bangalore,2026,1,1,3,0,0,1548.9699999999998,1548.9699999999998,2018.3027
2026-01-01,HP,power petrol,UPI,chennai,2026,1,1,3,0,0,3449.875,3449.875,3594.967
2026-01-01,HP,power petrol,UPI,delhi,2026,1,1,3,0,0,1322.702,1322.702,1933.045
2026-01-01,HP,power petrol,UPI,mumbai,2026,1,1,3,0,0,1848.05,1848.05,2293.8086
2026-01-01,HP,power petrol,UPI,pune,2026,1,1,3,0,0,2527.307777777778,2527.307777777778,3067.0732
2026-01-01,IOCL,diesel,Card,bangalore,2026,1,1,3,0,0,4194.373333333334,4194.373333333334,3334.3345
2026-01-01,IOCL,diesel,Card,chennai,2026,1,1,3,0,0,1461.5025,1461.5025,1826.935
2026-01-01,IOCL,diesel,Card,delhi,2026,1,1,3,0,0,1884.988,1884.988,2004.0938
2026-01-01,IOCL,diesel,Card,mumbai,2026,1,1,3,0,0,1978.7118181818184,1978.7118181818184,1966.9727
2026-01-01,IOCL,diesel,Card,pune,2026,1,1,3,0,0,1934.158888888889,1934.158888888889,1845.7332
2026-01-01,IOCL,diesel,Cash,bangalore,2026,1,1,3,0,0,1159.5700000000002,1159.5700000000002,1216.4
2026-01-01,IOCL,diesel,Cash,chennai,2026,1,1,3,0,0,948.3340000000001,948.3340000000001,1220.9717
2026-01-01,IOCL,diesel,Cash,delhi,2026,1,1,3,0,0,1955.898,1955.898,2060.259
2026-01-01,IOCL,diesel,Cash,mumbai,2026,1,1,3,0,0,1874.8266666666666,1874.8266666666666,2014.2133
2026-01-01,IOCL,diesel,Cash,pune,2026,1,1,3,0,0,1985.75,1985.75,1863.7153
2026-01-01,IOCL,diesel,UPI,bangalore,2026,1,1,3,0,0,1737.5199999999998,1737.5199999999998,1981.0747
2026-01-01,IOCL,diesel,UPI,chennai,2026,1,1,3,0,0,1916.011,1916.011,2062.372
2026-01-01,IOCL,diesel,UPI,delhi,2026,1,1,3,0,0,2074.5945454545454,2074.5945454545454,2144.0813
2026-01-01,IOCL,diesel,UPI,mumbai,2026,1,1,3,0,0,1915.90125,1915.90125,2098.2695
2026-01-01,IOCL,diesel,UPI,pune,2026,1,1,3,0,0,1043.585,1043.585,1209.3121
2026-01-01,IOCL,petrol,Card,bangalore,2026,1,1,3,0,0,1443.8766666666668,1443.8766666666668,1577.9111
2026-01-01,IOCL,petrol,Card,chennai,2026,1,1,3,0,0,2473.17875,2473.17875,2108.614
2026-01-01,IOCL,petrol,Card,delhi,2026,1,1,3,0,0,2645.5636363636363,2645.5636363636363,3488.7678
2026-01-01,IOCL,petrol,Card,mumbai,2026,1,1,3,0,0,1198.185714285714,1198.185714285714,1223.0168
2026-01-01,IOCL,petrol,Card,pune,2026,1,1,3,0,0,2556.2799999999997,2556.2799999999997,3006.1296
2026-01-01,IOCL,petrol,Cash,bangalore,2026,1,1,3,0,0,2577.71,2577.71,3180.2722
2026-01-01,IOCL,petrol,Cash,chennai,2026,1,1,3,0,0,1951.1850000000002,1951.1850000000002,1893.8678
2026-01-01,IOCL,petrol,Cash,delhi,2026,1,1,3,0,0,1317.81,2340.834,1703.4413
2026-01-01,IOCL,petrol,Cash,mumbai,2026,1,1,3,0,0,2457.228888888889,2457.228888888889,2320.543
2026-01-01,IOCL,petrol,Cash,pune,2026,1,1,3,0,0,2498.4,2498.4,2118.404
2026-01-01,IOCL,petrol,UPI,bangalore,2026,1,1,3,0,0,2599.9266666666667,2599.9266666666667,3232.7573
2026-01-01,IOCL,petrol,UPI,chennai,2026,1,1,3,0,0,1855.25,1855.25,1905.3545
2026-01-01,IOCL,petrol,UPI,delhi,2026,1,1,3,0,0,2062.8875,2062.8875,2064.6182
2026-01-01,IOCL,petrol,UPI,mumbai,2026,1,1,3,0,0,1764.125,1764.125,1992.8273
2026-01-01,IOCL,petrol,UPI,pune,2026,1,1,3,0,0,2083.22,2083.22,1825.4757
2026-01-01,IOCL,power petrol,Card,bangalore,2026,1,1,3,0,0,2473.382857142857,2473.382857142857,2174.0068
2026-01-01,IOCL,power petrol,Card,chennai,2026,1,1,3,0,0,2190.233333333333,2190.233333333333,2145.617
2026-01-01,IOCL,power petrol,Card,delhi,2026,1,1,3,0,0,1863.5766666666666,1863.5766666666666,2079.6633
2026-01-01,IOCL,power petrol,Card,mumbai,2026,1,1,3,0,0,2355.5714285714284,2355.5714285714284,2155.9485
2026-01-01,IOCL,power petrol,Card,pune,2026,1,1,3,0,0,2648.766153846154,2648.766153846154,2992.0686
2026-01-01,IOCL,power petrol,Cash,bangalore,2026,1,1,3,0,0,1865.993333333333,1865.993333333333,1897.5751
2026-01-01,IOCL,power petrol,Cash,chennai,2026,1,1,3,0,0,1671.87375,1671.87375,1800.1957
2026-01-01,IOCL,power petrol,Cash,delhi,2026,1,1,3,0,0,4541.99,2514.805,3935.7039
2026-01-01,IOCL,power petrol,Cash,mumbai,2026,1,1,3,0,0,2150.042857142857,2150.042857142857,1989.2058
2026-01-01,IOCL,power petrol,Cash,pune,2026,1,1,3,0,0,2724.98,2724.98,2802.815
2026-01-01,IOCL,power petrol,UPI,bangalore,2026,1,1,3,0,0,2309.24,2309.24,2224.1985
2026-01-01,IOCL,power petrol,UPI,chennai,2026,1,1,3,0,0,2456.991666666667,2456.991666666667,2213.327
2026-01-01,IOCL,power petrol,UPI,delhi,2026,1,1,3,0,0,2472.733846153846,2472.733846153846,2555.9714
2026-01-01,IOCL,power petrol,UPI,mumbai,2026,1,1,3,0,0,2099.7028571428573,2099.7028571428573,2054.9016
2026-01-01,IOCL,power petrol,UPI,pune,2026,1,1,3,0,0,2106.649,2106.649,1864.4872
2026-01-02,BPCL,diesel,Card,bangalore,2026,1,2,4,0,0,993.4040000000001,993.4040000000001,1289.0775
2026-01-02,BPCL,diesel,Card,chennai,2026,1,2,4,0,0,2301.473,2301.473,1936.9835
2026-01-02,BPCL,diesel,Card,delhi,2026,1,2,4,0,0,2874.375,2874.375,4097.5576
2026-01-02,BPCL,diesel,Card,mumbai,2026,1,2,4,0,0,1289.77,1289.77,1720.4475
2026-01-02,BPCL,diesel,Card,pune,2026,1,2,4,0,0,1298.9855555555555,1298.9855555555555,1701.7036
2026-01-02,BPCL,diesel,Cash,bangalore,2026,1,2,4,0,0,1852.3433333333335,1852.3433333333335,1882.7136
2026-01-02,BPCL,diesel,Cash,chennai,2026,1,2,4,0,0,2704.081111111111,2704.081111111111,3139.783
2026-01-02,BPCL,diesel,Cash,delhi,2026,1,2,4,0,0,2138.9655555555555,2138.9655555555555,1935.4763
2026-01-02,BPCL,diesel,Cash,mumbai,2026,1,2,4,0,0,1864.2336363636364,1864.2336363636364,1893.5884
2026-01-02,BPCL,diesel,Cash,pune,2026,1,2,4,0,0,1948.3183333333334,1948.3183333333334,1775.0256
2026-01-02,BPCL,diesel,UPI,bangalore,2026,1,2,4,0,0,2066.0075,2066.0075,1886.3804
2026-01-02,BPCL,diesel,UPI,chennai,2026,1,2,4,0,0,4326.18,1813.2723076923078,4209.095
2026-01-02,BPCL,diesel,UPI,delhi,2026,1,2,4,0,0,1679.2490909090907,1679.2490909090907,1951.0593
2026-01-02,BPCL,diesel,UPI,mumbai,2026,1,2,4,0,0,1948.2766666666669,1948.2766666666669,1914.0859
2026-01-02,BPCL,diesel,UPI,pune,2026,1,2,4,0,0,1330.9773333333333,1330.9773333333333,1725.395
2026-01-02,BPCL,petrol,Card,bangalore,2026,1,2,4,0,0,3095.5171428571425,3095.5171428571425,4314.8247
2026-01-02,BPCL,petrol,Card,chennai,2026,1,2,4,0,0,2214.8877777777775,2214.8877777777775,1910.9315
2026-01-02,BPCL,petrol,Card,delhi,2026,1,2,4,0,0,2320.816875,2320.816875,2288.5193
2026-01-02,BPCL,petrol,Card,mumbai,2026,1,2,4,0,0,1882.6116666666667,1882.6116666666667,1971.4022
2026-01-02,BPCL,petrol,Card,pune,2026,1,2,4,0,0,2420.381,2420.381,1934.6163
2026-01-02,BPCL,petrol,Cash,bangalore,2026,1,2,4,0,0,2466.1639999999998,2466.1639999999998,2008.3035
2026-01-02,BPCL,petrol,Cash,chennai,2026,1,2,4,0,0,2086.0437500000003,2086.0437500000003,1776.3091
2026-01-02,BPCL,petrol,Cash,delhi,2026,1,2,4,0,0,1866.4633333333331,1866.4633333333331,2049.8694
2026-01-02,BPCL,petrol,Cash,mumbai,2026,1,2,4,0,0,1797.44125,1797.44125,1945.4595
2026-01-02,BPCL,petrol,Cash,pune,2026,1,2,4,0,0,2223.7366666666667,2223.7366666666667,1897.4171
2026-01-02,BPCL,petrol,UPI,bangalore,2026,1,2,4,0,0,2505.5628571428574,2505.5628571428574,1924.5066
2026-01-02,BPCL,petrol,UPI,chennai,2026,1,2,4,0,0,1973.3138461538463,1973.3138461538463,1770.9463
2026-01-02,BPCL,petrol,UPI,delhi,2026,1,2,4,0,0,2617.1457142857143,2617.1457142857143,3850.8865
2026-01-02,BPCL,petrol,UPI,mumbai,2026,1,2,4,0,0,2047.079090909091,2047.079090909091,2019.1677
2026-01-02,BPCL,petrol,UPI,pune,2026,1,2,4,0,0,1997.163,1997.163,1801.4666
2026-01-02,BPCL,power petrol,Card,bangalore,2026,1,2,4,0,0,2145.02,2145.02,1901.5723
2026-01-02,BPCL,power petrol,Card,chennai,2026,1,2,4,0,0,2133.150909090909,2133.150909090909,1761.4718
2026-01-02,BPCL,power petrol,Card,delhi,2026,1,2,4,0,0,2168.163333333333,2168.163333333333,2128.0593
2026-01-02,BPCL,power petrol,Card,mumbai,2026,1,2,4,0,0,1784.5966666666668,1784.5966666666668,1811.2069
2026-01-02,BPCL,power petrol,Card,pune,2026,1,2,4,0,0,2765.4100000000003,2765.4100000000003,3085.6853
2026-01-02,BPCL,power petrol,Cash,bangalore,2026,1,2,4,0,0,3476.37,3476.37,4180.89
2026-01-02,BPCL,power petrol,Cash,chennai,2026,1,2,4,0,0,2002.8188888888888,2002.8188888888888,1744.0023
2026-01-02,BPCL,power petrol,Cash,delhi,2026,1,2,4,0,0,2305.334,2305.334,2312.6206
2026-01-02,BPCL,power petrol,Cash,mumbai,2026,1,2,4,0,0,2318.9137499999997,2318.9137499999997,1983.0321
2026-01-02,BPCL,power petrol,Cash,pune,2026,1,2,4,0,0,2600.3742857142856,2600.3742857142856,3066.811
2026-01-02,BPCL,power petrol,UPI,bangalore,2026,1,2,4,0,0,2434.395,2434.395,2009.6936
2026-01-02,BPCL,power petrol,UPI,chennai,2026,1,2,4,0,0,2866.3214285714284,2866.3214285714284,4073.8723
2026-01-02,BPCL,power petrol,UPI,delhi,2026,1,2,4,0,0,2315.961111111111,2315.961111111111,2317.9014
2026-01-02,BPCL,power petrol,UPI,mumbai,2026,1,2,4,0,0,1974.024,1974.024,1927.9346
2026-01-02,BPCL,power petrol,UPI,pune,2026,1,2,4,0,0,1944.9627272727273,1944.9627272727273,1835.8358
2026-01-02,HP,diesel,Card,bangalore,2026,1,2,4,0,0,2871.181666666667,2871.181666666667,3834.261
2026-01-02,HP,diesel,Card,chennai,2026,1,2,4,0,0,1960.89125,1960.89125,2153.6826
2026-01-02,HP,diesel,Card,delhi,2026,1,2,4,0,0,1208.6833333333334,1208.6833333333334,1190.8915
2026-01-02,HP,diesel,Card,mumbai,2026,1,2,4,0,0,1786.7369999999999,1786.7369999999999,1953.936
2026-01-02,HP,diesel,Card,pune,2026,1,2,4,0,0,1597.4957142857143,1597.4957142857143,1842.6682
2026-01-02,HP,diesel,Cash,bangalore,2026,1,2,4,0,0,2432.7725,2432.7725,2445.7996
2026-01-02,HP,diesel,Cash,chennai,2026,1,2,4,0,0,1879.03,1879.03,2174.1875
2026-01-02,HP,diesel,Cash,delhi,2026,1,2,4,0,0,1638.6328571428571,1638.6328571428571,1918.0948
2026-01-02,HP,diesel,Cash,mumbai,2026,1,2,4,0,0,1707.6585714285716,1707.6585714285716,2038.1909
2026-01-02,HP,diesel,Cash,pune,2026,1,2,4,0,0,2379.6408333333334,2379.6408333333334,2330.463
2026-01-02,HP,diesel,UPI,bangalore,2026,1,2,4,0,0,1802.21625,1802.21625,2106.659
2026-01-02,HP,diesel,UPI,chennai,2026,1,2,4,0,0,2105.03125,2105.03125,2255.293
2026-01-02,HP,diesel,UPI,delhi,2026,1,2,4,0,0,1426.8066666666666,1426.8066666666666,1827.7216
2026-01-02,HP,diesel,UPI,mumbai,2026,1,2,4,0,0,2395.915,2395.915,2541.9023
2026-01-02,HP,diesel,UPI,pune,2026,1,2,4,0,0,2342.6475,2342.6475,2398.446
2026-01-02,HP,petrol,Card,bangalore,2026,1,2,4,0,0,1726.2966666666669,1726.2966666666669,1966.8215
2026-01-02,HP,petrol,Card,chennai,2026,1,2,4,0,0,2772.457,2772.457,3423.0417
2026-01-02,HP,petrol,Card,delhi,2026,1,2,4,0,0,1653.8880000000001,1653.8880000000001,1888.9492
2026-01-02,HP,petrol,Card,mumbai,2026,1,2,4,0,0,2676.4533333333334,2676.4533333333334,3459.803
2026-01-02,HP,petrol,Card,pune,2026,1,2,4,0,0,2386.945,2386.945,2277.4912
2026-01-02,HP,petrol,Cash,bangalore,2026,1,2,4,0,0,2466.4616666666666,2466.4616666666666,2422.0032
2026-01-02,HP,petrol,Cash,chennai,2026,1,2,4,0,0,2243.4049999999997,2243.4049999999997,2431.3364
2026-01-02,HP,petrol,Cash,delhi,2026,1,2,4,0,0,2151.3700000000003,2151.3700000000003,2167.573
2026-01-02,HP,petrol,Cash,mumbai,2026,1,2,4,0,0,1801.3799999999999,1801.3799999999999,2091.3157
2026-01-02,HP,petrol,Cash,pune,2026,1,2,4,0,0,1396.2544444444443,1396.2544444444443,1650.6283
2026-01-02,HP,petrol,UPI,bangalore,2026,1,2,4,0,0,1942.2,1942.2,2165.274
2026-01-02,HP,petrol,UPI,chennai,2026,1,2,4,0,0,1994.8986666666667,1994.8986666666667,2189.024
2026-01-02,HP,petrol,UPI,delhi,2026,1,2,4,0,0,1918.9264285714287,1918.9264285714287,2143.7031
2026-01-02,HP,petrol,UPI,mumbai,2026,1,2,4,0,0,2812.19,2812.19,3307.5283
2026-01-02,HP,petrol,UPI,pune,2026,1,2,4,0,0,1987.6850000000002,1987.6850000000002,2091.9106
2026-01-02,HP,power petrol,Card,bangalore,2026,1,2,4,0,0,3296.3419999999996,3296.3419999999996,4125.2417
2026-01-02,HP,power petrol,Card,chennai,2026,1,2,4,0,0,3017.558333333333,3017.558333333333,4142.138
2026-01-02,HP,power petrol,Card,delhi,2026,1,2,4,0,0,1895.62375,1895.62375,2237.4985
2026-01-02,HP,power petrol,Card,mumbai,2026,1,2,4,0,0,2562.9829999999997,2562.9829999999997,3356.0981
2026-01-02,HP,power petrol,Card,pune,2026,1,2,4,0,0,1996.61,1996.61,2063.0674
2026-01-02,HP,power petrol,Cash,bangalore,2026,1,2,4,0,0,0.0,,811.098
2026-01-02,HP,power petrol,Cash,chennai,2026,1,2,4,0,0,1808.9650000000001,1808.9650000000001,2037.4464
2026-01-02,HP,power petrol,Cash,delhi,2026,1,2,4,0,0,2445.5171428571425,2445.5171428571425,2657.5698
2026-01-02,HP,power petrol,Cash,mumbai,2026,1,2,4,0,0,2096.4666666666667,2096.4666666666667,2225.8147
2026-01-02,HP,power petrol,Cash,pune,2026,1,2,4,0,0,2382.055,2382.055,2344.214
2026-01-02,HP,power petrol,UPI,bangalore,2026,1,2,4,0,0,1548.9699999999998,1548.9699999999998,2035.9003
2026-01-02,HP,power petrol,UPI,chennai,2026,1,2,4,0,0,3449.875,3449.875,4203.9077
2026-01-02,HP,power petrol,UPI,delhi,2026,1,2,4,0,0,1322.702,1322.702,1924.0753
2026-01-02,HP,power petrol,UPI,mumbai,2026,1,2,4,0,0,1848.05,1848.05,2317.7168
2026-01-02,HP,power petrol,UPI,pune,2026,1,2,4,0,0,2527.307777777778,2527.307777777778,3246.1316
2026-01-02,IOCL,diesel,Card,bangalore,2026,1,2,4,0,0,4194.373333333334,4194.373333333334,3964.5854
2026-01-02,IOCL,diesel,Card,chennai,2026,1,2,4,0,0,1461.5025,1461.5025,1825.8685
2026-01-02,IOCL,diesel,Card,delhi,2026,1,2,4,0,0,1884.988,1884.988,2103.8984
2026-01-02,IOCL,diesel,Card,mumbai,2026,1,2,4,0,0,1978.7118181818184,1978.7118181818184,2009.8275
2026-01-02,IOCL,diesel,Card,pune,2026,1,2,4,0,0,1934.158888888889,1934.158888888889,1881.0052
2026-01-02,IOCL,diesel,Cash,bangalore,2026,1,2,4,0,0,1159.5700000000002,1159.5700000000002,1222.6996
2026-01-02,IOCL,diesel,Cash,chennai,2026,1,2,4,0,0,948.3340000000001,948.3340000000001,1217.9048
2026-01-02,IOCL,diesel,Cash,delhi,2026,1,2,4,0,0,1955.898,1955.898,2137.6636
2026-01-02,IOCL,diesel,Cash,mumbai,2026,1,2,4,0,0,1874.8266666666666,1874.8266666666666,2012.9534
2026-01-02,IOCL,diesel,Cash,pune,2026,1,2,4,0,0,1985.75,1985.75,1876.5835
2026-01-02,IOCL,diesel,UPI,bangalore,2026,1,2,4,0,0,1737.5199999999998,1737.5199999999998,2003.9756
2026-01-02,IOCL,diesel,UPI,chennai,2026,1,2,4,0,0,1916.011,1916.011,2067.9421
2026-01-02,IOCL,diesel,UPI,delhi,2026,1,2,4,0,0,2074.5945454545454,2074.5945454545454,2243.2798
2026-01-02,IOCL,diesel,UPI,mumbai,2026,1,2,4,0,0,1915.90125,1915.90125,2127.3296
2026-01-02,IOCL,diesel,UPI,pune,2026,1,2,4,0,0,1043.585,1043.585,1237.2495
2026-01-02,IOCL,petrol,Card,bangalore,2026,1,2,4,0,0,1443.8766666666668,1443.8766666666668,1618.8105
2026-01-02,IOCL,petrol,Card,chennai,2026,1,2,4,0,0,2473.17875,2473.17875,2142.7383
2026-01-02,IOCL,petrol,Card,delhi,2026,1,2,4,0,0,2645.5636363636363,2645.5636363636363,3832.672
2026-01-02,IOCL,petrol,Card,mumbai,2026,1,2,4,0,0,1198.185714285714,1198.185714285714,1277.813
2026-01-02,IOCL,petrol,Card,pune,2026,1,2,4,0,0,2556.2799999999997,2556.2799999999997,3185.0474
2026-01-02,IOCL,petrol,Cash,bangalore,2026,1,2,4,0,0,2577.71,2577.71,3418.2473
2026-01-02,IOCL,petrol,Cash,chennai,2026,1,2,4,0,0,1951.1850000000002,1951.1850000000002,1919.978
2026-01-02,IOCL,petrol,Cash,delhi,2026,1,2,4,0,0,2340.834,2340.834,2497.604
2026-01-02,IOCL,petrol,Cash,mumbai,2026,1,2,4,0,0,2457.228888888889,2457.228888888889,2335.4207
2026-01-02,IOCL,petrol,Cash,pune,2026,1,2,4,0,0,2498.4,2498.4,2143.718
2026-01-02,IOCL,petrol,UPI,bangalore,2026,1,2,4,0,0,2599.9266666666667,2599.9266666666667,3508.1619
2026-01-02,IOCL,petrol,UPI,chennai,2026,1,2,4,0,0,1855.25,1855.25,1929.8767
2026-01-02,IOCL,petrol,UPI,delhi,2026,1,2,4,0,0,2062.8875,2062.8875,2183.4763
2026-01-02,IOCL,petrol,UPI,mumbai,2026,1,2,4,0,0,1764.125,1764.125,2033.656
2026-01-02,IOCL,petrol,UPI,pune,2026,1,2,4,0,0,2083.22,2083.22,1876.7308
2026-01-02,IOCL,power petrol,Card,bangalore,2026,1,2,4,0,0,2473.382857142857,2473.382857142857,2205.6538
2026-01-02,IOCL,power petrol,Card,chennai,2026,1,2,4,0,0,2190.233333333333,2190.233333333333,2153.2231
2026-01-02,IOCL,power petrol,Card,delhi,2026,1,2,4,0,0,1863.5766666666666,1863.5766666666666,2167.499
2026-01-02,IOCL,power petrol,Card,mumbai,2026,1,2,4,0,0,2355.5714285714284,2355.5714285714284,2188.342
2026-01-02,IOCL,power petrol,Card,pune,2026,1,2,4,0,0,2648.766153846154,2648.766153846154,3142.7578
2026-01-02,IOCL,power petrol,Cash,bangalore,2026,1,2,4,0,0,1865.993333333333,1865.993333333333,1897.4296
2026-01-02,IOCL,power petrol,Cash,chennai,2026,1,2,4,0,0,1671.87375,1671.87375,1791.3293
2026-01-02,IOCL,power petrol,Cash,delhi,2026,1,2,4,0,0,2514.805,2514.805,3822.9155
2026-01-02,IOCL,power petrol,Cash,mumbai,2026,1,2,4,0,0,2150.042857142857,2150.042857142857,1979.0955
2026-01-02,IOCL,power petrol,Cash,pune,2026,1,2,4,0,0,2724.98,2724.98,2907.2986
2026-01-02,IOCL,power petrol,UPI,bangalore,2026,1,2,4,0,0,2309.24,2309.24,2253.703
2026-01-02,IOCL,power petrol,UPI,chennai,2026,1,2,4,0,0,2456.991666666667,2456.991666666667,2218.8625
2026-01-02,IOCL,power petrol,UPI,delhi,2026,1,2,4,0,0,2472.733846153846,2472.733846153846,2651.079
2026-01-02,IOCL,power petrol,UPI,mumbai,2026,1,2,4,0,0,2099.7028571428573,2099.7028571428573,2074.6982
2026-01-02,IOCL,power petrol,UPI,pune,2026,1,2,4,0,0,2106.649,2106.649,1889.4882
2026-01-03,BPCL,diesel,Card,bangalore,2026,1,3,5,1,0,993.4040000000001,993.4040000000001,1238.2517
2026-01-03,BPCL,diesel,Card,chennai,2026,1,3,5,1,0,2301.473,2301.473,1917.6406
2026-01-03,BPCL,diesel,Card,delhi,2026,1,3,5,1,0,2874.375,2874.375,4000.9768
2026-01-03,BPCL,diesel,Card,mumbai,2026,1,3,5,1,0,1289.77,1289.77,1650.4174
2026-01-03,BPCL,diesel,Card,pune,2026,1,3,5,1,0,1298.9855555555555,1298.9855555555555,1647.7555
2026-01-03,BPCL,diesel,Cash,bangalore,2026,1,3,5,1,0,1852.3433333333335,1852.3433333333335,1843.2231
2026-01-03,BPCL,diesel,Cash,chennai,2026,1,3,5,1,0,2704.081111111111,2704.081111111111,3102.4734
2026-01-03,BPCL,diesel,Cash,delhi,2026,1,3,5,1,0,2138.9655555555555,2138.9655555555555,1878.5475
2026-01-03,BPCL,diesel,Cash,mumbai,2026,1,3,5,1,0,1864.2336363636364,1864.2336363636364,1779.1243
2026-01-03,BPCL,diesel,Cash,pune,2026,1,3,5,1,0,1948.3183333333334,1948.3183333333334,1732.4856
2026-01-03,BPCL,diesel,UPI,bangalore,2026,1,3,5,1,0,2066.0075,2066.0075,1828.44
2026-01-03,BPCL,diesel,UPI,chennai,2026,1,3,5,1,0,1813.2723076923078,1813.2723076923078,1753.8774
2026-01-03,BPCL,diesel,UPI,delhi,2026,1,3,5,1,0,1679.2490909090907,1679.2490909090907,1875.1211
2026-01-03,BPCL,diesel,UPI,mumbai,2026,1,3,5,1,0,1948.2766666666669,1948.2766666666669,1769.9551
2026-01-03,BPCL,diesel,UPI,pune,2026,1,3,5,1,0,1330.9773333333333,1330.9773333333333,1667.1558
2026-01-03,BPCL,petrol,Card,bangalore,2026,1,3,5,1,0,3095.5171428571425,3095.5171428571425,4228.21
2026-01-03,BPCL,petrol,Card,chennai,2026,1,3,5,1,0,2214.8877777777775,2214.8877777777775,1903.9753
2026-01-03,BPCL,petrol,Card,delhi,2026,1,3,5,1,0,2320.816875,2320.816875,2215.4106
2026-01-03,BPCL,petrol,Card,mumbai,2026,1,3,5,1,0,1882.6116666666667,1882.6116666666667,1898.0934
2026-01-03,BPCL,petrol,Card,pune,2026,1,3,5,1,0,2420.381,2420.381,1877.6597
2026-01-03,BPCL,petrol,Cash,bangalore,2026,1,3,5,1,0,2466.1639999999998,2466.1639999999998,1973.4741
2026-01-03,BPCL,petrol,Cash,chennai,2026,1,3,5,1,0,2086.0437500000003,2086.0437500000003,1765.6664
2026-01-03,BPCL,petrol,Cash,delhi,2026,1,3,5,1,0,1866.4633333333331,1866.4633333333331,1996.5782
2026-01-03,BPCL,petrol,Cash,mumbai,2026,1,3,5,1,0,1797.44125,1797.44125,1839.1077
2026-01-03,BPCL,petrol,Cash,pune,2026,1,3,5,1,0,2223.7366666666667,2223.7366666666667,1858.652
2026-01-03,BPCL,petrol,UPI,bangalore,2026,1,3,5,1,0,2505.5628571428574,2505.5628571428574,1862.2817
2026-01-03,BPCL,petrol,UPI,chennai,2026,1,3,5,1,0,1973.3138461538463,1973.3138461538463,1764.7698
2026-01-03,BPCL,petrol,UPI,delhi,2026,1,3,5,1,0,2617.1457142857143,2617.1457142857143,3746.9048
2026-01-03,BPCL,petrol,UPI,mumbai,2026,1,3,5,1,0,2047.079090909091,2047.079090909091,1880.0732
2026-01-03,BPCL,petrol,UPI,pune,2026,1,3,5,1,0,1997.163,1997.163,1741.9084
2026-01-03,BPCL,power petrol,Card,bangalore,2026,1,3,5,1,0,2145.02,2145.02,1848.8348
2026-01-03,BPCL,power petrol,Card,chennai,2026,1,3,5,1,0,2133.150909090909,2133.150909090909,1738.9822
2026-01-03,BPCL,power petrol,Card,delhi,2026,1,3,5,1,0,2168.163333333333,2168.163333333333,2055.3533
2026-01-03,BPCL,power petrol,Card,mumbai,2026,1,3,5,1,0,1784.5966666666668,1784.5966666666668,1743.543
2026-01-03,BPCL,power petrol,Card,pune,2026,1,3,5,1,0,2765.4100000000003,2765.4100000000003,3005.4502
2026-01-03,BPCL,power petrol,Cash,bangalore,2026,1,3,5,1,0,3476.37,3476.37,4120.953
2026-01-03,BPCL,power petrol,Cash,chennai,2026,1,3,5,1,0,2002.8188888888888,2002.8188888888888,1713.0713
2026-01-03,BPCL,power petrol,Cash,delhi,2026,1,3,5,1,0,2305.334,2305.334,2256.6882
2026-01-03,BPCL,power petrol,Cash,mumbai,2026,1,3,5,1,0,2318.9137499999997,2318.9137499999997,1870.0791
2026-01-03,BPCL,power petrol,Cash,pune,2026,1,3,5,1,0,2600.3742857142856,2600.3742857142856,3007.7905
2026-01-03,BPCL,power petrol,UPI,bangalore,2026,1,3,5,1,0,2434.395,2434.395,1952.9019
2026-01-03,BPCL,power petrol,UPI,chennai,2026,1,3,5,1,0,2866.3214285714284,2866.3214285714284,4020.5217
2026-01-03,BPCL,power petrol,UPI,delhi,2026,1,3,5,1,0,2315.961111111111,2315.961111111111,2238.4849
2026-01-03,BPCL,power petrol,UPI,mumbai,2026,1,3,5,1,0,1974.024,1974.024,1784.2446
2026-01-03,BPCL,power petrol,UPI,pune,2026,1,3,5,1,0,1944.9627272727273,1944.9627272727273,1771.5726
2026-01-03,HP,diesel,Card,bangalore,2026,1,3,5,1,0,2871.181666666667,2871.181666666667,3750.2314
2026-01-03,HP,diesel,Card,chennai,2026,1,3,5,1,0,1960.89125,1960.89125,2088.191
2026-01-03,HP,diesel,Card,delhi,2026,1,3,5,1,0,1208.6833333333334,1208.6833333333334,1122.6406
2026-01-03,HP,diesel,Card,mumbai,2026,1,3,5,1,0,1786.7369999999999,1786.7369999999999,1874.2522
2026-01-03,HP,diesel,Card,pune,2026,1,3,5,1,0,1597.4957142857143,1597.4957142857143,1778.5829
2026-01-03,HP,diesel,Cash,bangalore,2026,1,3,5,1,0,2432.7725,2432.7725,2396.6284
2026-01-03,HP,diesel,Cash,chennai,2026,1,3,5,1,0,1879.03,1879.03,2096.2815
2026-01-03,HP,diesel,Cash,delhi,2026,1,3,5,1,0,1638.6328571428571,1638.6328571428571,1860.8627
2026-01-03,HP,diesel,Cash,mumbai,2026,1,3,5,1,0,1707.6585714285716,1707.6585714285716,1913.0244
2026-01-03,HP,diesel,Cash,pune,2026,1,3,5,1,0,2379.6408333333334,2379.6408333333334,2277.5835
2026-01-03,HP,diesel,UPI,bangalore,2026,1,3,5,1,0,1802.21625,1802.21625,2013.872
2026-01-03,HP,diesel,UPI,chennai,2026,1,3,5,1,0,2105.03125,2105.03125,2164.1187
2026-01-03,HP,diesel,UPI,delhi,2026,1,3,5,1,0,1426.8066666666666,1426.8066666666666,1731.5282
2026-01-03,HP,diesel,UPI,mumbai,2026,1,3,5,1,0,2395.915,2395.915,2363.3303
2026-01-03,HP,diesel,UPI,pune,2026,1,3,5,1,0,2342.6475,2342.6475,2305.2805
2026-01-03,HP,petrol,Card,bangalore,2026,1,3,5,1,0,1726.2966666666669,1726.2966666666669,1895.8518
2026-01-03,HP,petrol,Card,chennai,2026,1,3,5,1,0,2772.457,2772.457,3335.211
2026-01-03,HP,petrol,Card,delhi,2026,1,3,5,1,0,1653.8880000000001,1653.8880000000001,1814.0469
2026-01-03,HP,petrol,Card,mumbai,2026,1,3,5,1,0,2676.4533333333334,2676.4533333333334,3351.618
2026-01-03,HP,petrol,Card,pune,2026,1,3,5,1,0,2386.945,2386.945,2208.6938
2026-01-03,HP,petrol,Cash,bangalore,2026,1,3,5,1,0,2466.4616666666666,2466.4616666666666,2366.4133
2026-01-03,HP,petrol,Cash,chennai,2026,1,3,5,1,0,4502.04,2243.4049999999997,4319.782
2026-01-03,HP,petrol,Cash,delhi,2026,1,3,5,1,0,2151.3700000000003,2151.3700000000003,2104.439
2026-01-03,HP,petrol,Cash,mumbai,2026,1,3,5,1,0,1801.3799999999999,1801.3799999999999,1959.9983
2026-01-03,HP,petrol,Cash,pune,2026,1,3,5,1,0,1396.2544444444443,1396.2544444444443,1595.004
2026-01-03,HP,petrol,UPI,bangalore,2026,1,3,5,1,0,1942.2,1942.2,2080.0671
2026-01-03,HP,petrol,UPI,chennai,2026,1,3,5,1,0,1994.8986666666667,1994.8986666666667,2116.6877
2026-01-03,HP,petrol,UPI,delhi,2026,1,3,5,1,0,2484.3,1918.9264285714287,2424.0198
2026-01-03,HP,petrol,UPI,mumbai,2026,1,3,5,1,0,2812.19,2812.19,3117.128
2026-01-03,HP,petrol,UPI,pune,2026,1,3,5,1,0,1987.6850000000002,1987.6850000000002,2000.7472
2026-01-03,HP,power petrol,Card,bangalore,2026,1,3,5,1,0,3296.3419999999996,3296.3419999999996,4033.3254
2026-01-03,HP,power petrol,Card,chennai,2026,1,3,5,1,0,3017.558333333333,3017.558333333333,4044.4395
2026-01-03,HP,power petrol,Card,delhi,2026,1,3,5,1,0,1895.62375,1895.62375,2167.0771
2026-01-03,HP,power petrol,Card,mumbai,2026,1,3,5,1,0,2562.9829999999997,2562.9829999999997,3255.2078
2026-01-03,HP,power petrol,Card,pune,2026,1,3,5,1,0,1996.61,1996.61,1998.6475
2026-01-03,HP,power petrol,Cash,bangalore,2026,1,3,5,1,0,0.0,,760.98364
2026-01-03,HP,power petrol,Cash,chennai,2026,1,3,5,1,0,1808.9650000000001,1808.9650000000001,1949.4811
2026-01-03,HP,power petrol,Cash,delhi,2026,1,3,5,1,0,2445.5171428571425,2445.5171428571425,2596.1748
2026-01-03,HP,power petrol,Cash,mumbai,2026,1,3,5,1,0,2096.4666666666667,2096.4666666666667,2096.2651
2026-01-03,HP,power petrol,Cash,pune,2026,1,3,5,1,0,2382.055,2382.055,2286.8604
2026-01-03,HP,power petrol,UPI,bangalore,2026,1,3,5,1,0,1548.9699999999998,1548.9699999999998,1940.0143
2026-01-03,HP,power petrol,UPI,chennai,2026,1,3,5,1,0,3449.875,3449.875,4079.2097
2026-01-03,HP,power petrol,UPI,delhi,2026,1,3,5,1,0,1322.702,1322.702,1824.9288
2026-01-03,HP,power petrol,UPI,mumbai,2026,1,3,5,1,0,2122.18,1848.05,2138.3936
2026-01-03,HP,power petrol,UPI,pune,2026,1,3,5,1,0,2527.307777777778,2527.307777777778,3129.1316
2026-01-03,IOCL,diesel,Card,bangalore,2026,1,3,5,1,0,4194.373333333334,4194.373333333334,3920.8328
2026-01-03,IOCL,diesel,Card,chennai,2026,1,3,5,1,0,1461.5025,1461.5025,1786.1798
2026-01-03,IOCL,diesel,Card,delhi,2026,1,3,5,1,0,1884.988,1884.988,2060.6377
2026-01-03,IOCL,diesel,Card,mumbai,2026,1,3,5,1,0,1978.7118181818184,1978.7118181818184,1960.1272
2026-01-03,IOCL,diesel,Card,pune,2026,1,3,5,1,0,1934.158888888889,1934.158888888889,1846.5289
2026-01-03,IOCL,diesel,Cash,bangalore,2026,1,3,5,1,0,1159.5700000000002,1159.5700000000002,1209.1101
2026-01-03,IOCL,diesel,Cash,chennai,2026,1,3,5,1,0,948.3340000000001,948.3340000000001,1181.648
2026-01-03,IOCL,diesel,Cash,delhi,2026,1,3,5,1,0,1955.898,1955.898,2110.6458
2026-01-03,IOCL,diesel,Cash,mumbai,2026,1,3,5,1,0,1874.8266666666666,1874.8266666666666,1950.363
2026-01-03,IOCL,diesel,Cash,pune,2026,1,3,5,1,0,1985.75,1985.75,1865.0336
2026-01-03,IOCL,diesel,UPI,bangalore,2026,1,3,5,1,0,1737.5199999999998,1737.5199999999998,1954.5404
2026-01-03,IOCL,diesel,UPI,chennai,2026,1,3,5,1,0,1916.011,1916.011,2014.0823
2026-01-03,IOCL,diesel,UPI,delhi,2026,1,3,5,1,0,2074.5945454545454,2074.5945454545454,2175.3198
2026-01-03,IOCL,diesel,UPI,mumbai,2026,1,3,5,1,0,1915.90125,1915.90125,2017.4985
2026-01-03,IOCL,diesel,UPI,pune,2026,1,3,5,1,0,1043.585,1043.585,1191.6288
2026-01-03,IOCL,petrol,Card,bangalore,2026,1,3,5,1,0,1443.8766666666668,1443.8766666666668,1588.862
2026-01-03,IOCL,petrol,Card,chennai,2026,1,3,5,1,0,2473.17875,2473.17875,2118.0747
2026-01-03,IOCL,petrol,Card,delhi,2026,1,3,5,1,0,2645.5636363636363,2645.5636363636363,3757.4504
2026-01-03,IOCL,petrol,Card,mumbai,2026,1,3,5,1,0,1198.185714285714,1198.185714285714,1235.0894
2026-01-03,IOCL,petrol,Card,pune,2026,1,3,5,1,0,2556.2799999999997,2556.2799999999997,3132.8225
2026-01-03,IOCL,petrol,Cash,bangalore,2026,1,3,5,1,0,2577.71,2577.71,3385.5073
2026-01-03,IOCL,petrol,Cash,chennai,2026,1,3,5,1,0,1951.1850000000002,1951.1850000000002,1894.0288
2026-01-03,IOCL,petrol,Cash,delhi,2026,1,3,5,1,0,2340.834,2340.834,2472.1135
2026-01-03,IOCL,petrol,Cash,mumbai,2026,1,3,5,1,0,2457.228888888889,2457.228888888889,2275.8015
2026-01-03,IOCL,petrol,Cash,pune,2026,1,3,5,1,0,2498.4,2498.4,2133.782
2026-01-03,IOCL,petrol,UPI,bangalore,2026,1,3,5,1,0,2599.9266666666667,2599.9266666666667,3452.5786
2026-01-03,IOCL,petrol,UPI,chennai,2026,1,3,5,1,0,1855.25,1855.25,1902.7512
2026-01-03,IOCL,petrol,UPI,delhi,2026,1,3,5,1,0,2062.8875,2062.8875,2130.5833
2026-01-03,IOCL,petrol,UPI,mumbai,2026,1,3,5,1,0,977.82,1764.125,1206.6746
2026-01-03,IOCL,petrol,UPI,pune,2026,1,3,5,1,0,2083.22,2083.22,1841.8895
2026-01-03,IOCL,power petrol,Card,bangalore,2026,1,3,5,1,0,1088.56,2473.382857142857,1089.1628
2026-01-03,IOCL,power petrol,Card,chennai,2026,1,3,5,1,0,2190.233333333333,2190.233333333333,2125.4746
2026-01-03,IOCL,power petrol,Card,delhi,2026,1,3,5,1,0,1863.5766666666666,1863.5766666666666,2131.9373
2026-01-03,IOCL,power petrol,Card,mumbai,2026,1,3,5,1,0,2355.5714285714284,2355.5714285714284,2152.5886
2026-01-03,IOCL,power petrol,Card,pune,2026,1,3,5,1,0,2648.766153846154,2648.766153846154,3102.5444
2026-01-03,IOCL,power petrol,Cash,bangalore,2026,1,3,5,1,0,1865.993333333333,1865.993333333333,1893.1439
2026-01-03,IOCL,power petrol,Cash,chennai,2026,1,3,5,1,0,1671.87375,1671.87375,1759.0731
2026-01-03,IOCL,power petrol,Cash,delhi,2026,1,3,5,1,0,2514.805,2514.805,3768.5134
2026-01-03,IOCL,power petrol,Cash,mumbai,2026,1,3,5,1,0,2150.042857142857,2150.042857142857,1926.452
2026-01-03,IOCL,power petrol,Cash,pune,2026,1,3,5,1,0,2724.98,2724.98,2885.2307
2026-01-03,IOCL,power petrol,UPI,bangalore,2026,1,3,5,1,0,2309.24,2309.24,2215.89
2026-01-03,IOCL,power petrol,UPI,chennai,2026,1,3,5,1,0,2456.991666666667,2456.991666666667,2175.0635
2026-01-03,IOCL,power petrol,UPI,delhi,2026,1,3,5,1,0,2472.733846153846,2472.733846153846,2587.8152
2026-01-03,IOCL,power petrol,UPI,mumbai,2026,1,3,5,1,0,2099.7028571428573,2099.7028571428573,1976.9608
2026-01-03,IOCL,power petrol,UPI,pune,2026,1,3,5,1,0,2106.649,2106.649,1856.038
2026-01-04,BPCL,diesel,Card,bangalore,2026,1,4,6,1,0,1281.88,993.4040000000001,1881.576
2026-01-04,BPCL,diesel,Card,chennai,2026,1,4,6,1,0,2301.473,2301.473,2036.0165
2026-01-04,BPCL,diesel,Card,delhi,2026,1,4,6,1,0,2874.375,2874.375,4181.1016
2026-01-04,BPCL,diesel,Card,mumbai,2026,1,4,6,1,0,1289.77,1289.77,1714.6636
2026-01-04,BPCL,diesel,Card,pune,2026,1,4,6,1,0,1298.9855555555555,1298.9855555555555,1744.7642
2026-01-04,BPCL,diesel,Cash,bangalore,2026,1,4,6,1,0,1852.3433333333335,1852.3433333333335,1990.6321
2026-01-04,BPCL,diesel,Cash,chennai,2026,1,4,6,1,0,2704.081111111111,2704.081111111111,3303.5835
2026-01-04,BPCL,diesel,Cash,delhi,2026,1,4,6,1,0,2138.9655555555555,2138.9655555555555,1948.7207
2026-01-04,BPCL,diesel,Cash,mumbai,2026,1,4,6,1,0,1864.2336363636364,1864.2336363636364,1837.3938
2026-01-04,BPCL,diesel,Cash,pune,2026,1,4,6,1,0,1948.3183333333334,1948.3183333333334,1826.0609
2026-01-04,BPCL,diesel,UPI,bangalore,2026,1,4,6,1,0,2066.0075,2066.0075,1964.0524
2026-01-04,BPCL,diesel,UPI,chennai,2026,1,4,6,1,0,1813.2723076923078,1813.2723076923078,1847.3447
2026-01-04,BPCL,diesel,UPI,delhi,2026,1,4,6,1,0,1679.2490909090907,1679.2490909090907,1939.3824
2026-01-04,BPCL,diesel,UPI,mumbai,2026,1,4,6,1,0,1948.2766666666669,1948.2766666666669,1815.885
2026-01-04,BPCL,diesel,UPI,pune,2026,1,4,6,1,0,1330.9773333333333,1330.9773333333333,1744.0775
2026-01-04,BPCL,petrol,Card,bangalore,2026,1,4,6,1,0,3095.5171428571425,3095.5171428571425,4404.388
2026-01-04,BPCL,petrol,Card,chennai,2026,1,4,6,1,0,2214.8877777777775,2214.8877777777775,1946.2992
2026-01-04,BPCL,petrol,Card,delhi,2026,1,4,6,1,0,2320.816875,2320.816875,2194.4746
2026-01-04,BPCL,petrol,Card,mumbai,2026,1,4,6,1,0,1882.6116666666667,1882.6116666666667,1869.2057
2026-01-04,BPCL,petrol,Card,pune,2026,1,4,6,1,0,2420.381,2420.381,1920.5499
2026-01-04,BPCL,petrol,Cash,bangalore,2026,1,4,6,1,0,2466.1639999999998,2466.1639999999998,2052.483
2026-01-04,BPCL,petrol,Cash,chennai,2026,1,4,6,1,0,2086.0437500000003,2086.0437500000003,1788.237
2026-01-04,BPCL,petrol,Cash,delhi,2026,1,4,6,1,0,1866.4633333333331,1866.4633333333331,1957.1307
2026-01-04,BPCL,petrol,Cash,mumbai,2026,1,4,6,1,0,1797.44125,1797.44125,1803.1676
2026-01-04,BPCL,petrol,Cash,pune,2026,1,4,6,1,0,2223.7366666666667,2223.7366666666667,1896.272
2026-01-04,BPCL,petrol,UPI,bangalore,2026,1,4,6,1,0,2505.5628571428574,2505.5628571428574,1935.9453
2026-01-04,BPCL,petrol,UPI,chennai,2026,1,4,6,1,0,1973.3138461538463,1973.3138461538463,1778.788
2026-01-04,BPCL,petrol,UPI,delhi,2026,1,4,6,1,0,2617.1457142857143,2617.1457142857143,3770.751
2026-01-04,BPCL,petrol,UPI,mumbai,2026,1,4,6,1,0,2047.079090909091,2047.079090909091,1835.5819
2026-01-04,BPCL,petrol,UPI,pune,2026,1,4,6,1,0,1997.163,1997.163,1754.342
2026-01-04,BPCL,power petrol,Card,bangalore,2026,1,4,6,1,0,2145.02,2145.02,2083.326
2026-01-04,BPCL,power petrol,Card,chennai,2026,1,4,6,1,0,2133.150909090909,2133.150909090909,1925.3075
2026-01-04,BPCL,power petrol,Card,delhi,2026,1,4,6,1,0,2168.163333333333,2168.163333333333,2086.6433
2026-01-04,BPCL,power petrol,Card,mumbai,2026,1,4,6,1,0,1784.5966666666668,1784.5966666666668,1865.8226
2026-01-04,BPCL,power petrol,Card,pune,2026,1,4,6,1,0,2765.4100000000003,2765.4100000000003,3289.4958
2026-01-04,BPCL,power petrol,Cash,bangalore,2026,1,4,6,1,0,3476.37,3476.37,4433.8076
2026-01-04,BPCL,power petrol,Cash,chennai,2026,1,4,6,1,0,2002.8188888888888,2002.8188888888888,1892.1157
2026-01-04,BPCL,power petrol,Cash,delhi,2026,1,4,6,1,0,2305.334,2305.334,2293.0354
2026-01-04,BPCL,power petrol,Cash,mumbai,2026,1,4,6,1,0,2318.9137499999997,2318.9137499999997,1996.0906
2026-01-04,BPCL,power petrol,Cash,pune,2026,1,4,6,1,0,2600.3742857142856,2600.3742857142856,3281.9912
2026-01-04,BPCL,power petrol,UPI,bangalore,2026,1,4,6,1,0,2434.395,2434.395,2170.5103
2026-01-04,BPCL,power petrol,UPI,chennai,2026,1,4,6,1,0,2866.3214285714284,2866.3214285714284,4301.397
2026-01-04,BPCL,power petrol,UPI,delhi,2026,1,4,6,1,0,2315.961111111111,2315.961111111111,2261.1729
2026-01-04,BPCL,power petrol,UPI,mumbai,2026,1,4,6,1,0,1974.024,1974.024,1885.1437
2026-01-04,BPCL,power petrol,UPI,pune,2026,1,4,6,1,0,1944.9627272727273,1944.9627272727273,1927.9841
2026-01-04,HP,diesel,Card,bangalore,2026,1,4,6,1,0,2871.181666666667,2871.181666666667,3859.0679
2026-01-04,HP,diesel,Card,chennai,2026,1,4,6,1,0,1960.89125,1960.89125,2044.0951
2026-01-04,HP,diesel,Card,delhi,2026,1,4,6,1,0,1208.6833333333334,1208.6833333333334,1190.0818
2026-01-04,HP,diesel,Card,mumbai,2026,1,4,6,1,0,1786.7369999999999,1786.7369999999999,1889.9523
2026-01-04,HP,diesel,Card,pune,2026,1,4,6,1,0,1597.4957142857143,1597.4957142857143,1765.1898
2026-01-04,HP,diesel,Cash,bangalore,2026,1,4,6,1,0,2432.7725,2432.7725,2391.1978
2026-01-04,HP,diesel,Cash,chennai,2026,1,4,6,1,0,1879.03,1879.03,1993.1965
2026-01-04,HP,diesel,Cash,delhi,2026,1,4,6,1,0,1638.6328571428571,1638.6328571428571,1843.6216
2026-01-04,HP,diesel,Cash,mumbai,2026,1,4,6,1,0,1707.6585714285716,1707.6585714285716,1871.1978
2026-01-04,HP,diesel,Cash,pune,2026,1,4,6,1,0,2379.6408333333334,2379.6408333333334,2229.067
2026-01-04,HP,diesel,UPI,bangalore,2026,1,4,6,1,0,1802.21625,1802.21625,1994.8765
2026-01-04,HP,diesel,UPI,chennai,2026,1,4,6,1,0,2105.03125,2105.03125,2055.276
2026-01-04,HP,diesel,UPI,delhi,2026,1,4,6,1,0,1426.8066666666666,1426.8066666666666,1700.6827
2026-01-04,HP,diesel,UPI,mumbai,2026,1,4,6,1,0,2395.915,2395.915,2330.7927
2026-01-04,HP,diesel,UPI,pune,2026,1,4,6,1,0,2342.6475,2342.6475,2241.706
2026-01-04,HP,petrol,Card,bangalore,2026,1,4,6,1,0,1726.2966666666669,1726.2966666666669,1850.1826
2026-01-04,HP,petrol,Card,chennai,2026,1,4,6,1,0,2772.457,2772.457,3309.4377
2026-01-04,HP,petrol,Card,delhi,2026,1,4,6,1,0,1653.8880000000001,1653.8880000000001,1746.9412
2026-01-04,HP,petrol,Card,mumbai,2026,1,4,6,1,0,2676.4533333333334,2676.4533333333334,3394.6526
2026-01-04,HP,petrol,Card,pune,2026,1,4,6,1,0,2386.945,2386.945,2120.2954
2026-01-04,HP,petrol,Cash,bangalore,2026,1,4,6,1,0,2466.4616666666666,2466.4616666666666,2266.0125
2026-01-04,HP,petrol,Cash,chennai,2026,1,4,6,1,0,2243.4049999999997,2243.4049999999997,2169.4697
2026-01-04,HP,petrol,Cash,delhi,2026,1,4,6,1,0,2151.3700000000003,2151.3700000000003,1974.1785
2026-01-04,HP,petrol,Cash,mumbai,2026,1,4,6,1,0,1801.3799999999999,1801.3799999999999,1827.6207
2026-01-04,HP,petrol,Cash,pune,2026,1,4,6,1,0,1396.2544444444443,1396.2544444444443,1428.209
2026-01-04,HP,petrol,UPI,bangalore,2026,1,4,6,1,0,1942.2,1942.2,1975.6722
2026-01-04,HP,petrol,UPI,chennai,2026,1,4,6,1,0,1994.8986666666667,1994.8986666666667,1909.7532
2026-01-04,HP,petrol,UPI,delhi,2026,1,4,6,1,0,1918.9264285714287,1918.9264285714287,1921.8717
2026-01-04,HP,petrol,UPI,mumbai,2026,1,4,6,1,0,2812.19,2812.19,3096.7866
2026-01-04,HP,petrol,UPI,pune,2026,1,4,6,1,0,1987.6850000000002,1987.6850000000002,1830.0869
2026-01-04,HP,power petrol,Card,bangalore,2026,1,4,6,1,0,3296.3419999999996,3296.3419999999996,4210.3647
2026-01-04,HP,power petrol,Card,chennai,2026,1,4,6,1,0,3017.558333333333,3017.558333333333,4194.872
2026-01-04,HP,power petrol,Card,delhi,2026,1,4,6,1,0,1895.62375,1895.62375,2154.4395
2026-01-04,HP,power petrol,Card,mumbai,2026,1,4,6,1,0,2562.9829999999997,2562.9829999999997,3437.6384
2026-01-04,HP,power petrol,Card,pune,2026,1,4,6,1,0,1996.61,1996.61,2035.604
2026-01-04,HP,power petrol,Cash,bangalore,2026,1,4,6,1,0,0.0,,840.5477
2026-01-04,HP,power petrol,Cash,chennai,2026,1,4,6,1,0,1808.9650000000001,1808.9650000000001,1898.143
2026-01-04,HP,power petrol,Cash,delhi,2026,1,4,6,1,0,2445.5171428571425,2445.5171428571425,2543.1208
2026-01-04,HP,power petrol,Cash,mumbai,2026,1,4,6,1,0,2096.4666666666667,2096.4666666666667,2109.0378
2026-01-04,HP,power petrol,Cash,pune,2026,1,4,6,1,0,2382.055,2382.055,2286.957
2026-01-04,HP,power petrol,UPI,bangalore,2026,1,4,6,1,0,1548.9699999999998,1548.9699999999998,1971.4934
2026-01-04,HP,power petrol,UPI,chennai,2026,1,4,6,1,0,3449.875,3449.875,4127.4214
2026-01-04,HP,power petrol,UPI,delhi,2026,1,4,6,1,0,1322.702,1322.702,1747.5568
2026-01-04,HP,power petrol,UPI,mumbai,2026,1,4,6,1,0,1848.05,1848.05,2141.1265
2026-01-04,HP,power petrol,UPI,pune,2026,1,4,6,1,0,2527.307777777778,2527.307777777778,3200.7422
2026-01-04,IOCL,diesel,Card,bangalore,2026,1,4,6,1,0,4194.373333333334,4194.373333333334,4036.563
2026-01-04,IOCL,diesel,Card,chennai,2026,1,4,6,1,0,1461.5025,1461.5025,1768.9197
2026-01-04,IOCL,diesel,Card,delhi,2026,1,4,6,1,0,1884.988,1884.988,2083.463
2026-01-04,IOCL,diesel,Card,mumbai,2026,1,4,6,1,0,1978.7118181818184,1978.7118181818184,1975.5597
2026-01-04,IOCL,diesel,Card,pune,2026,1,4,6,1,0,1934.158888888889,1934.158888888889,1825.0587
2026-01-04,IOCL,diesel,Cash,bangalore,2026,1,4,6,1,0,1159.5700000000002,1159.5700000000002,1214.4353
2026-01-04,IOCL,diesel,Cash,chennai,2026,1,4,6,1,0,948.3340000000001,948.3340000000001,1164.3724
2026-01-04,IOCL,diesel,Cash,delhi,2026,1,4,6,1,0,1946.26,1955.898,2076.1162
2026-01-04,IOCL,diesel,Cash,mumbai,2026,1,4,6,1,0,1874.8266666666666,1874.8266666666666,1910.0402
2026-01-04,IOCL,diesel,Cash,pune,2026,1,4,6,1,0,1985.75,1985.75,1788.3663
2026-01-04,IOCL,diesel,UPI,bangalore,2026,1,4,6,1,0,1737.5199999999998,1737.5199999999998,1954.7617
2026-01-04,IOCL,diesel,UPI,chennai,2026,1,4,6,1,0,1916.011,1916.011,1954.5128
2026-01-04,IOCL,diesel,UPI,delhi,2026,1,4,6,1,0,2074.5945454545454,2074.5945454545454,2150.4534
2026-01-04,IOCL,diesel,UPI,mumbai,2026,1,4,6,1,0,1915.90125,1915.90125,1988.2281
2026-01-04,IOCL,diesel,UPI,pune,2026,1,4,6,1,0,1043.585,1043.585,1181.1128
2026-01-04,IOCL,petrol,Card,bangalore,2026,1,4,6,1,0,1443.8766666666668,1443.8766666666668,1567.6115
2026-01-04,IOCL,petrol,Card,chennai,2026,1,4,6,1,0,2473.17875,2473.17875,2046.9995
2026-01-04,IOCL,petrol,Card,delhi,2026,1,4,6,1,0,2645.5636363636363,2645.5636363636363,3760.9307
2026-01-04,IOCL,petrol,Card,mumbai,2026,1,4,6,1,0,1198.185714285714,1198.185714285714,1225.9067
2026-01-04,IOCL,petrol,Card,pune,2026,1,4,6,1,0,2556.2799999999997,2556.2799999999997,3158.3652
2026-01-04,IOCL,petrol,Cash,bangalore,2026,1,4,6,1,0,2577.71,2577.71,3353.1035
2026-01-04,IOCL,petrol,Cash,chennai,2026,1,4,6,1,0,1951.1850000000002,1951.1850000000002,1746.2063
2026-01-04,IOCL,petrol,Cash,delhi,2026,1,4,6,1,0,2340.834,2340.834,2351.4277
2026-01-04,IOCL,petrol,Cash,mumbai,2026,1,4,6,1,0,2457.228888888889,2457.228888888889,2159.5762
2026-01-04,IOCL,petrol,Cash,pune,2026,1,4,6,1,0,2498.4,2498.4,2010.4547
2026-01-04,IOCL,petrol,UPI,bangalore,2026,1,4,6,1,0,2599.9266666666667,2599.9266666666667,3434.2937
2026-01-04,IOCL,petrol,UPI,chennai,2026,1,4,6,1,0,1855.25,1855.25,1776.7379
2026-01-04,IOCL,petrol,UPI,delhi,2026,1,4,6,1,0,2062.8875,2062.8875,2011.0693
2026-01-04,IOCL,petrol,UPI,mumbai,2026,1,4,6,1,0,3685.78,1764.125,3592.9631
2026-01-04,IOCL,petrol,UPI,pune,2026,1,4,6,1,0,2083.22,2083.22,1715.0067
2026-01-04,IOCL,power petrol,Card,bangalore,2026,1,4,6,1,0,2473.382857142857,2473.382857142857,2315.6973
2026-01-04,IOCL,power petrol,Card,chennai,2026,1,4,6,1,0,2190.233333333333,2190.233333333333,2207.9622
2026-01-04,IOCL,power petrol,Card,delhi,2026,1,4,6,1,0,1863.5766666666666,1863.5766666666666,2111.914
2026-01-04,IOCL,power petrol,Card,mumbai,2026,1,4,6,1,0,2355.5714285714284,2355.5714285714284,2241.9817
2026-01-04,IOCL,power petrol,Card,pune,2026,1,4,6,1,0,2648.766153846154,2648.766153846154,3269.5464
2026-01-04,IOCL,power petrol,Cash,bangalore,2026,1,4,6,1,0,1865.993333333333,1865.993333333333,1964.0894
2026-01-04,IOCL,power petrol,Cash,chennai,2026,1,4,6,1,0,1671.87375,1671.87375,1768.8718
2026-01-04,IOCL,power petrol,Cash,delhi,2026,1,4,6,1,0,2514.805,2514.805,3770.0889
2026-01-04,IOCL,power petrol,Cash,mumbai,2026,1,4,6,1,0,2150.042857142857,2150.042857142857,1939.0878
2026-01-04,IOCL,power petrol,Cash,pune,2026,1,4,6,1,0,2724.98,2724.98,2997.063
2026-01-04,IOCL,power petrol,UPI,bangalore,2026,1,4,6,1,0,2309.24,2309.24,2305.1301
2026-01-04,IOCL,power petrol,UPI,chennai,2026,1,4,6,1,0,2456.991666666667,2456.991666666667,2220.5286
2026-01-04,IOCL,power petrol,UPI,delhi,2026,1,4,6,1,0,2472.733846153846,2472.733846153846,2542.6387
2026-01-04,IOCL,power petrol,UPI,mumbai,2026,1,4,6,1,0,1027.4,2099.7028571428573,1211.7264
2026-01-04,IOCL,power petrol,UPI,pune,2026,1,4,6,1,0,2106.649,2106.649,1870.8702
2026-01-05,BPCL,diesel,Card,bangalore,2026,1,5,0,0,0,993.4040000000001,993.4040000000001,1289.1239
2026-01-05,BPCL,diesel,Card,chennai,2026,1,5,0,0,0,2301.473,2301.473,1836.4398
2026-01-05,BPCL,diesel,Card,delhi,2026,1,5,0,0,0,2874.375,2874.375,4108.0117
2026-01-05,BPCL,diesel,Card,mumbai,2026,1,5,0,0,0,1289.77,1289.77,1714.9292
2026-01-05,BPCL,diesel,Card,pune,2026,1,5,0,0,0,1298.9855555555555,1298.9855555555555,1629.9458
2026-01-05,BPCL,diesel,Cash,bangalore,2026,1,5,0,0,0,1852.3433333333335,1852.3433333333335,1879.2207
2026-01-05,BPCL,diesel,Cash,chennai,2026,1,5,0,0,0,2704.081111111111,2704.081111111111,3110.1973
2026-01-05,BPCL,diesel,Cash,delhi,2026,1,5,0,0,0,2138.9655555555555,2138.9655555555555,1867.8286
2026-01-05,BPCL,diesel,Cash,mumbai,2026,1,5,0,0,0,1864.2336363636364,1864.2336363636364,1879.5044
2026-01-05,BPCL,diesel,Cash,pune,2026,1,5,0,0,0,1948.3183333333334,1948.3183333333334,1690.9968
2026-01-05,BPCL,diesel,UPI,bangalore,2026,1,5,0,0,0,2066.0075,2066.0075,1879.0243
2026-01-05,BPCL,diesel,UPI,chennai,2026,1,5,0,0,0,1813.2723076923078,1813.2723076923078,1675.8656
2026-01-05,BPCL,diesel,UPI,delhi,2026,1,5,0,0,0,1679.2490909090907,1679.2490909090907,1880.6833
2026-01-05,BPCL,diesel,UPI,mumbai,2026,1,5,0,0,0,1948.2766666666669,1948.2766666666669,1868.3215
2026-01-05,BPCL,diesel,UPI,pune,2026,1,5,0,0,0,1330.9773333333333,1330.9773333333333,1669.2681
2026-01-05,BPCL,petrol,Card,bangalore,2026,1,5,0,0,0,3095.5171428571425,3095.5171428571425,4118.3604
2026-01-05,BPCL,petrol,Card,chennai,2026,1,5,0,0,0,2214.8877777777775,2214.8877777777775,1633.3539
2026-01-05,BPCL,petrol,Card,delhi,2026,1,5,0,0,0,4681.2,2320.816875,4478.9473
2026-01-05,BPCL,petrol,Card,mumbai,2026,1,5,0,0,0,1882.6116666666667,1882.6116666666667,1749.7169
2026-01-05,BPCL,petrol,Card,pune,2026,1,5,0,0,0,2420.381,2420.381,1636.2
2026-01-05,BPCL,petrol,Cash,bangalore,2026,1,5,0,0,0,2466.1639999999998,2466.1639999999998,1769.2418
2026-01-05,BPCL,petrol,Cash,chennai,2026,1,5,0,0,0,2086.0437500000003,2086.0437500000003,1460.5771
2026-01-05,BPCL,petrol,Cash,delhi,2026,1,5,0,0,0,1866.4633333333331,1866.4633333333331,1696.9415
2026-01-05,BPCL,petrol,Cash,mumbai,2026,1,5,0,0,0,1797.44125,1797.44125,1720.3287
2026-01-05,BPCL,petrol,Cash,pune,2026,1,5,0,0,0,2223.7366666666667,2223.7366666666667,1594.2496
2026-01-05,BPCL,petrol,UPI,bangalore,2026,1,5,0,0,0,2505.5628571428574,2505.5628571428574,1661.1799
2026-01-05,BPCL,petrol,UPI,chennai,2026,1,5,0,0,0,1973.3138461538463,1973.3138461538463,1472.2703
2026-01-05,BPCL,petrol,UPI,delhi,2026,1,5,0,0,0,2617.1457142857143,2617.1457142857143,3484.5217
2026-01-05,BPCL,petrol,UPI,mumbai,2026,1,5,0,0,0,2047.079090909091,2047.079090909091,1741.6882
2026-01-05,BPCL,petrol,UPI,pune,2026,1,5,0,0,0,1997.163,1997.163,1472.5277
2026-01-05,BPCL,power petrol,Card,bangalore,2026,1,5,0,0,0,2145.02,2145.02,1912.14
2026-01-05,BPCL,power petrol,Card,chennai,2026,1,5,0,0,0,2133.150909090909,2133.150909090909,1662.4661
2026-01-05,BPCL,power petrol,Card,delhi,2026,1,5,0,0,0,2168.163333333333,2168.163333333333,2000.5503
2026-01-05,BPCL,power petrol,Card,mumbai,2026,1,5,0,0,0,1784.5966666666668,1784.5966666666668,1837.8822
2026-01-05,BPCL,power petrol,Card,pune,2026,1,5,0,0,0,2765.4100000000003,2765.4100000000003,3074.4956
2026-01-05,BPCL,power petrol,Cash,bangalore,2026,1,5,0,0,0,3476.37,3476.37,4259.9243
2026-01-05,BPCL,power petrol,Cash,chennai,2026,1,5,0,0,0,2002.8188888888888,2002.8188888888888,1612.1986
2026-01-05,BPCL,power petrol,Cash,delhi,2026,1,5,0,0,0,2305.334,2305.334,2165.9385
2026-01-05,BPCL,power petrol,Cash,mumbai,2026,1,5,0,0,0,2318.9137499999997,2318.9137499999997,1987.214
2026-01-05,BPCL,power petrol,Cash,pune,2026,1,5,0,0,0,2600.3742857142856,2600.3742857142856,3056.3894
2026-01-05,BPCL,power petrol,UPI,bangalore,2026,1,5,0,0,0,2434.395,2434.395,1983.9731
2026-01-05,BPCL,power petrol,UPI,chennai,2026,1,5,0,0,0,2866.3214285714284,2866.3214285714284,4080.2747
2026-01-05,BPCL,power petrol,UPI,delhi,2026,1,5,0,0,0,2315.961111111111,2315.961111111111,2123.369
2026-01-05,BPCL,power petrol,UPI,mumbai,2026,1,5,0,0,0,1974.024,1974.024,1887.1367
2026-01-05,BPCL,power petrol,UPI,pune,2026,1,5,0,0,0,1944.9627272727273,1944.9627272727273,1734.3286
2026-01-05,HP,diesel,Card,bangalore,2026,1,5,0,0,0,2871.181666666667,2871.181666666667,3900.196
2026-01-05,HP,diesel,Card,chennai,2026,1,5,0,0,0,1960.89125,1960.89125,2067.8967
2026-01-05,HP,diesel,Card,delhi,2026,1,5,0,0,0,1208.6833333333334,1208.6833333333334,1245.7363
2026-01-05,HP,diesel,Card,mumbai,2026,1,5,0,0,0,1786.7369999999999,1786.7369999999999,1993.9617
2026-01-05,HP,diesel,Card,pune,2026,1,5,0,0,0,1597.4957142857143,1597.4957142857143,1830.7482
2026-01-05,HP,diesel,Cash,bangalore,2026,1,5,0,0,0,2432.7725,2432.7725,2454.2427
2026-01-05,HP,diesel,Cash,chennai,2026,1,5,0,0,0,1879.03,1879.03,2011.3668
2026-01-05,HP,diesel,Cash,delhi,2026,1,5,0,0,0,1638.6328571428571,1638.6328571428571,1912.0808
2026-01-05,HP,diesel,Cash,mumbai,2026,1,5,0,0,0,1707.6585714285716,1707.6585714285716,2016.8263
2026-01-05,HP,diesel,Cash,pune,2026,1,5,0,0,0,2379.6408333333334,2379.6408333333334,2261.8652
2026-01-05,HP,diesel,UPI,bangalore,2026,1,5,0,0,0,1802.21625,1802.21625,2107.664
2026-01-05,HP,diesel,UPI,chennai,2026,1,5,0,0,0,2105.03125,2105.03125,2102.711
2026-01-05,HP,diesel,UPI,delhi,2026,1,5,0,0,0,1426.8066666666666,1426.8066666666666,1788.252
2026-01-05,HP,diesel,UPI,mumbai,2026,1,5,0,0,0,2395.915,2395.915,2491.6204
2026-01-05,HP,diesel,UPI,pune,2026,1,5,0,0,0,2342.6475,2342.6475,2297.1755
2026-01-05,HP,petrol,Card,bangalore,2026,1,5,0,0,0,1726.2966666666669,1726.2966666666669,1814.9098
2026-01-05,HP,petrol,Card,chennai,2026,1,5,0,0,0,2772.457,2772.457,3242.4172
2026-01-05,HP,petrol,Card,delhi,2026,1,5,0,0,0,1653.8880000000001,1653.8880000000001,1725.583
2026-01-05,HP,petrol,Card,mumbai,2026,1,5,0,0,0,2676.4533333333334,2676.4533333333334,3354.9658
2026-01-05,HP,petrol,Card,pune,2026,1,5,0,0,0,2386.945,2386.945,2030.9846
2026-01-05,HP,petrol,Cash,bangalore,2026,1,5,0,0,0,2466.4616666666666,2466.4616666666666,2197.918
2026-01-05,HP,petrol,Cash,chennai,2026,1,5,0,0,0,2243.4049999999997,2243.4049999999997,2088.1218
2026-01-05,HP,petrol,Cash,delhi,2026,1,5,0,0,0,2151.3700000000003,2151.3700000000003,1901.699
2026-01-05,HP,petrol,Cash,mumbai,2026,1,5,0,0,0,1801.3799999999999,1801.3799999999999,1847.7623
2026-01-05,HP,petrol,Cash,pune,2026,1,5,0,0,0,1396.2544444444443,1396.2544444444443,1357.9688
2026-01-05,HP,petrol,UPI,bangalore,2026,1,5,0,0,0,1942.2,1942.2,1930.5043
2026-01-05,HP,petrol,UPI,chennai,2026,1,5,0,0,0,1994.8986666666667,1994.8986666666667,1839.1938
2026-01-05,HP,petrol,UPI,delhi,2026,1,5,0,0,0,1918.9264285714287,1918.9264285714287,1848.3026
2026-01-05,HP,petrol,UPI,mumbai,2026,1,5,0,0,0,2812.19,2812.19,3146.1782
2026-01-05,HP,petrol,UPI,pune,2026,1,5,0,0,0,1987.6850000000002,1987.6850000000002,1758.4021
2026-01-05,HP,power petrol,Card,bangalore,2026,1,5,0,0,0,3296.3419999999996,3296.3419999999996,4211.846
2026-01-05,HP,power petrol,Card,chennai,2026,1,5,0,0,0,3017.558333333333,3017.558333333333,4191.792
2026-01-05,HP,power petrol,Card,delhi,2026,1,5,0,0,0,1895.62375,1895.62375,2188.292
2026-01-05,HP,power petrol,Card,mumbai,2026,1,5,0,0,0,2562.9829999999997,2562.9829999999997,3437.8735
2026-01-05,HP,power petrol,Card,pune,2026,1,5,0,0,0,1996.61,1996.61,2010.2507
2026-01-05,HP,power petrol,Cash,bangalore,2026,1,5,0,0,0,0.0,,822.6152
2026-01-05,HP,power petrol,Cash,chennai,2026,1,5,0,0,0,1808.9650000000001,1808.9650000000001,1848.4872
2026-01-05,HP,power petrol,Cash,delhi,2026,1,5,0,0,0,2445.5171428571425,2445.5171428571425,2546.0234
2026-01-05,HP,power petrol,Cash,mumbai,2026,1,5,0,0,0,2096.4666666666667,2096.4666666666667,2192.3984
2026-01-05,HP,power petrol,Cash,pune,2026,1,5,0,0,0,2382.055,2382.055,2251.0522
2026-01-05,HP,power petrol,UPI,bangalore,2026,1,5,0,0,0,1548.9699999999998,1548.9699999999998,2026.7837
2026-01-05,HP,power petrol,UPI,chennai,2026,1,5,0,0,0,3449.875,3449.875,4164.3296
2026-01-05,HP,power petrol,UPI,delhi,2026,1,5,0,0,0,1322.702,1322.702,1780.2445
2026-01-05,HP,power petrol,UPI,mumbai,2026,1,5,0,0,0,1848.05,1848.05,2254.4246
2026-01-05,HP,power petrol,UPI,pune,2026,1,5,0,0,0,2527.307777777778,2527.307777777778,3203.3945
2026-01-05,IOCL,diesel,Card,bangalore,2026,1,5,0,0,0,4194.373333333334,4194.373333333334,4024.5508
2026-01-05,IOCL,diesel,Card,chennai,2026,1,5,0,0,0,1461.5025,1461.5025,1778.1255
2026-01-05,IOCL,diesel,Card,delhi,2026,1,5,0,0,0,1884.988,1884.988,2136.135
2026-01-05,IOCL,diesel,Card,mumbai,2026,1,5,0,0,0,1978.7118181818184,1978.7118181818184,2076.0112
2026-01-05,IOCL,diesel,Card,pune,2026,1,5,0,0,0,1934.158888888889,1934.158888888889,1865.1929
2026-01-05,IOCL,diesel,Cash,bangalore,2026,1,5,0,0,0,1159.5700000000002,1159.5700000000002,1254.8167
2026-01-05,IOCL,diesel,Cash,chennai,2026,1,5,0,0,0,948.3340000000001,948.3340000000001,1198.8359
2026-01-05,IOCL,diesel,Cash,delhi,2026,1,5,0,0,0,1955.898,1955.898,2088.2688
2026-01-05,IOCL,diesel,Cash,mumbai,2026,1,5,0,0,0,1874.8266666666666,1874.8266666666666,2019.5591
2026-01-05,IOCL,diesel,Cash,pune,2026,1,5,0,0,0,1985.75,1985.75,1797.71
2026-01-05,IOCL,diesel,UPI,bangalore,2026,1,5,0,0,0,1737.5199999999998,1737.5199999999998,2039.4446
2026-01-05,IOCL,diesel,UPI,chennai,2026,1,5,0,0,0,1916.011,1916.011,1964.1122
2026-01-05,IOCL,diesel,UPI,delhi,2026,1,5,0,0,0,2074.5945454545454,2074.5945454545454,2179.7302
2026-01-05,IOCL,diesel,UPI,mumbai,2026,1,5,0,0,0,1915.90125,1915.90125,2117.512
2026-01-05,IOCL,diesel,UPI,pune,2026,1,5,0,0,0,1043.585,1043.585,1264.1201
2026-01-05,IOCL,petrol,Card,bangalore,2026,1,5,0,0,0,1443.8766666666668,1443.8766666666668,1483.3967
2026-01-05,IOCL,petrol,Card,chennai,2026,1,5,0,0,0,2473.17875,2473.17875,1914.594
2026-01-05,IOCL,petrol,Card,delhi,2026,1,5,0,0,0,2645.5636363636363,2645.5636363636363,3618.5889
2026-01-05,IOCL,petrol,Card,mumbai,2026,1,5,0,0,0,1198.185714285714,1198.185714285714,1184.5994
2026-01-05,IOCL,petrol,Card,pune,2026,1,5,0,0,0,2556.2799999999997,2556.2799999999997,3031.3682
2026-01-05,IOCL,petrol,Cash,bangalore,2026,1,5,0,0,0,1378.0,2577.71,1442.3066
2026-01-05,IOCL,petrol,Cash,chennai,2026,1,5,0,0,0,2787.08,1951.1850000000002,3138.1106
2026-01-05,IOCL,petrol,Cash,delhi,2026,1,5,0,0,0,2340.834,2340.834,2205.1145
2026-01-05,IOCL,petrol,Cash,mumbai,2026,1,5,0,0,0,2457.228888888889,2457.228888888889,2144.1567
2026-01-05,IOCL,petrol,Cash,pune,2026,1,5,0,0,0,2498.4,2498.4,1878.356
2026-01-05,IOCL,petrol,UPI,bangalore,2026,1,5,0,0,0,2599.9266666666667,2599.9266666666667,3290.0273
2026-01-05,IOCL,petrol,UPI,chennai,2026,1,5,0,0,0,1855.25,1855.25,1651.0312
2026-01-05,IOCL,petrol,UPI,delhi,2026,1,5,0,0,0,2062.8875,2062.8875,1859.9125
2026-01-05,IOCL,petrol,UPI,mumbai,2026,1,5,0,0,0,1764.125,1764.125,1818.8414
2026-01-05,IOCL,petrol,UPI,pune,2026,1,5,0,0,0,2083.22,2083.22,1597.796
2026-01-05,IOCL,power petrol,Card,bangalore,2026,1,5,0,0,0,2473.382857142857,2473.382857142857,2281.6506
2026-01-05,IOCL,power petrol,Card,chennai,2026,1,5,0,0,0,2190.233333333333,2190.233333333333,2087.9639
2026-01-05,IOCL,power petrol,Card,delhi,2026,1,5,0,0,0,1863.5766666666666,1863.5766666666666,2112.1252
2026-01-05,IOCL,power petrol,Card,mumbai,2026,1,5,0,0,0,2355.5714285714284,2355.5714285714284,2272.5789
2026-01-05,IOCL,power petrol,Card,pune,2026,1,5,0,0,0,2648.766153846154,2648.766153846154,3187.3428
2026-01-05,IOCL,power petrol,Cash,bangalore,2026,1,5,0,0,0,1865.993333333333,1865.993333333333,1919.7382
2026-01-05,IOCL,power petrol,Cash,chennai,2026,1,5,0,0,0,673.66,1671.87375,732.5432
2026-01-05,IOCL,power petrol,Cash,delhi,2026,1,5,0,0,0,2514.805,2514.805,3728.6272
2026-01-05,IOCL,power petrol,Cash,mumbai,2026,1,5,0,0,0,2150.042857142857,2150.042857142857,1985.8241
2026-01-05,IOCL,power petrol,Cash,pune,2026,1,5,0,0,0,2724.98,2724.98,2960.6543
2026-01-05,IOCL,power petrol,UPI,bangalore,2026,1,5,0,0,0,2309.24,2309.24,2277.4604
2026-01-05,IOCL,power petrol,UPI,chennai,2026,1,5,0,0,0,2456.991666666667,2456.991666666667,2112.2014
2026-01-05,IOCL,power petrol,UPI,delhi,2026,1,5,0,0,0,2472.733846153846,2472.733846153846,2509.7158
2026-01-05,IOCL,power petrol,UPI,mumbai,2026,1,5,0,0,0,2099.7028571428573,2099.7028571428573,2070.1208
2026-01-05,IOCL,power petrol,UPI,pune,2026,1,5,0,0,0,2106.649,2106.649,1816.9751
2026-01-06,BPCL,diesel,Card,bangalore,2026,1,6,1,0,0,993.4040000000001,993.4040000000001,1278.31
2026-01-06,BPCL,diesel,Card,chennai,2026,1,6,1,0,0,2301.473,2301.473,1846.3213
2026-01-06,BPCL,diesel,Card,delhi,2026,1,6,1,0,0,2874.375,2874.375,4092.8528
2026-01-06,BPCL,diesel,Card,mumbai,2026,1,6,1,0,0,1289.77,1289.77,1706.4009
2026-01-06,BPCL,diesel,Card,pune,2026,1,6,1,0,0,1298.9855555555555,1298.9855555555555,1625.2944
2026-01-06,BPCL,diesel,Cash,bangalore,2026,1,6,1,0,0,1852.3433333333335,1852.3433333333335,1877.4846
2026-01-06,BPCL,diesel,Cash,chennai,2026,1,6,1,0,0,2704.081111111111,2704.081111111111,3164.954
2026-01-06,BPCL,diesel,Cash,delhi,2026,1,6,1,0,0,2138.9655555555555,2138.9655555555555,1820.7805
2026-01-06,BPCL,diesel,Cash,mumbai,2026,1,6,1,0,0,1864.2336363636364,1864.2336363636364,1877.3325
2026-01-06,BPCL,diesel,Cash,pune,2026,1,6,1,0,0,1948.3183333333334,1948.3183333333334,1694.1476
2026-01-06,BPCL,diesel,UPI,bangalore,2026,1,6,1,0,0,2066.0075,2066.0075,1877.6624
2026-01-06,BPCL,diesel,UPI,chennai,2026,1,6,1,0,0,1813.2723076923078,1813.2723076923078,1698.6044
2026-01-06,BPCL,diesel,UPI,delhi,2026,1,6,1,0,0,1679.2490909090907,1679.2490909090907,1830.2032
2026-01-06,BPCL,diesel,UPI,mumbai,2026,1,6,1,0,0,1948.2766666666669,1948.2766666666669,1865.6206
2026-01-06,BPCL,diesel,UPI,pune,2026,1,6,1,0,0,1330.9773333333333,1330.9773333333333,1668.4762
2026-01-06,BPCL,petrol,Card,bangalore,2026,1,6,1,0,0,3095.5171428571425,3095.5171428571425,4288.02
2026-01-06,BPCL,petrol,Card,chennai,2026,1,6,1,0,0,2214.8877777777775,2214.8877777777775,1754.0377
2026-01-06,BPCL,petrol,Card,delhi,2026,1,6,1,0,0,2320.816875,2320.816875,2054.0664
2026-01-06,BPCL,petrol,Card,mumbai,2026,1,6,1,0,0,1882.6116666666667,1882.6116666666667,1844.259
2026-01-06,BPCL,petrol,Card,pune,2026,1,6,1,0,0,2420.381,2420.381,1771.0361
2026-01-06,BPCL,petrol,Cash,bangalore,2026,1,6,1,0,0,2466.1639999999998,2466.1639999999998,1904.2192
2026-01-06,BPCL,petrol,Cash,chennai,2026,1,6,1,0,0,2086.0437500000003,2086.0437500000003,1585.1118
2026-01-06,BPCL,petrol,Cash,delhi,2026,1,6,1,0,0,1866.4633333333331,1866.4633333333331,1788.2942
2026-01-06,BPCL,petrol,Cash,mumbai,2026,1,6,1,0,0,1797.44125,1797.44125,1817.814
2026-01-06,BPCL,petrol,Cash,pune,2026,1,6,1,0,0,2223.7366666666667,2223.7366666666667,1735.1141
2026-01-06,BPCL,petrol,UPI,bangalore,2026,1,6,1,0,0,2505.5628571428574,2505.5628571428574,1799.711
2026-01-06,BPCL,petrol,UPI,chennai,2026,1,6,1,0,0,1973.3138461538463,1973.3138461538463,1594.9778
2026-01-06,BPCL,petrol,UPI,delhi,2026,1,6,1,0,0,2617.1457142857143,2617.1457142857143,3629.5588
2026-01-06,BPCL,petrol,UPI,mumbai,2026,1,6,1,0,0,2047.079090909091,2047.079090909091,1836.2196
2026-01-06,BPCL,petrol,UPI,pune,2026,1,6,1,0,0,1997.163,1997.163,1610.7965
2026-01-06,BPCL,power petrol,Card,bangalore,2026,1,6,1,0,0,2145.02,2145.02,1954.3411
2026-01-06,BPCL,power petrol,Card,chennai,2026,1,6,1,0,0,2133.150909090909,2133.150909090909,1728.7007
2026-01-06,BPCL,power petrol,Card,delhi,2026,1,6,1,0,0,2168.163333333333,2168.163333333333,1994.8639
2026-01-06,BPCL,power petrol,Card,mumbai,2026,1,6,1,0,0,1784.5966666666668,1784.5966666666668,1877.2177
2026-01-06,BPCL,power petrol,Card,pune,2026,1,6,1,0,0,2765.4100000000003,2765.4100000000003,3129.3787
2026-01-06,BPCL,power petrol,Cash,bangalore,2026,1,6,1,0,0,3476.37,3476.37,4328.2188
2026-01-06,BPCL,power petrol,Cash,chennai,2026,1,6,1,0,0,843.97,2002.8188888888888,983.5851
2026-01-06,BPCL,power petrol,Cash,delhi,2026,1,6,1,0,0,2305.334,2305.334,2159.1692
2026-01-06,BPCL,power petrol,Cash,mumbai,2026,1,6,1,0,0,2318.9137499999997,2318.9137499999997,2022.5902
2026-01-06,BPCL,power petrol,Cash,pune,2026,1,6,1,0,0,2600.3742857142856,2600.3742857142856,3138.1738
2026-01-06,BPCL,power petrol,UPI,bangalore,2026,1,6,1,0,0,2434.395,2434.395,2024.469
2026-01-06,BPCL,power petrol,UPI,chennai,2026,1,6,1,0,0,2866.3214285714284,2866.3214285714284,4187.0684
2026-01-06,BPCL,power petrol,UPI,delhi,2026,1,6,1,0,0,2315.961111111111,2315.961111111111,2116.794
2026-01-06,BPCL,power petrol,UPI,mumbai,2026,1,6,1,0,0,1974.024,1974.024,1930.079
2026-01-06,BPCL,power petrol,UPI,pune,2026,1,6,1,0,0,1944.9627272727273,1944.9627272727273,1780.1298
2026-01-06,HP,diesel,Card,bangalore,2026,1,6,1,0,0,2871.181666666667,2871.181666666667,3860.9685
2026-01-06,HP,diesel,Card,chennai,2026,1,6,1,0,0,1960.89125,1960.89125,2013.75
2026-01-06,HP,diesel,Card,delhi,2026,1,6,1,0,0,954.5,1208.6833333333334,1082.0747
2026-01-06,HP,diesel,Card,mumbai,2026,1,6,1,0,0,1786.7369999999999,1786.7369999999999,1911.1714
2026-01-06,HP,diesel,Card,pune,2026,1,6,1,0,0,1597.4957142857143,1597.4957142857143,1748.9052
2026-01-06,HP,diesel,Cash,bangalore,2026,1,6,1,0,0,2432.7725,2432.7725,2425.1052
2026-01-06,HP,diesel,Cash,chennai,2026,1,6,1,0,0,1879.03,1879.03,2006.8292
2026-01-06,HP,diesel,Cash,delhi,2026,1,6,1,0,0,1638.6328571428571,1638.6328571428571,1876.5663
2026-01-06,HP,diesel,Cash,mumbai,2026,1,6,1,0,0,1707.6585714285716,1707.6585714285716,1984.4991
2026-01-06,HP,diesel,Cash,pune,2026,1,6,1,0,0,2379.6408333333334,2379.6408333333334,2237.0515
2026-01-06,HP,diesel,UPI,bangalore,2026,1,6,1,0,0,1802.21625,1802.21625,2079.3345
2026-01-06,HP,diesel,UPI,chennai,2026,1,6,1,0,0,2105.03125,2105.03125,2100.6438
2026-01-06,HP,diesel,UPI,delhi,2026,1,6,1,0,0,1426.8066666666666,1426.8066666666666,1751.4669
2026-01-06,HP,diesel,UPI,mumbai,2026,1,6,1,0,0,2395.915,2395.915,2463.7952
2026-01-06,HP,diesel,UPI,pune,2026,1,6,1,0,0,2342.6475,2342.6475,2272.117
2026-01-06,HP,petrol,Card,bangalore,2026,1,6,1,0,0,1726.2966666666669,1726.2966666666669,1872.1049
2026-01-06,HP,petrol,Card,chennai,2026,1,6,1,0,0,2772.457,2772.457,3322.596
2026-01-06,HP,petrol,Card,delhi,2026,1,6,1,0,0,1653.8880000000001,1653.8880000000001,1770.5536
2026-01-06,HP,petrol,Card,mumbai,2026,1,6,1,0,0,2676.4533333333334,2676.4533333333334,3385.0266
2026-01-06,HP,petrol,Card,pune,2026,1,6,1,0,0,2386.945,2386.945,2087.979
2026-01-06,HP,petrol,Cash,bangalore,2026,1,6,1,0,0,2466.4616666666666,2466.4616666666666,2306.7942
2026-01-06,HP,petrol,Cash,chennai,2026,1,6,1,0,0,2243.4049999999997,2243.4049999999997,2183.2043
2026-01-06,HP,petrol,Cash,delhi,2026,1,6,1,0,0,2151.3700000000003,2151.3700000000003,2006.5542
2026-01-06,HP,petrol,Cash,mumbai,2026,1,6,1,0,0,1801.3799999999999,1801.3799999999999,1910.3671
2026-01-06,HP,petrol,Cash,pune,2026,1,6,1,0,0,1396.2544444444443,1396.2544444444443,1460.9303
2026-01-06,HP,petrol,UPI,bangalore,2026,1,6,1,0,0,1942.2,1942.2,2040.8379
2026-01-06,HP,petrol,UPI,chennai,2026,1,6,1,0,0,1994.8986666666667,1994.8986666666667,1933.1477
2026-01-06,HP,petrol,UPI,delhi,2026,1,6,1,0,0,1918.9264285714287,1918.9264285714287,1949.8684
2026-01-06,HP,petrol,UPI,mumbai,2026,1,6,1,0,0,2812.19,2812.19,3213.9814
2026-01-06,HP,petrol,UPI,pune,2026,1,6,1,0,0,1987.6850000000002,1987.6850000000002,1866.7441
2026-01-06,HP,power petrol,Card,bangalore,2026,1,6,1,0,0,3296.3419999999996,3296.3419999999996,4216.974
2026-01-06,HP,power petrol,Card,chennai,2026,1,6,1,0,0,3017.558333333333,3017.558333333333,4218.4004
2026-01-06,HP,power petrol,Card,delhi,2026,1,6,1,0,0,1895.62375,1895.62375,2154.8452
2026-01-06,HP,power petrol,Card,mumbai,2026,1,6,1,0,0,2562.9829999999997,2562.9829999999997,3426.6472
2026-01-06,HP,power petrol,Card,pune,2026,1,6,1,0,0,1996.61,1996.61,1979.281
2026-01-06,HP,power petrol,Cash,bangalore,2026,1,6,1,0,0,0.0,,832.20844
2026-01-06,HP,power petrol,Cash,chennai,2026,1,6,1,0,0,1808.9650000000001,1808.9650000000001,1888.8175
2026-01-06,HP,power petrol,Cash,delhi,2026,1,6,1,0,0,2445.5171428571425,2445.5171428571425,2564.3074
2026-01-06,HP,power petrol,Cash,mumbai,2026,1,6,1,0,0,2096.4666666666667,2096.4666666666667,2210.5435
2026-01-06,HP,power petrol,Cash,pune,2026,1,6,1,0,0,2382.055,2382.055,2270.8933
2026-01-06,HP,power petrol,UPI,bangalore,2026,1,6,1,0,0,1548.9699999999998,1548.9699999999998,2042.6603
2026-01-06,HP,power petrol,UPI,chennai,2026,1,6,1,0,0,3449.875,3449.875,4248.8926
2026-01-06,HP,power petrol,UPI,delhi,2026,1,6,1,0,0,1322.702,1322.702,1790.6378
2026-01-06,HP,power petrol,UPI,mumbai,2026,1,6,1,0,0,1848.05,1848.05,2273.4685
2026-01-06,HP,power petrol,UPI,pune,2026,1,6,1,0,0,2527.307777777778,2527.307777777778,3264.5034
2026-01-06,IOCL,diesel,Card,bangalore,2026,1,6,1,0,0,4194.373333333334,4194.373333333334,4031.7432
2026-01-06,IOCL,diesel,Card,chennai,2026,1,6,1,0,0,1461.5025,1461.5025,1734.2256
2026-01-06,IOCL,diesel,Card,delhi,2026,1,6,1,0,0,1884.988,1884.988,2029.708
2026-01-06,IOCL,diesel,Card,mumbai,2026,1,6,1,0,0,1978.7118181818184,1978.7118181818184,2013.6401
2026-01-06,IOCL,diesel,Card,pune,2026,1,6,1,0,0,1934.158888888889,1934.158888888889,1795.189
2026-01-06,IOCL,diesel,Cash,bangalore,2026,1,6,1,0,0,1159.5700000000002,1159.5700000000002,1230.9707
2026-01-06,IOCL,diesel,Cash,chennai,2026,1,6,1,0,0,948.3340000000001,948.3340000000001,1193.9321
2026-01-06,IOCL,diesel,Cash,delhi,2026,1,6,1,0,0,1955.898,1955.898,2027.5319
2026-01-06,IOCL,diesel,Cash,mumbai,2026,1,6,1,0,0,1874.8266666666666,1874.8266666666666,2002.4895
2026-01-06,IOCL,diesel,Cash,pune,2026,1,6,1,0,0,1985.75,1985.75,1773.4475
2026-01-06,IOCL,diesel,UPI,bangalore,2026,1,6,1,0,0,1737.5199999999998,1737.5199999999998,2027.7101
2026-01-06,IOCL,diesel,UPI,chennai,2026,1,6,1,0,0,1916.011,1916.011,1976.8269
2026-01-06,IOCL,diesel,UPI,delhi,2026,1,6,1,0,0,2074.5945454545454,2074.5945454545454,2122.8306
2026-01-06,IOCL,diesel,UPI,mumbai,2026,1,6,1,0,0,1915.90125,1915.90125,2106.4172
2026-01-06,IOCL,diesel,UPI,pune,2026,1,6,1,0,0,1043.585,1043.585,1236.3679
2026-01-06,IOCL,petrol,Card,bangalore,2026,1,6,1,0,0,1443.8766666666668,1443.8766666666668,1538.4242
2026-01-06,IOCL,petrol,Card,chennai,2026,1,6,1,0,0,2473.17875,2473.17875,1952.6019
2026-01-06,IOCL,petrol,Card,delhi,2026,1,6,1,0,0,2645.5636363636363,2645.5636363636363,3684.2883
2026-01-06,IOCL,petrol,Card,mumbai,2026,1,6,1,0,0,1198.185714285714,1198.185714285714,1196.0938
2026-01-06,IOCL,petrol,Card,pune,2026,1,6,1,0,0,2556.2799999999997,2556.2799999999997,3131.578
2026-01-06,IOCL,petrol,Cash,bangalore,2026,1,6,1,0,0,2577.71,2577.71,3387.687
2026-01-06,IOCL,petrol,Cash,chennai,2026,1,6,1,0,0,1951.1850000000002,1951.1850000000002,1694.8062
2026-01-06,IOCL,petrol,Cash,delhi,2026,1,6,1,0,0,2340.834,2340.834,2263.3042
2026-01-06,IOCL,petrol,Cash,mumbai,2026,1,6,1,0,0,2457.228888888889,2457.228888888889,2208.26
2026-01-06,IOCL,petrol,Cash,pune,2026,1,6,1,0,0,2498.4,2498.4,1986.276
2026-01-06,IOCL,petrol,UPI,bangalore,2026,1,6,1,0,0,2599.9266666666667,2599.9266666666667,3462.4407
2026-01-06,IOCL,petrol,UPI,chennai,2026,1,6,1,0,0,1855.25,1855.25,1743.5525
2026-01-06,IOCL,petrol,UPI,delhi,2026,1,6,1,0,0,2062.8875,2062.8875,1917.8964
2026-01-06,IOCL,petrol,UPI,mumbai,2026,1,6,1,0,0,1764.125,1764.125,1883.4573
2026-01-06,IOCL,petrol,UPI,pune,2026,1,6,1,0,0,2083.22,2083.22,1705.9244
2026-01-06,IOCL,power petrol,Card,bangalore,2026,1,6,1,0,0,2473.382857142857,2473.382857142857,2254.7493
2026-01-06,IOCL,power petrol,Card,chennai,2026,1,6,1,0,0,2190.233333333333,2190.233333333333,2084.8325
2026-01-06,IOCL,power petrol,Card,delhi,2026,1,6,1,0,0,1863.5766666666666,1863.5766666666666,2038.6245
2026-01-06,IOCL,power petrol,Card,mumbai,2026,1,6,1,0,0,2355.5714285714284,2355.5714285714284,2241.662
2026-01-06,IOCL,power petrol,Card,pune,2026,1,6,1,0,0,2648.766153846154,2648.766153846154,3182.6338
2026-01-06,IOCL,power petrol,Cash,bangalore,2026,1,6,1,0,0,1865.993333333333,1865.993333333333,1940.1488
2026-01-06,IOCL,power petrol,Cash,chennai,2026,1,6,1,0,0,1671.87375,1671.87375,1690.7037
2026-01-06,IOCL,power petrol,Cash,delhi,2026,1,6,1,0,0,2514.805,2514.805,3761.5708
2026-01-06,IOCL,power petrol,Cash,mumbai,2026,1,6,1,0,0,2150.042857142857,2150.042857142857,2004.4508
2026-01-06,IOCL,power petrol,Cash,pune,2026,1,6,1,0,0,2724.98,2724.98,2987.15
2026-01-06,IOCL,power petrol,UPI,bangalore,2026,1,6,1,0,0,2309.24,2309.24,2299.9133
2026-01-06,IOCL,power petrol,UPI,chennai,2026,1,6,1,0,0,2456.991666666667,2456.991666666667,2151.2073
2026-01-06,IOCL,power petrol,UPI,delhi,2026,1,6,1,0,0,4281.17,2472.733846153846,4509.189
2026-01-06,IOCL,power petrol,UPI,mumbai,2026,1,6,1,0,0,2099.7028571428573,2099.7028571428573,2091.6653
2026-01-06,IOCL,power petrol,UPI,pune,2026,1,6,1,0,0,2106.649,2106.649,1830.3269
2026-01-07,BPCL,diesel,Card,bangalore,2026,1,7,2,0,0,993.4040000000001,993.4040000000001,1231.0037
2026-01-07,BPCL,diesel,Card,chennai,2026,1,7,2,0,0,2301.473,2301.473,1762.5643
2026-01-07,BPCL,diesel,Card,delhi,2026,1,7,2,0,0,2874.375,2874.375,4014.3176
2026-01-07,BPCL,diesel,Card,mumbai,2026,1,7,2,0,0,1289.77,1289.77,1639.395
2026-01-07,BPCL,diesel,Card,pune,2026,1,7,2,0,0,1298.9855555555555,1298.9855555555555,1559.7156
2026-01-07,BPCL,diesel,Cash,bangalore,2026,1,7,2,0,0,1852.3433333333335,1852.3433333333335,1814.7042
2026-01-07,BPCL,diesel,Cash,chennai,2026,1,7,2,0,0,2704.081111111111,2704.081111111111,3084.391
2026-01-07,BPCL,diesel,Cash,delhi,2026,1,7,2,0,0,2138.9655555555555,2138.9655555555555,1748.5887
2026-01-07,BPCL,diesel,Cash,mumbai,2026,1,7,2,0,0,1864.2336363636364,1864.2336363636364,1815.3624
2026-01-07,BPCL,diesel,Cash,pune,2026,1,7,2,0,0,1948.3183333333334,1948.3183333333334,1631.5962
2026-01-07,BPCL,diesel,UPI,bangalore,2026,1,7,2,0,0,2066.0075,2066.0075,1783.0485
2026-01-07,BPCL,diesel,UPI,chennai,2026,1,7,2,0,0,1813.2723076923078,1813.2723076923078,1576.9692
2026-01-07,BPCL,diesel,UPI,delhi,2026,1,7,2,0,0,1679.2490909090907,1679.2490909090907,1741.3362
2026-01-07,BPCL,diesel,UPI,mumbai,2026,1,7,2,0,0,1948.2766666666669,1948.2766666666669,1790.2487
2026-01-07,BPCL,diesel,UPI,pune,2026,1,7,2,0,0,1330.9773333333333,1330.9773333333333,1571.1841
2026-01-07,BPCL,petrol,Card,bangalore,2026,1,7,2,0,0,3095.5171428571425,3095.5171428571425,4294.763
2026-01-07,BPCL,petrol,Card,chennai,2026,1,7,2,0,0,2214.8877777777775,2214.8877777777775,1724.567
2026-01-07,BPCL,petrol,Card,delhi,2026,1,7,2,0,0,2320.816875,2320.816875,2049.7231
2026-01-07,BPCL,petrol,Card,mumbai,2026,1,7,2,0,0,1882.6116666666667,1882.6116666666667,1839.4692
2026-01-07,BPCL,petrol,Card,pune,2026,1,7,2,0,0,2420.381,2420.381,1763.1063
2026-01-07,BPCL,petrol,Cash,bangalore,2026,1,7,2,0,0,2466.1639999999998,2466.1639999999998,1968.3071
2026-01-07,BPCL,petrol,Cash,chennai,2026,1,7,2,0,0,2086.0437500000003,2086.0437500000003,1624.7716
2026-01-07,BPCL,petrol,Cash,delhi,2026,1,7,2,0,0,1866.4633333333331,1866.4633333333331,1852.955
2026-01-07,BPCL,petrol,Cash,mumbai,2026,1,7,2,0,0,1797.44125,1797.44125,1810.8276
2026-01-07,BPCL,petrol,Cash,pune,2026,1,7,2,0,0,2223.7366666666667,2223.7366666666667,1797.7875
2026-01-07,BPCL,petrol,UPI,bangalore,2026,1,7,2,0,0,2505.5628571428574,2505.5628571428574,1769.3263
2026-01-07,BPCL,petrol,UPI,chennai,2026,1,7,2,0,0,1973.3138461538463,1973.3138461538463,1539.0122
2026-01-07,BPCL,petrol,UPI,delhi,2026,1,7,2,0,0,2617.1457142857143,2617.1457142857143,3612.1519
2026-01-07,BPCL,petrol,UPI,mumbai,2026,1,7,2,0,0,3304.53,2047.079090909091,3773.628
2026-01-07,BPCL,petrol,UPI,pune,2026,1,7,2,0,0,1997.163,1997.163,1577.2584
2026-01-07,BPCL,power petrol,Card,bangalore,2026,1,7,2,0,0,2145.02,2145.02,1873.3046
2026-01-07,BPCL,power petrol,Card,chennai,2026,1,7,2,0,0,4875.07,2133.150909090909,4614.6963
2026-01-07,BPCL,power petrol,Card,delhi,2026,1,7,2,0,0,2168.163333333333,2168.163333333333,2004.8654
2026-01-07,BPCL,power petrol,Card,mumbai,2026,1,7,2,0,0,1784.5966666666668,1784.5966666666668,1787.5979
2026-01-07,BPCL,power petrol,Card,pune,2026,1,7,2,0,0,1431.14,2765.4100000000003,1553.4308
2026-01-07,BPCL,power petrol,Cash,bangalore,2026,1,7,2,0,0,3476.37,3476.37,4265.8174
2026-01-07,BPCL,power petrol,Cash,chennai,2026,1,7,2,0,0,2002.8188888888888,2002.8188888888888,1582.4868
2026-01-07,BPCL,power petrol,Cash,delhi,2026,1,7,2,0,0,2305.334,2305.334,2172.3696
2026-01-07,BPCL,power petrol,Cash,mumbai,2026,1,7,2,0,0,2318.9137499999997,2318.9137499999997,1946.0459
2026-01-07,BPCL,power petrol,Cash,pune,2026,1,7,2,0,0,2600.3742857142856,2600.3742857142856,3067.093
2026-01-07,BPCL,power petrol,UPI,bangalore,2026,1,7,2,0,0,2434.395,2434.395,1927.4902
2026-01-07,BPCL,power petrol,UPI,chennai,2026,1,7,2,0,0,2866.3214285714284,2866.3214285714284,4090.9907
2026-01-07,BPCL,power petrol,UPI,delhi,2026,1,7,2,0,0,2315.961111111111,2315.961111111111,2123.9197
2026-01-07,BPCL,power petrol,UPI,mumbai,2026,1,7,2,0,0,1974.024,1974.024,1846.2319
2026-01-07,BPCL,power petrol,UPI,pune,2026,1,7,2,0,0,1944.9627272727273,1944.9627272727273,1680.9858
2026-01-07,HP,diesel,Card,bangalore,2026,1,7,2,0,0,2871.181666666667,2871.181666666667,3810.4502
2026-01-07,HP,diesel,Card,chennai,2026,1,7,2,0,0,1960.89125,1960.89125,1945.6376
2026-01-07,HP,diesel,Card,delhi,2026,1,7,2,0,0,1208.6833333333334,1208.6833333333334,1096.1559
2026-01-07,HP,diesel,Card,mumbai,2026,1,7,2,0,0,1786.7369999999999,1786.7369999999999,1859.4445
2026-01-07,HP,diesel,Card,pune,2026,1,7,2,0,0,1597.4957142857143,1597.4957142857143,1690.2368
2026-01-07,HP,diesel,Cash,bangalore,2026,1,7,2,0,0,2432.7725,2432.7725,2392.2463
2026-01-07,HP,diesel,Cash,chennai,2026,1,7,2,0,0,1879.03,1879.03,1936.3215
2026-01-07,HP,diesel,Cash,delhi,2026,1,7,2,0,0,1638.6328571428571,1638.6328571428571,1805.5172
2026-01-07,HP,diesel,Cash,mumbai,2026,1,7,2,0,0,1707.6585714285716,1707.6585714285716,1930.9578
2026-01-07,HP,diesel,Cash,pune,2026,1,7,2,0,0,2379.6408333333334,2379.6408333333334,2203.4673
2026-01-07,HP,diesel,UPI,bangalore,2026,1,7,2,0,0,1802.21625,1802.21625,2001.3378
2026-01-07,HP,diesel,UPI,chennai,2026,1,7,2,0,0,2105.03125,2105.03125,2003.8788
2026-01-07,HP,diesel,UPI,delhi,2026,1,7,2,0,0,1426.8066666666666,1426.8066666666666,1677.8096
2026-01-07,HP,diesel,UPI,mumbai,2026,1,7,2,0,0,2395.915,2395.915,2424.1045
2026-01-07,HP,diesel,UPI,pune,2026,1,7,2,0,0,2342.6475,2342.6475,2213.3386
2026-01-07,HP,petrol,Card,bangalore,2026,1,7,2,0,0,1726.2966666666669,1726.2966666666669,1876.2772
2026-01-07,HP,petrol,Card,chennai,2026,1,7,2,0,0,2772.457,2772.457,3306.2693
2026-01-07,HP,petrol,Card,delhi,2026,1,7,2,0,0,1653.8880000000001,1653.8880000000001,1767.7504
2026-01-07,HP,petrol,Card,mumbai,2026,1,7,2,0,0,2676.4533333333334,2676.4533333333334,3395.9504
2026-01-07,HP,petrol,Card,pune,2026,1,7,2,0,0,2386.945,2386.945,2100.364
2026-01-07,HP,petrol,Cash,bangalore,2026,1,7,2,0,0,2466.4616666666666,2466.4616666666666,2398.443
2026-01-07,HP,petrol,Cash,chennai,2026,1,7,2,0,0,2243.4049999999997,2243.4049999999997,2250.5164
2026-01-07,HP,petrol,Cash,delhi,2026,1,7,2,0,0,2151.3700000000003,2151.3700000000003,2084.8442
2026-01-07,HP,petrol,Cash,mumbai,2026,1,7,2,0,0,1801.3799999999999,1801.3799999999999,1914.7129
2026-01-07,HP,petrol,Cash,pune,2026,1,7,2,0,0,1015.36,1396.2544444444443,1139.4232
2026-01-07,HP,petrol,UPI,bangalore,2026,1,7,2,0,0,1942.2,1942.2,2027.4476
2026-01-07,HP,petrol,UPI,chennai,2026,1,7,2,0,0,1994.8986666666667,1994.8986666666667,1895.7993
2026-01-07,HP,petrol,UPI,delhi,2026,1,7,2,0,0,805.56,1918.9264285714287,851.1464
2026-01-07,HP,petrol,UPI,mumbai,2026,1,7,2,0,0,2812.19,2812.19,3229.9722
2026-01-07,HP,petrol,UPI,pune,2026,1,7,2,0,0,1987.6850000000002,1987.6850000000002,1851.6609
2026-01-07,HP,power petrol,Card,bangalore,2026,1,7,2,0,0,3296.3419999999996,3296.3419999999996,4150.1123
2026-01-07,HP,power petrol,Card,chennai,2026,1,7,2,0,0,3017.558333333333,3017.558333333333,4143.2446
2026-01-07,HP,power petrol,Card,delhi,2026,1,7,2,0,0,1895.62375,1895.62375,2190.1038
2026-01-07,HP,power petrol,Card,mumbai,2026,1,7,2,0,0,2562.9829999999997,2562.9829999999997,3353.0366
2026-01-07,HP,power petrol,Card,pune,2026,1,7,2,0,0,1996.61,1996.61,1909.8971
2026-01-07,HP,power petrol,Cash,bangalore,2026,1,7,2,0,0,0.0,,756.6336
2026-01-07,HP,power petrol,Cash,chennai,2026,1,7,2,0,0,1808.9650000000001,1808.9650000000001,1792.1646
2026-01-07,HP,power petrol,Cash,delhi,2026,1,7,2,0,0,2445.5171428571425,2445.5171428571425,2614.5198
2026-01-07,HP,power petrol,Cash,mumbai,2026,1,7,2,0,0,2096.4666666666667,2096.4666666666667,2137.6228
2026-01-07,HP,power petrol,Cash,pune,2026,1,7,2,0,0,2382.055,2382.055,2215.617
2026-01-07,HP,power petrol,UPI,bangalore,2026,1,7,2,0,0,1548.9699999999998,1548.9699999999998,1939.6447
2026-01-07,HP,power petrol,UPI,chennai,2026,1,7,2,0,0,3449.875,3449.875,4165.291
2026-01-07,HP,power petrol,UPI,delhi,2026,1,7,2,0,0,1322.702,1322.702,1814.9526
2026-01-07,HP,power petrol,UPI,mumbai,2026,1,7,2,0,0,1848.05,1848.05,2198.2656
2026-01-07,HP,power petrol,UPI,pune,2026,1,7,2,0,0,2527.307777777778,2527.307777777778,3180.5615
2026-01-07,IOCL,diesel,Card,bangalore,2026,1,7,2,0,0,4194.373333333334,4194.373333333334,4003.4092
2026-01-07,IOCL,diesel,Card,chennai,2026,1,7,2,0,0,1461.5025,1461.5025,1655.6725
2026-01-07,IOCL,diesel,Card,delhi,2026,1,7,2,0,0,1884.988,1884.988,1975.4973
2026-01-07,IOCL,diesel,Card,mumbai,2026,1,7,2,0,0,1978.7118181818184,1978.7118181818184,1962.9474
2026-01-07,IOCL,diesel,Card,pune,2026,1,7,2,0,0,1934.158888888889,1934.158888888889,1748.1436
2026-01-07,IOCL,diesel,Cash,bangalore,2026,1,7,2,0,0,1159.5700000000002,1159.5700000000002,1182.3971
2026-01-07,IOCL,diesel,Cash,chennai,2026,1,7,2,0,0,948.3340000000001,948.3340000000001,1145.2014
2026-01-07,IOCL,diesel,Cash,delhi,2026,1,7,2,0,0,1955.898,1955.898,1971.8617
2026-01-07,IOCL,diesel,Cash,mumbai,2026,1,7,2,0,0,1874.8266666666666,1874.8266666666666,1950.3474
2026-01-07,IOCL,diesel,Cash,pune,2026,1,7,2,0,0,1985.75,1985.75,1723.7042
2026-01-07,IOCL,diesel,UPI,bangalore,2026,1,7,2,0,0,1737.5199999999998,1737.5199999999998,1949.0331
2026-01-07,IOCL,diesel,UPI,chennai,2026,1,7,2,0,0,1916.011,1916.011,1880.9247
2026-01-07,IOCL,diesel,UPI,delhi,2026,1,7,2,0,0,2074.5945454545454,2074.5945454545454,2060.3481
2026-01-07,IOCL,diesel,UPI,mumbai,2026,1,7,2,0,0,1915.90125,1915.90125,2047.8163
2026-01-07,IOCL,diesel,UPI,pune,2026,1,7,2,0,0,1043.585,1043.585,1161.4523
2026-01-07,IOCL,petrol,Card,bangalore,2026,1,7,2,0,0,1443.8766666666668,1443.8766666666668,1533.1741
2026-01-07,IOCL,petrol,Card,chennai,2026,1,7,2,0,0,2473.17875,2473.17875,1937.5247
2026-01-07,IOCL,petrol,Card,delhi,2026,1,7,2,0,0,2645.5636363636363,2645.5636363636363,3695.7358
2026-01-07,IOCL,petrol,Card,mumbai,2026,1,7,2,0,0,1198.185714285714,1198.185714285714,1198.6167
2026-01-07,IOCL,petrol,Card,pune,2026,1,7,2,0,0,2556.2799999999997,2556.2799999999997,3150.2263
2026-01-07,IOCL,petrol,Cash,bangalore,2026,1,7,2,0,0,2577.71,2577.71,3485.1096
2026-01-07,IOCL,petrol,Cash,chennai,2026,1,7,2,0,0,1951.1850000000002,1951.1850000000002,1745.0089
2026-01-07,IOCL,petrol,Cash,delhi,2026,1,7,2,0,0,2340.834,2340.834,2352.059
2026-01-07,IOCL,petrol,Cash,mumbai,2026,1,7,2,0,0,2457.228888888889,2457.228888888889,2226.0396
2026-01-07,IOCL,petrol,Cash,pune,2026,1,7,2,0,0,2498.4,2498.4,2069.3682
2026-01-07,IOCL,petrol,UPI,bangalore,2026,1,7,2,0,0,2599.9266666666667,2599.9266666666667,3467.526
2026-01-07,IOCL,petrol,UPI,chennai,2026,1,7,2,0,0,1855.25,1855.25,1699.7451
2026-01-07,IOCL,petrol,UPI,delhi,2026,1,7,2,0,0,2062.8875,2062.8875,1918.2764
2026-01-07,IOCL,petrol,UPI,mumbai,2026,1,7,2,0,0,575.4,1764.125,892.69836
2026-01-07,IOCL,petrol,UPI,pune,2026,1,7,2,0,0,2083.22,2083.22,1682.7424
2026-01-07,IOCL,power petrol,Card,bangalore,2026,1,7,2,0,0,2473.382857142857,2473.382857142857,2183.6438
2026-01-07,IOCL,power petrol,Card,chennai,2026,1,7,2,0,0,2190.233333333333,2190.233333333333,1994.1217
2026-01-07,IOCL,power petrol,Card,delhi,2026,1,7,2,0,0,1863.5766666666666,1863.5766666666666,2069.4148
2026-01-07,IOCL,power petrol,Card,mumbai,2026,1,7,2,0,0,2355.5714285714284,2355.5714285714284,2165.8623
2026-01-07,IOCL,power petrol,Card,pune,2026,1,7,2,0,0,2648.766153846154,2648.766153846154,3123.4375
2026-01-07,IOCL,power petrol,Cash,bangalore,2026,1,7,2,0,0,1865.993333333333,1865.993333333333,1869.0922
2026-01-07,IOCL,power petrol,Cash,chennai,2026,1,7,2,0,0,1671.87375,1671.87375,1596.3971
2026-01-07,IOCL,power petrol,Cash,delhi,2026,1,7,2,0,0,2514.805,2514.805,3807.0383
2026-01-07,IOCL,power petrol,Cash,mumbai,2026,1,7,2,0,0,2150.042857142857,2150.042857142857,1929.0774
2026-01-07,IOCL,power petrol,Cash,pune,2026,1,7,2,0,0,2724.98,2724.98,2942.0608
2026-01-07,IOCL,power petrol,UPI,bangalore,2026,1,7,2,0,0,2309.24,2309.24,2220.6785
2026-01-07,IOCL,power petrol,UPI,chennai,2026,1,7,2,0,0,2456.991666666667,2456.991666666667,2051.749
2026-01-07,IOCL,power petrol,UPI,delhi,2026,1,7,2,0,0,2472.733846153846,2472.733846153846,2526.4834
2026-01-07,IOCL,power petrol,UPI,mumbai,2026,1,7,2,0,0,2099.7028571428573,2099.7028571428573,2012.2495
2026-01-07,IOCL,power petrol,UPI,pune,2026,1,7,2,0,0,2106.649,2106.649,1737.2545
2026-01-08,BPCL,diesel,Card,bangalore,2026,1,8,3,0,0,993.4040000000001,993.4040000000001,1151.4
2026-01-08,BPCL,diesel,Card,chennai,2026,1,8,3,0,0,2301.473,2301.473,1724.4928
2026-01-08,BPCL,diesel,Card,delhi,2026,1,8,3,0,0,2874.375,2874.375,3934.2522
2026-01-08,BPCL,diesel,Card,mumbai,2026,1,8,3,0,0,1289.77,1289.77,1562.4415
2026-01-08,BPCL,diesel,Card,pune,2026,1,8,3,0,0,1298.9855555555555,1298.9855555555555,1481.7926
2026-01-08,BPCL,diesel,Cash,bangalore,2026,1,8,3,0,0,1852.3433333333335,1852.3433333333335,1669.9801
2026-01-08,BPCL,diesel,Cash,chennai,2026,1,8,3,0,0,2704.081111111111,2704.081111111111,2996.1453
2026-01-08,BPCL,diesel,Cash,delhi,2026,1,8,3,0,0,3290.67,2138.9655555555555,3843.4253
2026-01-08,BPCL,diesel,Cash,mumbai,2026,1,8,3,0,0,1864.2336363636364,1864.2336363636364,1723.0365
2026-01-08,BPCL,diesel,Cash,pune,2026,1,8,3,0,0,1948.3183333333334,1948.3183333333334,1507.9944
2026-01-08,BPCL,diesel,UPI,bangalore,2026,1,8,3,0,0,2066.0075,2066.0075,1689.5521
2026-01-08,BPCL,diesel,UPI,chennai,2026,1,8,3,0,0,1813.2723076923078,1813.2723076923078,1558.048
2026-01-08,BPCL,diesel,UPI,delhi,2026,1,8,3,0,0,1679.2490909090907,1679.2490909090907,1708.5504
2026-01-08,BPCL,diesel,UPI,mumbai,2026,1,8,3,0,0,1948.2766666666669,1948.2766666666669,1750.1879
2026-01-08,BPCL,diesel,UPI,pune,2026,1,8,3,0,0,1330.9773333333333,1330.9773333333333,1509.0836
2026-01-08,BPCL,petrol,Card,bangalore,2026,1,8,3,0,0,3095.5171428571425,3095.5171428571425,4144.2056
2026-01-08,BPCL,petrol,Card,chennai,2026,1,8,3,0,0,2214.8877777777775,2214.8877777777775,1655.2275
2026-01-08,BPCL,petrol,Card,delhi,2026,1,8,3,0,0,2320.816875,2320.816875,2026.9901
2026-01-08,BPCL,petrol,Card,mumbai,2026,1,8,3,0,0,1882.6116666666667,1882.6116666666667,1763.9539
2026-01-08,BPCL,petrol,Card,pune,2026,1,8,3,0,0,624.54,2420.381,743.6622
2026-01-08,BPCL,petrol,Cash,bangalore,2026,1,8,3,0,0,2466.1639999999998,2466.1639999999998,1737.8354
2026-01-08,BPCL,petrol,Cash,chennai,2026,1,8,3,0,0,2086.0437500000003,2086.0437500000003,1457.0273
2026-01-08,BPCL,petrol,Cash,delhi,2026,1,8,3,0,0,1866.4633333333331,1866.4633333333331,1727.0897
2026-01-08,BPCL,petrol,Cash,mumbai,2026,1,8,3,0,0,1797.44125,1797.44125,1741.4999
2026-01-08,BPCL,petrol,Cash,pune,2026,1,8,3,0,0,2223.7366666666667,2223.7366666666667,1584.6449
2026-01-08,BPCL,petrol,UPI,bangalore,2026,1,8,3,0,0,2505.5628571428574,2505.5628571428574,1658.6422
2026-01-08,BPCL,petrol,UPI,chennai,2026,1,8,3,0,0,1973.3138461538463,1973.3138461538463,1493.095
2026-01-08,BPCL,petrol,UPI,delhi,2026,1,8,3,0,0,2617.1457142857143,2617.1457142857143,3596.5354
2026-01-08,BPCL,petrol,UPI,mumbai,2026,1,8,3,0,0,2047.079090909091,2047.079090909091,1810.3845
2026-01-08,BPCL,petrol,UPI,pune,2026,1,8,3,0,0,1997.163,1997.163,1480.7822
2026-01-08,BPCL,power petrol,Card,bangalore,2026,1,8,3,0,0,2145.02,2145.02,1736.871
2026-01-08,BPCL,power petrol,Card,chennai,2026,1,8,3,0,0,2133.150909090909,2133.150909090909,1558.8981
2026-01-08,BPCL,power petrol,Card,delhi,2026,1,8,3,0,0,2168.163333333333,2168.163333333333,1950.3167
2026-01-08,BPCL,power petrol,Card,mumbai,2026,1,8,3,0,0,1784.5966666666668,1784.5966666666668,1679.6049
2026-01-08,BPCL,power petrol,Card,pune,2026,1,8,3,0,0,2765.4100000000003,2765.4100000000003,2920.1768
2026-01-08,BPCL,power petrol,Cash,bangalore,2026,1,8,3,0,0,3476.37,3476.37,4095.304
2026-01-08,BPCL,power petrol,Cash,chennai,2026,1,8,3,0,0,2002.8188888888888,2002.8188888888888,1485.86
2026-01-08,BPCL,power petrol,Cash,delhi,2026,1,8,3,0,0,2305.334,2305.334,2092.9272
2026-01-08,BPCL,power petrol,Cash,mumbai,2026,1,8,3,0,0,2318.9137499999997,2318.9137499999997,1846.7745
2026-01-08,BPCL,power petrol,Cash,pune,2026,1,8,3,0,0,2600.3742857142856,2600.3742857142856,2916.5156
2026-01-08,BPCL,power petrol,UPI,bangalore,2026,1,8,3,0,0,2434.395,2434.395,1810.3652
2026-01-08,BPCL,power petrol,UPI,chennai,2026,1,8,3,0,0,2866.3214285714284,2866.3214285714284,3975.9104
2026-01-08,BPCL,power petrol,UPI,delhi,2026,1,8,3,0,0,2315.961111111111,2315.961111111111,2088.6577
2026-01-08,BPCL,power petrol,UPI,mumbai,2026,1,8,3,0,0,1974.024,1974.024,1786.8694
2026-01-08,BPCL,power petrol,UPI,pune,2026,1,8,3,0,0,1944.9627272727273,1944.9627272727273,1583.8123
2026-01-08,HP,diesel,Card,bangalore,2026,1,8,3,0,0,2871.181666666667,2871.181666666667,3739.793
2026-01-08,HP,diesel,Card,chennai,2026,1,8,3,0,0,1960.89125,1960.89125,1984.0247
2026-01-08,HP,diesel,Card,delhi,2026,1,8,3,0,0,1208.6833333333334,1208.6833333333334,1155.6583
2026-01-08,HP,diesel,Card,mumbai,2026,1,8,3,0,0,1786.7369999999999,1786.7369999999999,1826.1542
2026-01-08,HP,diesel,Card,pune,2026,1,8,3,0,0,1597.4957142857143,1597.4957142857143,1673.0405
2026-01-08,HP,diesel,Cash,bangalore,2026,1,8,3,0,0,2432.7725,2432.7725,2347.2249
2026-01-08,HP,diesel,Cash,chennai,2026,1,8,3,0,0,1879.03,1879.03,1958.0394
2026-01-08,HP,diesel,Cash,delhi,2026,1,8,3,0,0,1638.6328571428571,1638.6328571428571,1836.0881
2026-01-08,HP,diesel,Cash,mumbai,2026,1,8,3,0,0,1707.6585714285716,1707.6585714285716,1935.0074
2026-01-08,HP,diesel,Cash,pune,2026,1,8,3,0,0,2379.6408333333334,2379.6408333333334,2178.9055
2026-01-08,HP,diesel,UPI,bangalore,2026,1,8,3,0,0,1802.21625,1802.21625,2022.8413
2026-01-08,HP,diesel,UPI,chennai,2026,1,8,3,0,0,2105.03125,2105.03125,2101.8562
2026-01-08,HP,diesel,UPI,delhi,2026,1,8,3,0,0,1426.8066666666666,1426.8066666666666,1784.7804
2026-01-08,HP,diesel,UPI,mumbai,2026,1,8,3,0,0,2395.915,2395.915,2489.1284
2026-01-08,HP,diesel,UPI,pune,2026,1,8,3,0,0,2342.6475,2342.6475,2263.089
2026-01-08,HP,petrol,Card,bangalore,2026,1,8,3,0,0,1726.2966666666669,1726.2966666666669,1801.6079
2026-01-08,HP,petrol,Card,chennai,2026,1,8,3,0,0,2772.457,2772.457,3250.235
2026-01-08,HP,petrol,Card,delhi,2026,1,8,3,0,0,1653.8880000000001,1653.8880000000001,1749.6
2026-01-08,HP,petrol,Card,mumbai,2026,1,8,3,0,0,2676.4533333333334,2676.4533333333334,3355.9421
2026-01-08,HP,petrol,Card,pune,2026,1,8,3,0,0,2386.945,2386.945,2052.7766
2026-01-08,HP,petrol,Cash,bangalore,2026,1,8,3,0,0,493.13,2466.4616666666666,620.96747
2026-01-08,HP,petrol,Cash,chennai,2026,1,8,3,0,0,2243.4049999999997,2243.4049999999997,2164.8599
2026-01-08,HP,petrol,Cash,delhi,2026,1,8,3,0,0,2151.3700000000003,2151.3700000000003,2004.4244
2026-01-08,HP,petrol,Cash,mumbai,2026,1,8,3,0,0,1801.3799999999999,1801.3799999999999,1931.5034
2026-01-08,HP,petrol,Cash,pune,2026,1,8,3,0,0,1396.2544444444443,1396.2544444444443,1411.0173
2026-01-08,HP,petrol,UPI,bangalore,2026,1,8,3,0,0,1942.2,1942.2,2015.9048
2026-01-08,HP,petrol,UPI,chennai,2026,1,8,3,0,0,1994.8986666666667,1994.8986666666667,1953.7579
2026-01-08,HP,petrol,UPI,delhi,2026,1,8,3,0,0,1918.9264285714287,1918.9264285714287,1998.114
2026-01-08,HP,petrol,UPI,mumbai,2026,1,8,3,0,0,2812.19,2812.19,3289.6572
2026-01-08,HP,petrol,UPI,pune,2026,1,8,3,0,0,1987.6850000000002,1987.6850000000002,1862.691
2026-01-08,HP,power petrol,Card,bangalore,2026,1,8,3,0,0,3296.3419999999996,3296.3419999999996,4051.7898
2026-01-08,HP,power petrol,Card,chennai,2026,1,8,3,0,0,3017.558333333333,3017.558333333333,4054.0332
2026-01-08,HP,power petrol,Card,delhi,2026,1,8,3,0,0,1895.62375,1895.62375,2216.9758
2026-01-08,HP,power petrol,Card,mumbai,2026,1,8,3,0,0,2562.9829999999997,2562.9829999999997,3302.5605
2026-01-08,HP,power petrol,Card,pune,2026,1,8,3,0,0,1996.61,1996.61,1880.7516
2026-01-08,HP,power petrol,Cash,bangalore,2026,1,8,3,0,0,0.0,,675.8815
2026-01-08,HP,power petrol,Cash,chennai,2026,1,8,3,0,0,1808.9650000000001,1808.9650000000001,1788.2672
2026-01-08,HP,power petrol,Cash,delhi,2026,1,8,3,0,0,2445.5171428571425,2445.5171428571425,2652.0776
2026-01-08,HP,power petrol,Cash,mumbai,2026,1,8,3,0,0,2096.4666666666667,2096.4666666666667,2132.852
2026-01-08,HP,power petrol,Cash,pune,2026,1,8,3,0,0,2382.055,2382.055,2176.854
2026-01-08,HP,power petrol,UPI,bangalore,2026,1,8,3,0,0,1548.9699999999998,1548.9699999999998,1937.9291
2026-01-08,HP,power petrol,UPI,chennai,2026,1,8,3,0,0,3449.875,3449.875,4137.36
2026-01-08,HP,power petrol,UPI,delhi,2026,1,8,3,0,0,1322.702,1322.702,1913.7118
2026-01-08,HP,power petrol,UPI,mumbai,2026,1,8,3,0,0,1848.05,1848.05,2240.5996
2026-01-08,HP,power petrol,UPI,pune,2026,1,8,3,0,0,2527.307777777778,2527.307777777778,3177.6418
2026-01-08,IOCL,diesel,Card,bangalore,2026,1,8,3,0,0,4194.373333333334,4194.373333333334,4004.2874
2026-01-08,IOCL,diesel,Card,chennai,2026,1,8,3,0,0,1461.5025,1461.5025,1758.6348
2026-01-08,IOCL,diesel,Card,delhi,2026,1,8,3,0,0,1884.988,1884.988,2048.4941
2026-01-08,IOCL,diesel,Card,mumbai,2026,1,8,3,0,0,1978.7118181818184,1978.7118181818184,1975.2747
2026-01-08,IOCL,diesel,Card,pune,2026,1,8,3,0,0,1934.158888888889,1934.158888888889,1796.5873
2026-01-08,IOCL,diesel,Cash,bangalore,2026,1,8,3,0,0,1159.5700000000002,1159.5700000000002,1234.2804
2026-01-08,IOCL,diesel,Cash,chennai,2026,1,8,3,0,0,948.3340000000001,948.3340000000001,1186.7028
2026-01-08,IOCL,diesel,Cash,delhi,2026,1,8,3,0,0,1955.898,1955.898,2048.7366
2026-01-08,IOCL,diesel,Cash,mumbai,2026,1,8,3,0,0,1874.8266666666666,1874.8266666666666,1979.7792
2026-01-08,IOCL,diesel,Cash,pune,2026,1,8,3,0,0,1985.75,1985.75,1777.75
2026-01-08,IOCL,diesel,UPI,bangalore,2026,1,8,3,0,0,1737.5199999999998,1737.5199999999998,1983.3585
2026-01-08,IOCL,diesel,UPI,chennai,2026,1,8,3,0,0,1916.011,1916.011,1989.4434
2026-01-08,IOCL,diesel,UPI,delhi,2026,1,8,3,0,0,2074.5945454545454,2074.5945454545454,2143.055
2026-01-08,IOCL,diesel,UPI,mumbai,2026,1,8,3,0,0,1915.90125,1915.90125,2082.6323
2026-01-08,IOCL,diesel,UPI,pune,2026,1,8,3,0,0,1043.585,1043.585,1197.1736
2026-01-08,IOCL,petrol,Card,bangalore,2026,1,8,3,0,0,1443.8766666666668,1443.8766666666668,1524.3826
2026-01-08,IOCL,petrol,Card,chennai,2026,1,8,3,0,0,2473.17875,2473.17875,1990.0383
2026-01-08,IOCL,petrol,Card,delhi,2026,1,8,3,0,0,2645.5636363636363,2645.5636363636363,3720.8342
2026-01-08,IOCL,petrol,Card,mumbai,2026,1,8,3,0,0,1198.185714285714,1198.185714285714,1229.7526
2026-01-08,IOCL,petrol,Card,pune,2026,1,8,3,0,0,2556.2799999999997,2556.2799999999997,3115.9111
2026-01-08,IOCL,petrol,Cash,bangalore,2026,1,8,3,0,0,2577.71,2577.71,3395.1318
2026-01-08,IOCL,petrol,Cash,chennai,2026,1,8,3,0,0,1951.1850000000002,1951.1850000000002,1728.2217
2026-01-08,IOCL,petrol,Cash,delhi,2026,1,8,3,0,0,2340.834,2340.834,2352.7585
2026-01-08,IOCL,petrol,Cash,mumbai,2026,1,8,3,0,0,2457.228888888889,2457.228888888889,2269.3115
2026-01-08,IOCL,petrol,Cash,pune,2026,1,8,3,0,0,2498.4,2498.4,2013.2743
2026-01-08,IOCL,petrol,UPI,bangalore,2026,1,8,3,0,0,2599.9266666666667,2599.9266666666667,3454.626
2026-01-08,IOCL,petrol,UPI,chennai,2026,1,8,3,0,0,1855.25,1855.25,1760.0756
2026-01-08,IOCL,petrol,UPI,delhi,2026,1,8,3,0,0,2062.8875,2062.8875,1989.9191
2026-01-08,IOCL,petrol,UPI,mumbai,2026,1,8,3,0,0,1764.125,1764.125,1921.3805
2026-01-08,IOCL,petrol,UPI,pune,2026,1,8,3,0,0,2083.22,2083.22,1698.2325
2026-01-08,IOCL,power petrol,Card,bangalore,2026,1,8,3,0,0,2473.382857142857,2473.382857142857,2202.648
2026-01-08,IOCL,power petrol,Card,chennai,2026,1,8,3,0,0,2190.233333333333,2190.233333333333,2081.8823
2026-01-08,IOCL,power petrol,Card,delhi,2026,1,8,3,0,0,1863.5766666666666,1863.5766666666666,2149.565
2026-01-08,IOCL,power petrol,Card,mumbai,2026,1,8,3,0,0,2355.5714285714284,2355.5714285714284,2189.244
2026-01-08,IOCL,power petrol,Card,pune,2026,1,8,3,0,0,2648.766153846154,2648.766153846154,3134.8423
2026-01-08,IOCL,power petrol,Cash,bangalore,2026,1,8,3,0,0,1865.993333333333,1865.993333333333,1887.7867
2026-01-08,IOCL,power petrol,Cash,chennai,2026,1,8,3,0,0,1671.87375,1671.87375,1681.9293
2026-01-08,IOCL,power petrol,Cash,delhi,2026,1,8,3,0,0,2514.805,2514.805,3868.4236
2026-01-08,IOCL,power petrol,Cash,mumbai,2026,1,8,3,0,0,2150.042857142857,2150.042857142857,1963.8058
2026-01-08,IOCL,power petrol,Cash,pune,2026,1,8,3,0,0,2724.98,2724.98,2963.8699
2026-01-08,IOCL,power petrol,UPI,bangalore,2026,1,8,3,0,0,2309.24,2309.24,2243.6758
2026-01-08,IOCL,power petrol,UPI,chennai,2026,1,8,3,0,0,2456.991666666667,2456.991666666667,2140.4172
2026-01-08,IOCL,power petrol,UPI,delhi,2026,1,8,3,0,0,2472.733846153846,2472.733846153846,2613.2314
2026-01-08,IOCL,power petrol,UPI,mumbai,2026,1,8,3,0,0,2099.7028571428573,2099.7028571428573,2045.9199
2026-01-08,IOCL,power petrol,UPI,pune,2026,1,8,3,0,0,2106.649,2106.649,1785.2789
2026-01-09,BPCL,diesel,Card,bangalore,2026,1,9,4,0,0,993.4040000000001,993.4040000000001,1206.4618
2026-01-09,BPCL,diesel,Card,chennai,2026,1,9,4,0,0,2301.473,2301.473,1775.5331
2026-01-09,BPCL,diesel,Card,delhi,2026,1,9,4,0,0,2874.375,2874.375,4055.0325
2026-01-09,BPCL,diesel,Card,mumbai,2026,1,9,4,0,0,1289.77,1289.77,1622.6008
2026-01-09,BPCL,diesel,Card,pune,2026,1,9,4,0,0,1298.9855555555555,1298.9855555555555,1528.4688
2026-01-09,BPCL,diesel,Cash,bangalore,2026,1,9,4,0,0,1852.3433333333335,1852.3433333333335,1713.2274
2026-01-09,BPCL,diesel,Cash,chennai,2026,1,9,4,0,0,2704.081111111111,2704.081111111111,3034.446
2026-01-09,BPCL,diesel,Cash,delhi,2026,1,9,4,0,0,1074.08,2138.9655555555555,1295.7135
2026-01-09,BPCL,diesel,Cash,mumbai,2026,1,9,4,0,0,1864.2336363636364,1864.2336363636364,1756.6632
2026-01-09,BPCL,diesel,Cash,pune,2026,1,9,4,0,0,1948.3183333333334,1948.3183333333334,1541.9811
2026-01-09,BPCL,diesel,UPI,bangalore,2026,1,9,4,0,0,2066.0075,2066.0075,1733.5868
2026-01-09,BPCL,diesel,UPI,chennai,2026,1,9,4,0,0,1663.14,1813.2723076923078,1592.5739
2026-01-09,BPCL,diesel,UPI,delhi,2026,1,9,4,0,0,1679.2490909090907,1679.2490909090907,1813.5294
2026-01-09,BPCL,diesel,UPI,mumbai,2026,1,9,4,0,0,1948.2766666666669,1948.2766666666669,1793.3419
2026-01-09,BPCL,diesel,UPI,pune,2026,1,9,4,0,0,1330.9773333333333,1330.9773333333333,1551.7306
2026-01-09,BPCL,petrol,Card,bangalore,2026,1,9,4,0,0,3095.5171428571425,3095.5171428571425,4204.9307
2026-01-09,BPCL,petrol,Card,chennai,2026,1,9,4,0,0,2214.8877777777775,2214.8877777777775,1726.74
2026-01-09,BPCL,petrol,Card,delhi,2026,1,9,4,0,0,2320.816875,2320.816875,2195.3232
2026-01-09,BPCL,petrol,Card,mumbai,2026,1,9,4,0,0,1882.6116666666667,1882.6116666666667,1841.8853
2026-01-09,BPCL,petrol,Card,pune,2026,1,9,4,0,0,2420.381,2420.381,1740.726
2026-01-09,BPCL,petrol,Cash,bangalore,2026,1,9,4,0,0,2466.1639999999998,2466.1639999999998,1814.5767
2026-01-09,BPCL,petrol,Cash,chennai,2026,1,9,4,0,0,2086.0437500000003,2086.0437500000003,1520.2787
2026-01-09,BPCL,petrol,Cash,delhi,2026,1,9,4,0,0,1866.4633333333331,1866.4633333333331,1866.6581
2026-01-09,BPCL,petrol,Cash,mumbai,2026,1,9,4,0,0,1797.44125,1797.44125,1784.5143
2026-01-09,BPCL,petrol,Cash,pune,2026,1,9,4,0,0,2223.7366666666667,2223.7366666666667,1652.1571
2026-01-09,BPCL,petrol,UPI,bangalore,2026,1,9,4,0,0,2505.5628571428574,2505.5628571428574,1782.9615
2026-01-09,BPCL,petrol,UPI,chennai,2026,1,9,4,0,0,1973.3138461538463,1973.3138461538463,1536.3462
2026-01-09,BPCL,petrol,UPI,delhi,2026,1,9,4,0,0,2617.1457142857143,2617.1457142857143,3855.2563
2026-01-09,BPCL,petrol,UPI,mumbai,2026,1,9,4,0,0,2047.079090909091,2047.079090909091,1874.8665
2026-01-09,BPCL,petrol,UPI,pune,2026,1,9,4,0,0,1997.163,1997.163,1548.1936
2026-01-09,BPCL,power petrol,Card,bangalore,2026,1,9,4,0,0,2145.02,2145.02,1768.5267
2026-01-09,BPCL,power petrol,Card,chennai,2026,1,9,4,0,0,2133.150909090909,2133.150909090909,1568.9596
2026-01-09,BPCL,power petrol,Card,delhi,2026,1,9,4,0,0,2168.163333333333,2168.163333333333,2049.1182
2026-01-09,BPCL,power petrol,Card,mumbai,2026,1,9,4,0,0,1784.5966666666668,1784.5966666666668,1710.0131
2026-01-09,BPCL,power petrol,Card,pune,2026,1,9,4,0,0,2765.4100000000003,2765.4100000000003,2969.8254
2026-01-09,BPCL,power petrol,Cash,bangalore,2026,1,9,4,0,0,3476.37,3476.37,4093.2488
2026-01-09,BPCL,power petrol,Cash,chennai,2026,1,9,4,0,0,2002.8188888888888,2002.8188888888888,1513.885
2026-01-09,BPCL,power petrol,Cash,delhi,2026,1,9,4,0,0,2305.334,2305.334,2200.6406
2026-01-09,BPCL,power petrol,Cash,mumbai,2026,1,9,4,0,0,2318.9137499999997,2318.9137499999997,1876.3673
2026-01-09,BPCL,power petrol,Cash,pune,2026,1,9,4,0,0,2600.3742857142856,2600.3742857142856,3016.8677
2026-01-09,BPCL,power petrol,UPI,bangalore,2026,1,9,4,0,0,2434.395,2434.395,1867.9424
2026-01-09,BPCL,power petrol,UPI,chennai,2026,1,9,4,0,0,2866.3214285714284,2866.3214285714284,3969.5596
2026-01-09,BPCL,power petrol,UPI,delhi,2026,1,9,4,0,0,2315.961111111111,2315.961111111111,2213.1577
2026-01-09,BPCL,power petrol,UPI,mumbai,2026,1,9,4,0,0,1974.024,1974.024,1812.7097
2026-01-09,BPCL,power petrol,UPI,pune,2026,1,9,4,0,0,1944.9627272727273,1944.9627272727273,1615.31
2026-01-09,HP,diesel,Card,bangalore,2026,1,9,4,0,0,2871.181666666667,2871.181666666667,3767.458
2026-01-09,HP,diesel,Card,chennai,2026,1,9,4,0,0,1960.89125,1960.89125,2008.0651
2026-01-09,HP,diesel,Card,delhi,2026,1,9,4,0,0,1208.6833333333334,1208.6833333333334,1175.1133
2026-01-09,HP,diesel,Card,mumbai,2026,1,9,4,0,0,1786.7369999999999,1786.7369999999999,1874.4324
2026-01-09,HP,diesel,Card,pune,2026,1,9,4,0,0,1597.4957142857143,1597.4957142857143,1708.1647
2026-01-09,HP,diesel,Cash,bangalore,2026,1,9,4,0,0,2432.7725,2432.7725,2401.8118
2026-01-09,HP,diesel,Cash,chennai,2026,1,9,4,0,0,1879.03,1879.03,1999.2909
2026-01-09,HP,diesel,Cash,delhi,2026,1,9,4,0,0,1638.6328571428571,1638.6328571428571,1848.7906
2026-01-09,HP,diesel,Cash,mumbai,2026,1,9,4,0,0,1707.6585714285716,1707.6585714285716,1957.5397
2026-01-09,HP,diesel,Cash,pune,2026,1,9,4,0,0,2379.6408333333334,2379.6408333333334,2225.2703
2026-01-09,HP,diesel,UPI,bangalore,2026,1,9,4,0,0,1802.21625,1802.21625,2051.8308
2026-01-09,HP,diesel,UPI,chennai,2026,1,9,4,0,0,2105.03125,2105.03125,2119.5615
2026-01-09,HP,diesel,UPI,delhi,2026,1,9,4,0,0,1426.8066666666666,1426.8066666666666,1795.9801
2026-01-09,HP,diesel,UPI,mumbai,2026,1,9,4,0,0,2395.915,2395.915,2548.1453
2026-01-09,HP,diesel,UPI,pune,2026,1,9,4,0,0,2342.6475,2342.6475,2331.8274
2026-01-09,HP,petrol,Card,bangalore,2026,1,9,4,0,0,1726.2966666666669,1726.2966666666669,1853.3811
2026-01-09,HP,petrol,Card,chennai,2026,1,9,4,0,0,2772.457,2772.457,3310.6309
2026-01-09,HP,petrol,Card,delhi,2026,1,9,4,0,0,1653.8880000000001,1653.8880000000001,1783.2185
2026-01-09,HP,petrol,Card,mumbai,2026,1,9,4,0,0,2676.4533333333334,2676.4533333333334,3512.002
2026-01-09,HP,petrol,Card,pune,2026,1,9,4,0,0,2386.945,2386.945,2145.5925
2026-01-09,HP,petrol,Cash,bangalore,2026,1,9,4,0,0,2466.4616666666666,2466.4616666666666,2321.4744
2026-01-09,HP,petrol,Cash,chennai,2026,1,9,4,0,0,2243.4049999999997,2243.4049999999997,2235.43
2026-01-09,HP,petrol,Cash,delhi,2026,1,9,4,0,0,2151.3700000000003,2151.3700000000003,2049.7073
2026-01-09,HP,petrol,Cash,mumbai,2026,1,9,4,0,0,1801.3799999999999,1801.3799999999999,1970.0474
2026-01-09,HP,petrol,Cash,pune,2026,1,9,4,0,0,1396.2544444444443,1396.2544444444443,1455.9829
2026-01-09,HP,petrol,UPI,bangalore,2026,1,9,4,0,0,1942.2,1942.2,2077.3677
2026-01-09,HP,petrol,UPI,chennai,2026,1,9,4,0,0,1994.8986666666667,1994.8986666666667,1992.389
2026-01-09,HP,petrol,UPI,delhi,2026,1,9,4,0,0,1918.9264285714287,1918.9264285714287,2040.9934
2026-01-09,HP,petrol,UPI,mumbai,2026,1,9,4,0,0,2812.19,2812.19,3351.9233
2026-01-09,HP,petrol,UPI,pune,2026,1,9,4,0,0,1987.6850000000002,1987.6850000000002,1925.7562
2026-01-09,HP,power petrol,Card,bangalore,2026,1,9,4,0,0,3296.3419999999996,3296.3419999999996,4076.1558
2026-01-09,HP,power petrol,Card,chennai,2026,1,9,4,0,0,3017.558333333333,3017.558333333333,4055.1633
2026-01-09,HP,power petrol,Card,delhi,2026,1,9,4,0,0,1895.62375,1895.62375,2230.87
2026-01-09,HP,power petrol,Card,mumbai,2026,1,9,4,0,0,2562.9829999999997,2562.9829999999997,3431.4175
2026-01-09,HP,power petrol,Card,pune,2026,1,9,4,0,0,1996.61,1996.61,1923.622
2026-01-09,HP,power petrol,Cash,bangalore,2026,1,9,4,0,0,0.0,,713.96606
2026-01-09,HP,power petrol,Cash,chennai,2026,1,9,4,0,0,1808.9650000000001,1808.9650000000001,1806.9735
2026-01-09,HP,power petrol,Cash,delhi,2026,1,9,4,0,0,2445.5171428571425,2445.5171428571425,2672.8677
2026-01-09,HP,power petrol,Cash,mumbai,2026,1,9,4,0,0,2096.4666666666667,2096.4666666666667,2155.5728
2026-01-09,HP,power petrol,Cash,pune,2026,1,9,4,0,0,2382.055,2382.055,2216.0813
2026-01-09,HP,power petrol,UPI,bangalore,2026,1,9,4,0,0,1548.9699999999998,1548.9699999999998,1956.2457
2026-01-09,HP,power petrol,UPI,chennai,2026,1,9,4,0,0,3449.875,3449.875,4134.861
2026-01-09,HP,power petrol,UPI,delhi,2026,1,9,4,0,0,1322.702,1322.702,1909.6813
2026-01-09,HP,power petrol,UPI,mumbai,2026,1,9,4,0,0,1848.05,1848.05,2269.8074
2026-01-09,HP,power petrol,UPI,pune,2026,1,9,4,0,0,2527.307777777778,2527.307777777778,3307.0403
2026-01-09,IOCL,diesel,Card,bangalore,2026,1,9,4,0,0,4194.373333333334,4194.373333333334,4040.3293
2026-01-09,IOCL,diesel,Card,chennai,2026,1,9,4,0,0,1461.5025,1461.5025,1769.2605
2026-01-09,IOCL,diesel,Card,delhi,2026,1,9,4,0,0,1884.988,1884.988,2176.5063
2026-01-09,IOCL,diesel,Card,mumbai,2026,1,9,4,0,0,1978.7118181818184,1978.7118181818184,2035.3702
2026-01-09,IOCL,diesel,Card,pune,2026,1,9,4,0,0,1934.158888888889,1934.158888888889,1845.7909
2026-01-09,IOCL,diesel,Cash,bangalore,2026,1,9,4,0,0,1159.5700000000002,1159.5700000000002,1272.0645
2026-01-09,IOCL,diesel,Cash,chennai,2026,1,9,4,0,0,948.3340000000001,948.3340000000001,1219.7075
2026-01-09,IOCL,diesel,Cash,delhi,2026,1,9,4,0,0,1955.898,1955.898,2173.0378
2026-01-09,IOCL,diesel,Cash,mumbai,2026,1,9,4,0,0,1874.8266666666666,1874.8266666666666,2011.2758
2026-01-09,IOCL,diesel,Cash,pune,2026,1,9,4,0,0,1985.75,1985.75,1812.8433
2026-01-09,IOCL,diesel,UPI,bangalore,2026,1,9,4,0,0,1737.5199999999998,1737.5199999999998,2015.4904
2026-01-09,IOCL,diesel,UPI,chennai,2026,1,9,4,0,0,1916.011,1916.011,2008.3506
2026-01-09,IOCL,diesel,UPI,delhi,2026,1,9,4,0,0,2074.5945454545454,2074.5945454545454,2267.2773
2026-01-09,IOCL,diesel,UPI,mumbai,2026,1,9,4,0,0,1915.90125,1915.90125,2125.0723
2026-01-09,IOCL,diesel,UPI,pune,2026,1,9,4,0,0,1043.585,1043.585,1234.2129
2026-01-09,IOCL,petrol,Card,bangalore,2026,1,9,4,0,0,1443.8766666666668,1443.8766666666668,1577.0372
2026-01-09,IOCL,petrol,Card,chennai,2026,1,9,4,0,0,2473.17875,2473.17875,2054.6
2026-01-09,IOCL,petrol,Card,delhi,2026,1,9,4,0,0,2645.5636363636363,2645.5636363636363,3974.7207
2026-01-09,IOCL,petrol,Card,mumbai,2026,1,9,4,0,0,1198.185714285714,1198.185714285714,1295.6294
2026-01-09,IOCL,petrol,Card,pune,2026,1,9,4,0,0,2556.2799999999997,2556.2799999999997,3270.1782
2026-01-09,IOCL,petrol,Cash,bangalore,2026,1,9,4,0,0,2577.71,2577.71,3523.5156
2026-01-09,IOCL,petrol,Cash,chennai,2026,1,9,4,0,0,1951.1850000000002,1951.1850000000002,1782.6375
2026-01-09,IOCL,petrol,Cash,delhi,2026,1,9,4,0,0,2340.834,2340.834,2502.1577
2026-01-09,IOCL,petrol,Cash,mumbai,2026,1,9,4,0,0,2457.228888888889,2457.228888888889,2329.9604
2026-01-09,IOCL,petrol,Cash,pune,2026,1,9,4,0,0,2498.4,2498.4,2101.0593
2026-01-09,IOCL,petrol,UPI,bangalore,2026,1,9,4,0,0,2599.9266666666667,2599.9266666666667,3608.142
2026-01-09,IOCL,petrol,UPI,chennai,2026,1,9,4,0,0,1855.25,1855.25,1794.8395
2026-01-09,IOCL,petrol,UPI,delhi,2026,1,9,4,0,0,2062.8875,2062.8875,2130.6746
2026-01-09,IOCL,petrol,UPI,mumbai,2026,1,9,4,0,0,1764.125,1764.125,1967.2719
2026-01-09,IOCL,petrol,UPI,pune,2026,1,9,4,0,0,1235.57,2083.22,1664.2927
2026-01-09,IOCL,power petrol,Card,bangalore,2026,1,9,4,0,0,2473.382857142857,2473.382857142857,2262.803
2026-01-09,IOCL,power petrol,Card,chennai,2026,1,9,4,0,0,2190.233333333333,2190.233333333333,2116.692
2026-01-09,IOCL,power petrol,Card,delhi,2026,1,9,4,0,0,1863.5766666666666,1863.5766666666666,2250.429
2026-01-09,IOCL,power petrol,Card,mumbai,2026,1,9,4,0,0,2355.5714285714284,2355.5714285714284,2249.2417
2026-01-09,IOCL,power petrol,Card,pune,2026,1,9,4,0,0,2648.766153846154,2648.766153846154,3259.4678
2026-01-09,IOCL,power petrol,Cash,bangalore,2026,1,9,4,0,0,1865.993333333333,1865.993333333333,1913.1747
2026-01-09,IOCL,power petrol,Cash,chennai,2026,1,9,4,0,0,1671.87375,1671.87375,1691.909
2026-01-09,IOCL,power petrol,Cash,delhi,2026,1,9,4,0,0,2514.805,2514.805,4053.7578
2026-01-09,IOCL,power petrol,Cash,mumbai,2026,1,9,4,0,0,2150.042857142857,2150.042857142857,1979.0994
2026-01-09,IOCL,power petrol,Cash,pune,2026,1,9,4,0,0,2724.98,2724.98,2989.0286
2026-01-09,IOCL,power petrol,UPI,bangalore,2026,1,9,4,0,0,2309.24,2309.24,2299.2993
2026-01-09,IOCL,power petrol,UPI,chennai,2026,1,9,4,0,0,2456.991666666667,2456.991666666667,2170.7534
2026-01-09,IOCL,power petrol,UPI,delhi,2026,1,9,4,0,0,2472.733846153846,2472.733846153846,2735.7834
2026-01-09,IOCL,power petrol,UPI,mumbai,2026,1,9,4,0,0,2099.7028571428573,2099.7028571428573,2072.6104
2026-01-09,IOCL,power petrol,UPI,pune,2026,1,9,4,0,0,2106.649,2106.649,1816.8883
2026-01-10,BPCL,diesel,Card,bangalore,2026,1,10,5,1,0,993.4040000000001,993.4040000000001,1170.0219
2026-01-10,BPCL,diesel,Card,chennai,2026,1,10,5,1,0,2301.473,2301.473,1739.22
2026-01-10,BPCL,diesel,Card,delhi,2026,1,10,5,1,0,2874.375,2874.375,3966.8088
2026-01-10,BPCL,diesel,Card,mumbai,2026,1,10,5,1,0,1289.77,1289.77,1543.8074
2026-01-10,BPCL,diesel,Card,pune,2026,1,10,5,1,0,1298.9855555555555,1298.9855555555555,1464.1516
2026-01-10,BPCL,diesel,Cash,bangalore,2026,1,10,5,1,0,1852.3433333333335,1852.3433333333335,1649.6844
2026-01-10,BPCL,diesel,Cash,chennai,2026,1,10,5,1,0,2704.081111111111,2704.081111111111,3026.887
2026-01-10,BPCL,diesel,Cash,delhi,2026,1,10,5,1,0,2138.9655555555555,2138.9655555555555,1698.287
2026-01-10,BPCL,diesel,Cash,mumbai,2026,1,10,5,1,0,1864.2336363636364,1864.2336363636364,1618.0665
2026-01-10,BPCL,diesel,Cash,pune,2026,1,10,5,1,0,1948.3183333333334,1948.3183333333334,1471.4181
2026-01-10,BPCL,diesel,UPI,bangalore,2026,1,10,5,1,0,2066.0075,2066.0075,1615.9977
2026-01-10,BPCL,diesel,UPI,chennai,2026,1,10,5,1,0,1813.2723076923078,1813.2723076923078,1501.6716
2026-01-10,BPCL,diesel,UPI,delhi,2026,1,10,5,1,0,1679.2490909090907,1679.2490909090907,1678.6189
2026-01-10,BPCL,diesel,UPI,mumbai,2026,1,10,5,1,0,1948.2766666666669,1948.2766666666669,1589.419
2026-01-10,BPCL,diesel,UPI,pune,2026,1,10,5,1,0,1330.9773333333333,1330.9773333333333,1464.3251
2026-01-10,BPCL,petrol,Card,bangalore,2026,1,10,5,1,0,3095.5171428571425,3095.5171428571425,4125.5835
2026-01-10,BPCL,petrol,Card,chennai,2026,1,10,5,1,0,2214.8877777777775,2214.8877777777775,1706.5657
2026-01-10,BPCL,petrol,Card,delhi,2026,1,10,5,1,0,2320.816875,2320.816875,2106.2712
2026-01-10,BPCL,petrol,Card,mumbai,2026,1,10,5,1,0,1882.6116666666667,1882.6116666666667,1756.0801
2026-01-10,BPCL,petrol,Card,pune,2026,1,10,5,1,0,2420.381,2420.381,1666.7928
2026-01-10,BPCL,petrol,Cash,bangalore,2026,1,10,5,1,0,2466.1639999999998,2466.1639999999998,1766.3257
2026-01-10,BPCL,petrol,Cash,chennai,2026,1,10,5,1,0,2086.0437500000003,2086.0437500000003,1498.0652
2026-01-10,BPCL,petrol,Cash,delhi,2026,1,10,5,1,0,1866.4633333333331,1866.4633333333331,1796.0704
2026-01-10,BPCL,petrol,Cash,mumbai,2026,1,10,5,1,0,1797.44125,1797.44125,1666.44
2026-01-10,BPCL,petrol,Cash,pune,2026,1,10,5,1,0,2223.7366666666667,2223.7366666666667,1594.899
2026-01-10,BPCL,petrol,UPI,bangalore,2026,1,10,5,1,0,2505.5628571428574,2505.5628571428574,1677.704
2026-01-10,BPCL,petrol,UPI,chennai,2026,1,10,5,1,0,1973.3138461538463,1973.3138461538463,1483.1287
2026-01-10,BPCL,petrol,UPI,delhi,2026,1,10,5,1,0,2617.1457142857143,2617.1457142857143,3756.775
2026-01-10,BPCL,petrol,UPI,mumbai,2026,1,10,5,1,0,2047.079090909091,2047.079090909091,1688.791
2026-01-10,BPCL,petrol,UPI,pune,2026,1,10,5,1,0,1997.163,1997.163,1437.1357
2026-01-10,BPCL,power petrol,Card,bangalore,2026,1,10,5,1,0,2145.02,2145.02,1687.4122
2026-01-10,BPCL,power petrol,Card,chennai,2026,1,10,5,1,0,2133.150909090909,2133.150909090909,1527.7845
2026-01-10,BPCL,power petrol,Card,delhi,2026,1,10,5,1,0,2168.163333333333,2168.163333333333,1943.4794
2026-01-10,BPCL,power petrol,Card,mumbai,2026,1,10,5,1,0,1784.5966666666668,1784.5966666666668,1611.6493
2026-01-10,BPCL,power petrol,Card,pune,2026,1,10,5,1,0,2765.4100000000003,2765.4100000000003,2900.5808
2026-01-10,BPCL,power petrol,Cash,bangalore,2026,1,10,5,1,0,3476.37,3476.37,4032.886
2026-01-10,BPCL,power petrol,Cash,chennai,2026,1,10,5,1,0,2002.8188888888888,2002.8188888888888,1467.4677
2026-01-10,BPCL,power petrol,Cash,delhi,2026,1,10,5,1,0,2305.334,2305.334,2111.9688
2026-01-10,BPCL,power petrol,Cash,mumbai,2026,1,10,5,1,0,2318.9137499999997,2318.9137499999997,1735.4652
2026-01-10,BPCL,power petrol,Cash,pune,2026,1,10,5,1,0,2600.3742857142856,2600.3742857142856,2962.5437
2026-01-10,BPCL,power petrol,UPI,bangalore,2026,1,10,5,1,0,2434.395,2434.395,1749.7802
2026-01-10,BPCL,power petrol,UPI,chennai,2026,1,10,5,1,0,2866.3214285714284,2866.3214285714284,3917.8108
2026-01-10,BPCL,power petrol,UPI,delhi,2026,1,10,5,1,0,2315.961111111111,2315.961111111111,2072.5051
2026-01-10,BPCL,power petrol,UPI,mumbai,2026,1,10,5,1,0,1974.024,1974.024,1605.5782
2026-01-10,BPCL,power petrol,UPI,pune,2026,1,10,5,1,0,1944.9627272727273,1944.9627272727273,1487.3044
2026-01-10,HP,diesel,Card,bangalore,2026,1,10,5,1,0,2871.181666666667,2871.181666666667,3691.737
2026-01-10,HP,diesel,Card,chennai,2026,1,10,5,1,0,1960.89125,1960.89125,1965.9315
2026-01-10,HP,diesel,Card,delhi,2026,1,10,5,1,0,1208.6833333333334,1208.6833333333334,1112.2181
2026-01-10,HP,diesel,Card,mumbai,2026,1,10,5,1,0,1786.7369999999999,1786.7369999999999,1791.5568
2026-01-10,HP,diesel,Card,pune,2026,1,10,5,1,0,1597.4957142857143,1597.4957142857143,1636.1759
2026-01-10,HP,diesel,Cash,bangalore,2026,1,10,5,1,0,2432.7725,2432.7725,2353.8557
2026-01-10,HP,diesel,Cash,chennai,2026,1,10,5,1,0,1879.03,1879.03,1949.5284
2026-01-10,HP,diesel,Cash,delhi,2026,1,10,5,1,0,1638.6328571428571,1638.6328571428571,1786.9058
2026-01-10,HP,diesel,Cash,mumbai,2026,1,10,5,1,0,447.0,1707.6585714285716,806.73157
2026-01-10,HP,diesel,Cash,pune,2026,1,10,5,1,0,2379.6408333333334,2379.6408333333334,2166.471
2026-01-10,HP,diesel,UPI,bangalore,2026,1,10,5,1,0,1802.21625,1802.21625,1950.4316
2026-01-10,HP,diesel,UPI,chennai,2026,1,10,5,1,0,2105.03125,2105.03125,2046.8689
2026-01-10,HP,diesel,UPI,delhi,2026,1,10,5,1,0,1426.8066666666666,1426.8066666666666,1692.5138
2026-01-10,HP,diesel,UPI,mumbai,2026,1,10,5,1,0,2395.915,2395.915,2361.0164
2026-01-10,HP,diesel,UPI,pune,2026,1,10,5,1,0,2342.6475,2342.6475,2225.5452
2026-01-10,HP,petrol,Card,bangalore,2026,1,10,5,1,0,1726.2966666666669,1726.2966666666669,1782.8229
2026-01-10,HP,petrol,Card,chennai,2026,1,10,5,1,0,1473.22,2772.457,1576.2488
2026-01-10,HP,petrol,Card,delhi,2026,1,10,5,1,0,1653.8880000000001,1653.8880000000001,1702.6989
2026-01-10,HP,petrol,Card,mumbai,2026,1,10,5,1,0,2676.4533333333334,2676.4533333333334,3412.0535
2026-01-10,HP,petrol,Card,pune,2026,1,10,5,1,0,2386.945,2386.945,2071.0183
2026-01-10,HP,petrol,Cash,bangalore,2026,1,10,5,1,0,2466.4616666666666,2466.4616666666666,2269.2896
2026-01-10,HP,petrol,Cash,chennai,2026,1,10,5,1,0,2243.4049999999997,2243.4049999999997,2203.7854
2026-01-10,HP,petrol,Cash,delhi,2026,1,10,5,1,0,2151.3700000000003,2151.3700000000003,1984.2078
2026-01-10,HP,petrol,Cash,mumbai,2026,1,10,5,1,0,1801.3799999999999,1801.3799999999999,1841.7314
2026-01-10,HP,petrol,Cash,pune,2026,1,10,5,1,0,1396.2544444444443,1396.2544444444443,1397.0903
2026-01-10,HP,petrol,UPI,bangalore,2026,1,10,5,1,0,1942.2,1942.2,1984.626
2026-01-10,HP,petrol,UPI,chennai,2026,1,10,5,1,0,1994.8986666666667,1994.8986666666667,1948.188
2026-01-10,HP,petrol,UPI,delhi,2026,1,10,5,1,0,1918.9264285714287,1918.9264285714287,1942.7681
2026-01-10,HP,petrol,UPI,mumbai,2026,1,10,5,1,0,2812.19,2812.19,3161.9355
2026-01-10,HP,petrol,UPI,pune,2026,1,10,5,1,0,1987.6850000000002,1987.6850000000002,1820.6577
2026-01-10,HP,power petrol,Card,bangalore,2026,1,10,5,1,0,3296.3419999999996,3296.3419999999996,3977.9326
2026-01-10,HP,power petrol,Card,chennai,2026,1,10,5,1,0,3017.558333333333,3017.558333333333,3999.531
2026-01-10,HP,power petrol,Card,delhi,2026,1,10,5,1,0,1895.62375,1895.62375,2155.6472
2026-01-10,HP,power petrol,Card,mumbai,2026,1,10,5,1,0,2562.9829999999997,2562.9829999999997,3340.664
2026-01-10,HP,power petrol,Card,pune,2026,1,10,5,1,0,1996.61,1996.61,1853.3766
2026-01-10,HP,power petrol,Cash,bangalore,2026,1,10,5,1,0,0.0,,676.8731
2026-01-10,HP,power petrol,Cash,chennai,2026,1,10,5,1,0,1808.9650000000001,1808.9650000000001,1771.2611
2026-01-10,HP,power petrol,Cash,delhi,2026,1,10,5,1,0,2445.5171428571425,2445.5171428571425,2608.6567
2026-01-10,HP,power petrol,Cash,mumbai,2026,1,10,5,1,0,2096.4666666666667,2096.4666666666667,2029.5104
2026-01-10,HP,power petrol,Cash,pune,2026,1,10,5,1,0,2382.055,2382.055,2154.6497
2026-01-10,HP,power petrol,UPI,bangalore,2026,1,10,5,1,0,1548.9699999999998,1548.9699999999998,1854.087
2026-01-10,HP,power petrol,UPI,chennai,2026,1,10,5,1,0,3449.875,3449.875,4047.541
2026-01-10,HP,power petrol,UPI,delhi,2026,1,10,5,1,0,1322.702,1322.702,1805.018
2026-01-10,HP,power petrol,UPI,mumbai,2026,1,10,5,1,0,4418.81,1848.05,4185.939
2026-01-10,HP,power petrol,UPI,pune,2026,1,10,5,1,0,2527.307777777778,2527.307777777778,3191.5103
2026-01-10,IOCL,diesel,Card,bangalore,2026,1,10,5,1,0,4194.373333333334,4194.373333333334,3979.814
2026-01-10,IOCL,diesel,Card,chennai,2026,1,10,5,1,0,1461.5025,1461.5025,1726.4446
2026-01-10,IOCL,diesel,Card,delhi,2026,1,10,5,1,0,2504.39,1884.988,2603.5007
2026-01-10,IOCL,diesel,Card,mumbai,2026,1,10,5,1,0,1978.7118181818184,1978.7118181818184,1957.65
2026-01-10,IOCL,diesel,Card,pune,2026,1,10,5,1,0,1934.158888888889,1934.158888888889,1776.4218
2026-01-10,IOCL,diesel,Cash,bangalore,2026,1,10,5,1,0,1159.5700000000002,1159.5700000000002,1248.286
2026-01-10,IOCL,diesel,Cash,chennai,2026,1,10,5,1,0,948.3340000000001,948.3340000000001,1201.7546
2026-01-10,IOCL,diesel,Cash,delhi,2026,1,10,5,1,0,1955.898,1955.898,2117.293
2026-01-10,IOCL,diesel,Cash,mumbai,2026,1,10,5,1,0,1874.8266666666666,1874.8266666666666,1925.4882
2026-01-10,IOCL,diesel,Cash,pune,2026,1,10,5,1,0,1985.75,1985.75,1768.7599
2026-01-10,IOCL,diesel,UPI,bangalore,2026,1,10,5,1,0,1737.5199999999998,1737.5199999999998,1931.7455
2026-01-10,IOCL,diesel,UPI,chennai,2026,1,10,5,1,0,1916.011,1916.011,1945.925
2026-01-10,IOCL,diesel,UPI,delhi,2026,1,10,5,1,0,2074.5945454545454,2074.5945454545454,2166.2625
2026-01-10,IOCL,diesel,UPI,mumbai,2026,1,10,5,1,0,1915.90125,1915.90125,1980.814
2026-01-10,IOCL,diesel,UPI,pune,2026,1,10,5,1,0,1043.585,1043.585,1160.0575
2026-01-10,IOCL,petrol,Card,bangalore,2026,1,10,5,1,0,1443.8766666666668,1443.8766666666668,1520.33
2026-01-10,IOCL,petrol,Card,chennai,2026,1,10,5,1,0,2473.17875,2473.17875,2035.3724
2026-01-10,IOCL,petrol,Card,delhi,2026,1,10,5,1,0,2645.5636363636363,2645.5636363636363,3874.6702
2026-01-10,IOCL,petrol,Card,mumbai,2026,1,10,5,1,0,1198.185714285714,1198.185714285714,1234.9713
2026-01-10,IOCL,petrol,Card,pune,2026,1,10,5,1,0,2556.2799999999997,2556.2799999999997,3197.6575
2026-01-10,IOCL,petrol,Cash,bangalore,2026,1,10,5,1,0,2577.71,2577.71,3474.2488
2026-01-10,IOCL,petrol,Cash,chennai,2026,1,10,5,1,0,1951.1850000000002,1951.1850000000002,1766.6165
2026-01-10,IOCL,petrol,Cash,delhi,2026,1,10,5,1,0,2340.834,2340.834,2444.1543
2026-01-10,IOCL,petrol,Cash,mumbai,2026,1,10,5,1,0,2457.228888888889,2457.228888888889,2243.4058
2026-01-10,IOCL,petrol,Cash,pune,2026,1,10,5,1,0,2498.4,2498.4,2060.1628
2026-01-10,IOCL,petrol,UPI,bangalore,2026,1,10,5,1,0,2599.9266666666667,2599.9266666666667,3526.8618
2026-01-10,IOCL,petrol,UPI,chennai,2026,1,10,5,1,0,1855.25,1855.25,1766.0421
2026-01-10,IOCL,petrol,UPI,delhi,2026,1,10,5,1,0,2062.8875,2062.8875,2040.5702
2026-01-10,IOCL,petrol,UPI,mumbai,2026,1,10,5,1,0,1764.125,1764.125,1834.5139
2026-01-10,IOCL,petrol,UPI,pune,2026,1,10,5,1,0,2083.22,2083.22,1684.4187
2026-01-10,IOCL,power petrol,Card,bangalore,2026,1,10,5,1,0,2473.382857142857,2473.382857142857,2215.6003
2026-01-10,IOCL,power petrol,Card,chennai,2026,1,10,5,1,0,2190.233333333333,2190.233333333333,2110.3271
2026-01-10,IOCL,power petrol,Card,delhi,2026,1,10,5,1,0,1863.5766666666666,1863.5766666666666,2185.193
2026-01-10,IOCL,power petrol,Card,mumbai,2026,1,10,5,1,0,2355.5714285714284,2355.5714285714284,2188.1116
2026-01-10,IOCL,power petrol,Card,pune,2026,1,10,5,1,0,2648.766153846154,2648.766153846154,3199.7268
2026-01-10,IOCL,power petrol,Cash,bangalore,2026,1,10,5,1,0,1865.993333333333,1865.993333333333,1886.6495
2026-01-10,IOCL,power petrol,Cash,chennai,2026,1,10,5,1,0,1671.87375,1671.87375,1684.4058
2026-01-10,IOCL,power petrol,Cash,delhi,2026,1,10,5,1,0,2514.805,2514.805,3981.1965
2026-01-10,IOCL,power petrol,Cash,mumbai,2026,1,10,5,1,0,2150.042857142857,2150.042857142857,1903.9623
2026-01-10,IOCL,power petrol,Cash,pune,2026,1,10,5,1,0,2724.98,2724.98,2947.7898
2026-01-10,IOCL,power petrol,UPI,bangalore,2026,1,10,5,1,0,2309.24,2309.24,2230.1584
2026-01-10,IOCL,power petrol,UPI,chennai,2026,1,10,5,1,0,2456.991666666667,2456.991666666667,2142.7695
2026-01-10,IOCL,power petrol,UPI,delhi,2026,1,10,5,1,0,2472.733846153846,2472.733846153846,2641.2698
2026-01-10,IOCL,power petrol,UPI,mumbai,2026,1,10,5,1,0,2099.7028571428573,2099.7028571428573,1943.2272
2026-01-10,IOCL,power petrol,UPI,pune,2026,1,10,5,1,0,2106.649,2106.649,1744.9209
2026-01-11,BPCL,diesel,Card,bangalore,2026,1,11,6,1,0,993.4040000000001,993.4040000000001,1389.6041
2026-01-11,BPCL,diesel,Card,chennai,2026,1,11,6,1,0,2301.473,2301.473,1993.0833
2026-01-11,BPCL,diesel,Card,delhi,2026,1,11,6,1,0,2874.375,2874.375,4085.1863
2026-01-11,BPCL,diesel,Card,mumbai,2026,1,11,6,1,0,1289.77,1289.77,1715.1804
2026-01-11,BPCL,diesel,Card,pune,2026,1,11,6,1,0,1298.9855555555555,1298.9855555555555,1682.4473
2026-01-11,BPCL,diesel,Cash,bangalore,2026,1,11,6,1,0,1852.3433333333335,1852.3433333333335,1875.2778
2026-01-11,BPCL,diesel,Cash,chennai,2026,1,11,6,1,0,2704.081111111111,2704.081111111111,3225.3171
2026-01-11,BPCL,diesel,Cash,delhi,2026,1,11,6,1,0,2138.9655555555555,2138.9655555555555,1886.1395
2026-01-11,BPCL,diesel,Cash,mumbai,2026,1,11,6,1,0,1864.2336363636364,1864.2336363636364,1795.4583
2026-01-11,BPCL,diesel,Cash,pune,2026,1,11,6,1,0,1948.3183333333334,1948.3183333333334,1693.5576
2026-01-11,BPCL,diesel,UPI,bangalore,2026,1,11,6,1,0,2066.0075,2066.0075,1805.7396
2026-01-11,BPCL,diesel,UPI,chennai,2026,1,11,6,1,0,1813.2723076923078,1813.2723076923078,1716.2832
2026-01-11,BPCL,diesel,UPI,delhi,2026,1,11,6,1,0,1679.2490909090907,1679.2490909090907,1823.8423
2026-01-11,BPCL,diesel,UPI,mumbai,2026,1,11,6,1,0,1948.2766666666669,1948.2766666666669,1726.3645
2026-01-11,BPCL,diesel,UPI,pune,2026,1,11,6,1,0,1330.9773333333333,1330.9773333333333,1665.0074
2026-01-11,BPCL,petrol,Card,bangalore,2026,1,11,6,1,0,3095.5171428571425,3095.5171428571425,4231.033
2026-01-11,BPCL,petrol,Card,chennai,2026,1,11,6,1,0,2214.8877777777775,2214.8877777777775,1902.2788
2026-01-11,BPCL,petrol,Card,delhi,2026,1,11,6,1,0,2320.816875,2320.816875,2199.9585
2026-01-11,BPCL,petrol,Card,mumbai,2026,1,11,6,1,0,1882.6116666666667,1882.6116666666667,1841.4257
2026-01-11,BPCL,petrol,Card,pune,2026,1,11,6,1,0,2420.381,2420.381,1842.6005
2026-01-11,BPCL,petrol,Cash,bangalore,2026,1,11,6,1,0,2466.1639999999998,2466.1639999999998,1950.1919
2026-01-11,BPCL,petrol,Cash,chennai,2026,1,11,6,1,0,2086.0437500000003,2086.0437500000003,1680.6511
2026-01-11,BPCL,petrol,Cash,delhi,2026,1,11,6,1,0,1866.4633333333331,1866.4633333333331,1885.2129
2026-01-11,BPCL,petrol,Cash,mumbai,2026,1,11,6,1,0,1797.44125,1797.44125,1757.033
2026-01-11,BPCL,petrol,Cash,pune,2026,1,11,6,1,0,2223.7366666666667,2223.7366666666667,1779.9218
2026-01-11,BPCL,petrol,UPI,bangalore,2026,1,11,6,1,0,2505.5628571428574,2505.5628571428574,1869.2268
2026-01-11,BPCL,petrol,UPI,chennai,2026,1,11,6,1,0,1973.3138461538463,1973.3138461538463,1639.9565
2026-01-11,BPCL,petrol,UPI,delhi,2026,1,11,6,1,0,2617.1457142857143,2617.1457142857143,3847.7856
2026-01-11,BPCL,petrol,UPI,mumbai,2026,1,11,6,1,0,2047.079090909091,2047.079090909091,1756.0974
2026-01-11,BPCL,petrol,UPI,pune,2026,1,11,6,1,0,1997.163,1997.163,1583.0598
2026-01-11,BPCL,power petrol,Card,bangalore,2026,1,11,6,1,0,2145.02,2145.02,1983.537
2026-01-11,BPCL,power petrol,Card,chennai,2026,1,11,6,1,0,2133.150909090909,2133.150909090909,1843.5978
2026-01-11,BPCL,power petrol,Card,delhi,2026,1,11,6,1,0,2168.163333333333,2168.163333333333,2069.9893
2026-01-11,BPCL,power petrol,Card,mumbai,2026,1,11,6,1,0,1784.5966666666668,1784.5966666666668,1829.1102
2026-01-11,BPCL,power petrol,Card,pune,2026,1,11,6,1,0,2765.4100000000003,2765.4100000000003,3162.6328
2026-01-11,BPCL,power petrol,Cash,bangalore,2026,1,11,6,1,0,3476.37,3476.37,4280.8047
2026-01-11,BPCL,power petrol,Cash,chennai,2026,1,11,6,1,0,2002.8188888888888,2002.8188888888888,1795.6246
2026-01-11,BPCL,power petrol,Cash,delhi,2026,1,11,6,1,0,3178.07,2305.334,4431.5693
2026-01-11,BPCL,power petrol,Cash,mumbai,2026,1,11,6,1,0,2318.9137499999997,2318.9137499999997,1989.0353
2026-01-11,BPCL,power petrol,Cash,pune,2026,1,11,6,1,0,2600.3742857142856,2600.3742857142856,3286.156
2026-01-11,BPCL,power petrol,UPI,bangalore,2026,1,11,6,1,0,2434.395,2434.395,2040.8424
2026-01-11,BPCL,power petrol,UPI,chennai,2026,1,11,6,1,0,2866.3214285714284,2866.3214285714284,4177.355
2026-01-11,BPCL,power petrol,UPI,delhi,2026,1,11,6,1,0,2315.961111111111,2315.961111111111,2193.8967
2026-01-11,BPCL,power petrol,UPI,mumbai,2026,1,11,6,1,0,1974.024,1974.024,1800.3234
2026-01-11,BPCL,power petrol,UPI,pune,2026,1,11,6,1,0,1944.9627272727273,1944.9627272727273,1759.4396
2026-01-11,HP,diesel,Card,bangalore,2026,1,11,6,1,0,2871.181666666667,2871.181666666667,3776.2563
2026-01-11,HP,diesel,Card,chennai,2026,1,11,6,1,0,1960.89125,1960.89125,2082.2368
2026-01-11,HP,diesel,Card,delhi,2026,1,11,6,1,0,1208.6833333333334,1208.6833333333334,1263.5967
2026-01-11,HP,diesel,Card,mumbai,2026,1,11,6,1,0,1786.7369999999999,1786.7369999999999,1925.4298
2026-01-11,HP,diesel,Card,pune,2026,1,11,6,1,0,1597.4957142857143,1597.4957142857143,1759.9514
2026-01-11,HP,diesel,Cash,bangalore,2026,1,11,6,1,0,2432.7725,2432.7725,2452.0388
2026-01-11,HP,diesel,Cash,chennai,2026,1,11,6,1,0,1879.03,1879.03,2015.1608
2026-01-11,HP,diesel,Cash,delhi,2026,1,11,6,1,0,1638.6328571428571,1638.6328571428571,1895.5543
2026-01-11,HP,diesel,Cash,mumbai,2026,1,11,6,1,0,1707.6585714285716,1707.6585714285716,1920.4829
2026-01-11,HP,diesel,Cash,pune,2026,1,11,6,1,0,2379.6408333333334,2379.6408333333334,2264.049
2026-01-11,HP,diesel,UPI,bangalore,2026,1,11,6,1,0,1802.21625,1802.21625,1999.0419
2026-01-11,HP,diesel,UPI,chennai,2026,1,11,6,1,0,2105.03125,2105.03125,2087.1597
2026-01-11,HP,diesel,UPI,delhi,2026,1,11,6,1,0,1426.8066666666666,1426.8066666666666,1773.1995
2026-01-11,HP,diesel,UPI,mumbai,2026,1,11,6,1,0,2395.915,2395.915,2440.477
2026-01-11,HP,diesel,UPI,pune,2026,1,11,6,1,0,2342.6475,2342.6475,2300.6267
2026-01-11,HP,petrol,Card,bangalore,2026,1,11,6,1,0,1726.2966666666669,1726.2966666666669,1828.965
2026-01-11,HP,petrol,Card,chennai,2026,1,11,6,1,0,2772.457,2772.457,3261.293
2026-01-11,HP,petrol,Card,delhi,2026,1,11,6,1,0,1653.8880000000001,1653.8880000000001,1761.7239
2026-01-11,HP,petrol,Card,mumbai,2026,1,11,6,1,0,2676.4533333333334,2676.4533333333334,3490.1636
2026-01-11,HP,petrol,Card,pune,2026,1,11,6,1,0,2386.945,2386.945,2138.4214
2026-01-11,HP,petrol,Cash,bangalore,2026,1,11,6,1,0,2466.4616666666666,2466.4616666666666,2288.8257
2026-01-11,HP,petrol,Cash,chennai,2026,1,11,6,1,0,2243.4049999999997,2243.4049999999997,2202.0657
2026-01-11,HP,petrol,Cash,delhi,2026,1,11,6,1,0,2151.3700000000003,2151.3700000000003,2001.4711
2026-01-11,HP,petrol,Cash,mumbai,2026,1,11,6,1,0,1801.3799999999999,1801.3799999999999,1855.0966
2026-01-11,HP,petrol,Cash,pune,2026,1,11,6,1,0,1396.2544444444443,1396.2544444444443,1390.9535
2026-01-11,HP,petrol,UPI,bangalore,2026,1,11,6,1,0,1942.2,1942.2,1970.5856
2026-01-11,HP,petrol,UPI,chennai,2026,1,11,6,1,0,1994.8986666666667,1994.8986666666667,1909.4885
2026-01-11,HP,petrol,UPI,delhi,2026,1,11,6,1,0,1918.9264285714287,1918.9264285714287,1935.9232
2026-01-11,HP,petrol,UPI,mumbai,2026,1,11,6,1,0,2812.19,2812.19,3137.7705
2026-01-11,HP,petrol,UPI,pune,2026,1,11,6,1,0,1987.6850000000002,1987.6850000000002,1807.4519
2026-01-11,HP,power petrol,Card,bangalore,2026,1,11,6,1,0,3296.3419999999996,3296.3419999999996,4090.9607
2026-01-11,HP,power petrol,Card,chennai,2026,1,11,6,1,0,3017.558333333333,3017.558333333333,4091.16
2026-01-11,HP,power petrol,Card,delhi,2026,1,11,6,1,0,1895.62375,1895.62375,2249.7046
2026-01-11,HP,power petrol,Card,mumbai,2026,1,11,6,1,0,2562.9829999999997,2562.9829999999997,3529.288
2026-01-11,HP,power petrol,Card,pune,2026,1,11,6,1,0,1996.61,1996.61,2014.224
2026-01-11,HP,power petrol,Cash,bangalore,2026,1,11,6,1,0,0.0,,804.1445
2026-01-11,HP,power petrol,Cash,chennai,2026,1,11,6,1,0,1808.9650000000001,1808.9650000000001,1876.6516
2026-01-11,HP,power petrol,Cash,delhi,2026,1,11,6,1,0,2776.02,2445.5171428571425,3478.2412
2026-01-11,HP,power petrol,Cash,mumbai,2026,1,11,6,1,0,2096.4666666666667,2096.4666666666667,2166.4395
2026-01-11,HP,power petrol,Cash,pune,2026,1,11,6,1,0,2382.055,2382.055,2294.1936
2026-01-11,HP,power petrol,UPI,bangalore,2026,1,11,6,1,0,1548.9699999999998,1548.9699999999998,1942.9716
2026-01-11,HP,power petrol,UPI,chennai,2026,1,11,6,1,0,3449.875,3449.875,4090.671
2026-01-11,HP,power petrol,UPI,delhi,2026,1,11,6,1,0,1322.702,1322.702,1822.4121
2026-01-11,HP,power petrol,UPI,mumbai,2026,1,11,6,1,0,1848.05,1848.05,2182.5913
2026-01-11,HP,power petrol,UPI,pune,2026,1,11,6,1,0,2527.307777777778,2527.307777777778,3320.5217
2026-01-11,IOCL,diesel,Card,bangalore,2026,1,11,6,1,0,4194.373333333334,4194.373333333334,4067.7556
2026-01-11,IOCL,diesel,Card,chennai,2026,1,11,6,1,0,1461.5025,1461.5025,1870.4291
2026-01-11,IOCL,diesel,Card,delhi,2026,1,11,6,1,0,1884.988,1884.988,2232.8586
2026-01-11,IOCL,diesel,Card,mumbai,2026,1,11,6,1,0,1978.7118181818184,1978.7118181818184,2086.0933
2026-01-11,IOCL,diesel,Card,pune,2026,1,11,6,1,0,1934.158888888889,1934.158888888889,1895.3167
2026-01-11,IOCL,diesel,Cash,bangalore,2026,1,11,6,1,0,1159.5700000000002,1159.5700000000002,1306.4868
2026-01-11,IOCL,diesel,Cash,chennai,2026,1,11,6,1,0,948.3340000000001,948.3340000000001,1282.3507
2026-01-11,IOCL,diesel,Cash,delhi,2026,1,11,6,1,0,1955.898,1955.898,2201.745
2026-01-11,IOCL,diesel,Cash,mumbai,2026,1,11,6,1,0,1874.8266666666666,1874.8266666666666,2003.3608
2026-01-11,IOCL,diesel,Cash,pune,2026,1,11,6,1,0,1985.75,1985.75,1832.4218
2026-01-11,IOCL,diesel,UPI,bangalore,2026,1,11,6,1,0,1737.5199999999998,1737.5199999999998,1970.681
2026-01-11,IOCL,diesel,UPI,chennai,2026,1,11,6,1,0,1916.011,1916.011,2010.9418
2026-01-11,IOCL,diesel,UPI,delhi,2026,1,11,6,1,0,2074.5945454545454,2074.5945454545454,2223.3713
2026-01-11,IOCL,diesel,UPI,mumbai,2026,1,11,6,1,0,1915.90125,1915.90125,2035.4855
2026-01-11,IOCL,diesel,UPI,pune,2026,1,11,6,1,0,1043.585,1043.585,1207.1334
2026-01-11,IOCL,petrol,Card,bangalore,2026,1,11,6,1,0,1443.8766666666668,1443.8766666666668,1585.8716
2026-01-11,IOCL,petrol,Card,chennai,2026,1,11,6,1,0,2473.17875,2473.17875,2141.855
2026-01-11,IOCL,petrol,Card,delhi,2026,1,11,6,1,0,2645.5636363636363,2645.5636363636363,3941.7014
2026-01-11,IOCL,petrol,Card,mumbai,2026,1,11,6,1,0,1198.185714285714,1198.185714285714,1281.5929
2026-01-11,IOCL,petrol,Card,pune,2026,1,11,6,1,0,2556.2799999999997,2556.2799999999997,3290.7124
2026-01-11,IOCL,petrol,Cash,bangalore,2026,1,11,6,1,0,2577.71,2577.71,3519.6619
2026-01-11,IOCL,petrol,Cash,chennai,2026,1,11,6,1,0,1951.1850000000002,1951.1850000000002,1802.0417
2026-01-11,IOCL,petrol,Cash,delhi,2026,1,11,6,1,0,2340.834,2340.834,2473.5447
2026-01-11,IOCL,petrol,Cash,mumbai,2026,1,11,6,1,0,2457.228888888889,2457.228888888889,2274.6023
2026-01-11,IOCL,petrol,Cash,pune,2026,1,11,6,1,0,2498.4,2498.4,2097.3044
2026-01-11,IOCL,petrol,UPI,bangalore,2026,1,11,6,1,0,2599.9266666666667,2599.9266666666667,3574.5325
2026-01-11,IOCL,petrol,UPI,chennai,2026,1,11,6,1,0,1855.25,1855.25,1786.2739
2026-01-11,IOCL,petrol,UPI,delhi,2026,1,11,6,1,0,2062.8875,2062.8875,2020.9923
2026-01-11,IOCL,petrol,UPI,mumbai,2026,1,11,6,1,0,1764.125,1764.125,1822.4031
2026-01-11,IOCL,petrol,UPI,pune,2026,1,11,6,1,0,2083.22,2083.22,1688.729
2026-01-11,IOCL,power petrol,Card,bangalore,2026,1,11,6,1,0,2473.382857142857,2473.382857142857,2438.6055
2026-01-11,IOCL,power petrol,Card,chennai,2026,1,11,6,1,0,2190.233333333333,2190.233333333333,2347.1218
2026-01-11,IOCL,power petrol,Card,delhi,2026,1,11,6,1,0,1863.5766666666666,1863.5766666666666,2272.8381
2026-01-11,IOCL,power petrol,Card,mumbai,2026,1,11,6,1,0,2355.5714285714284,2355.5714285714284,2393.4585
2026-01-11,IOCL,power petrol,Card,pune,2026,1,11,6,1,0,819.8,2648.766153846154,981.8296
2026-01-11,IOCL,power petrol,Cash,bangalore,2026,1,11,6,1,0,1865.993333333333,1865.993333333333,2040.4983
2026-01-11,IOCL,power petrol,Cash,chennai,2026,1,11,6,1,0,1671.87375,1671.87375,1854.7556
2026-01-11,IOCL,power petrol,Cash,delhi,2026,1,11,6,1,0,2514.805,2514.805,4058.9128
2026-01-11,IOCL,power petrol,Cash,mumbai,2026,1,11,6,1,0,2150.042857142857,2150.042857142857,2041.728
2026-01-11,IOCL,power petrol,Cash,pune,2026,1,11,6,1,0,2724.98,2724.98,3078.5754
2026-01-11,IOCL,power petrol,UPI,bangalore,2026,1,11,6,1,0,2309.24,2309.24,2383.361
2026-01-11,IOCL,power petrol,UPI,chennai,2026,1,11,6,1,0,2456.991666666667,2456.991666666667,2313.289
2026-01-11,IOCL,power petrol,UPI,delhi,2026,1,11,6,1,0,2472.733846153846,2472.733846153846,2680.556
2026-01-11,IOCL,power petrol,UPI,mumbai,2026,1,11,6,1,0,2099.7028571428573,2099.7028571428573,2055.0513
2026-01-11,IOCL,power petrol,UPI,pune,2026,1,11,6,1,0,2106.649,2106.649,1873.3525
2026-01-12,BPCL,diesel,Card,bangalore,2026,1,12,0,0,0,993.4040000000001,993.4040000000001,1255.8405
2026-01-12,BPCL,diesel,Card,chennai,2026,1,12,0,0,0,2301.473,2301.473,1646.4985
2026-01-12,BPCL,diesel,Card,delhi,2026,1,12,0,0,0,2874.375,2874.375,3970.3516
2026-01-12,BPCL,diesel,Card,mumbai,2026,1,12,0,0,0,1289.77,1289.77,1625.1248
2026-01-12,BPCL,diesel,Card,pune,2026,1,12,0,0,0,1298.9855555555555,1298.9855555555555,1523.1002
2026-01-12,BPCL,diesel,Cash,bangalore,2026,1,12,0,0,0,1852.3433333333335,1852.3433333333335,1818.2161
2026-01-12,BPCL,diesel,Cash,chennai,2026,1,12,0,0,0,2704.081111111111,2704.081111111111,3032.8938
2026-01-12,BPCL,diesel,Cash,delhi,2026,1,12,0,0,0,2138.9655555555555,2138.9655555555555,1795.1272
2026-01-12,BPCL,diesel,Cash,mumbai,2026,1,12,0,0,0,4000.98,1864.2336363636364,4098.3296
2026-01-12,BPCL,diesel,Cash,pune,2026,1,12,0,0,0,1948.3183333333334,1948.3183333333334,1564.6125
2026-01-12,BPCL,diesel,UPI,bangalore,2026,1,12,0,0,0,2066.0075,2066.0075,1777.5962
2026-01-12,BPCL,diesel,UPI,chennai,2026,1,12,0,0,0,1813.2723076923078,1813.2723076923078,1514.5298
2026-01-12,BPCL,diesel,UPI,delhi,2026,1,12,0,0,0,1679.2490909090907,1679.2490909090907,1754.4105
2026-01-12,BPCL,diesel,UPI,mumbai,2026,1,12,0,0,0,1948.2766666666669,1948.2766666666669,1756.7048
2026-01-12,BPCL,diesel,UPI,pune,2026,1,12,0,0,0,1330.9773333333333,1330.9773333333333,1583.7826
2026-01-12,BPCL,petrol,Card,bangalore,2026,1,12,0,0,0,3095.5171428571425,3095.5171428571425,3943.591
2026-01-12,BPCL,petrol,Card,chennai,2026,1,12,0,0,0,2214.8877777777775,2214.8877777777775,1450.313
2026-01-12,BPCL,petrol,Card,delhi,2026,1,12,0,0,0,4052.83,2320.816875,4345.1963
2026-01-12,BPCL,petrol,Card,mumbai,2026,1,12,0,0,0,1882.6116666666667,1882.6116666666667,1627.1451
2026-01-12,BPCL,petrol,Card,pune,2026,1,12,0,0,0,2420.381,2420.381,1448.854
2026-01-12,BPCL,petrol,Cash,bangalore,2026,1,12,0,0,0,2466.1639999999998,2466.1639999999998,1677.0469
2026-01-12,BPCL,petrol,Cash,chennai,2026,1,12,0,0,0,2086.0437500000003,2086.0437500000003,1330.7266
2026-01-12,BPCL,petrol,Cash,delhi,2026,1,12,0,0,0,1866.4633333333331,1866.4633333333331,1623.6587
2026-01-12,BPCL,petrol,Cash,mumbai,2026,1,12,0,0,0,1797.44125,1797.44125,1663.525
2026-01-12,BPCL,petrol,Cash,pune,2026,1,12,0,0,0,2223.7366666666667,2223.7366666666667,1437.5084
2026-01-12,BPCL,petrol,UPI,bangalore,2026,1,12,0,0,0,2505.5628571428574,2505.5628571428574,1602.1857
2026-01-12,BPCL,petrol,UPI,chennai,2026,1,12,0,0,0,1973.3138461538463,1973.3138461538463,1310.4437
2026-01-12,BPCL,petrol,UPI,delhi,2026,1,12,0,0,0,2617.1457142857143,2617.1457142857143,3572.15
2026-01-12,BPCL,petrol,UPI,mumbai,2026,1,12,0,0,0,2047.079090909091,2047.079090909091,1651.1338
2026-01-12,BPCL,petrol,UPI,pune,2026,1,12,0,0,0,1997.163,1997.163,1318.1315
2026-01-12,BPCL,power petrol,Card,bangalore,2026,1,12,0,0,0,2145.02,2145.02,1796.3251
2026-01-12,BPCL,power petrol,Card,chennai,2026,1,12,0,0,0,2133.150909090909,2133.150909090909,1485.8286
2026-01-12,BPCL,power petrol,Card,delhi,2026,1,12,0,0,0,2168.163333333333,2168.163333333333,1885.8656
2026-01-12,BPCL,power petrol,Card,mumbai,2026,1,12,0,0,0,3615.3,1784.5966666666668,3681.328
2026-01-12,BPCL,power petrol,Card,pune,2026,1,12,0,0,0,2765.4100000000003,2765.4100000000003,2935.7244
2026-01-12,BPCL,power petrol,Cash,bangalore,2026,1,12,0,0,0,3476.37,3476.37,4141.8804
2026-01-12,BPCL,power petrol,Cash,chennai,2026,1,12,0,0,0,892.62,2002.8188888888888,1072.233
2026-01-12,BPCL,power petrol,Cash,delhi,2026,1,12,0,0,0,2305.334,2305.334,2087.2756
2026-01-12,BPCL,power petrol,Cash,mumbai,2026,1,12,0,0,0,2318.9137499999997,2318.9137499999997,1926.4106
2026-01-12,BPCL,power petrol,Cash,pune,2026,1,12,0,0,0,2600.3742857142856,2600.3742857142856,3086.669
2026-01-12,BPCL,power petrol,UPI,bangalore,2026,1,12,0,0,0,2434.395,2434.395,1865.7904
2026-01-12,BPCL,power petrol,UPI,chennai,2026,1,12,0,0,0,2866.3214285714284,2866.3214285714284,3969.6155
2026-01-12,BPCL,power petrol,UPI,delhi,2026,1,12,0,0,0,2315.961111111111,2315.961111111111,2000.1758
2026-01-12,BPCL,power petrol,UPI,mumbai,2026,1,12,0,0,0,1974.024,1974.024,1781.9602
2026-01-12,BPCL,power petrol,UPI,pune,2026,1,12,0,0,0,1944.9627272727273,1944.9627272727273,1571.0621
2026-01-12,HP,diesel,Card,bangalore,2026,1,12,0,0,0,2871.181666666667,2871.181666666667,3785.137
2026-01-12,HP,diesel,Card,chennai,2026,1,12,0,0,0,1960.89125,1960.89125,1977.0559
2026-01-12,HP,diesel,Card,delhi,2026,1,12,0,0,0,1208.6833333333334,1208.6833333333334,1256.784
2026-01-12,HP,diesel,Card,mumbai,2026,1,12,0,0,0,1786.7369999999999,1786.7369999999999,1890.7725
2026-01-12,HP,diesel,Card,pune,2026,1,12,0,0,0,1597.4957142857143,1597.4957142857143,1723.3845
2026-01-12,HP,diesel,Cash,bangalore,2026,1,12,0,0,0,2432.7725,2432.7725,2426.613
2026-01-12,HP,diesel,Cash,chennai,2026,1,12,0,0,0,1879.03,1879.03,1930.8019
2026-01-12,HP,diesel,Cash,delhi,2026,1,12,0,0,0,1638.6328571428571,1638.6328571428571,1889.1267
2026-01-12,HP,diesel,Cash,mumbai,2026,1,12,0,0,0,1707.6585714285716,1707.6585714285716,1976.2853
2026-01-12,HP,diesel,Cash,pune,2026,1,12,0,0,0,2379.6408333333334,2379.6408333333334,2166.051
2026-01-12,HP,diesel,UPI,bangalore,2026,1,12,0,0,0,1802.21625,1802.21625,2085.273
2026-01-12,HP,diesel,UPI,chennai,2026,1,12,0,0,0,2105.03125,2105.03125,2030.7891
2026-01-12,HP,diesel,UPI,delhi,2026,1,12,0,0,0,1426.8066666666666,1426.8066666666666,1770.36
2026-01-12,HP,diesel,UPI,mumbai,2026,1,12,0,0,0,2395.915,2395.915,2464.2542
2026-01-12,HP,diesel,UPI,pune,2026,1,12,0,0,0,2342.6475,2342.6475,2228.3726
2026-01-12,HP,petrol,Card,bangalore,2026,1,12,0,0,0,1726.2966666666669,1726.2966666666669,1752.4259
2026-01-12,HP,petrol,Card,chennai,2026,1,12,0,0,0,2772.457,2772.457,3144.702
2026-01-12,HP,petrol,Card,delhi,2026,1,12,0,0,0,1653.8880000000001,1653.8880000000001,1631.501
2026-01-12,HP,petrol,Card,mumbai,2026,1,12,0,0,0,2676.4533333333334,2676.4533333333334,3409.4714
2026-01-12,HP,petrol,Card,pune,2026,1,12,0,0,0,2386.945,2386.945,1900.892
2026-01-12,HP,petrol,Cash,bangalore,2026,1,12,0,0,0,2466.4616666666666,2466.4616666666666,2151.24
2026-01-12,HP,petrol,Cash,chennai,2026,1,12,0,0,0,2243.4049999999997,2243.4049999999997,1979.7832
2026-01-12,HP,petrol,Cash,delhi,2026,1,12,0,0,0,2151.3700000000003,2151.3700000000003,1863.7573
2026-01-12,HP,petrol,Cash,mumbai,2026,1,12,0,0,0,1801.3799999999999,1801.3799999999999,1805.5647
2026-01-12,HP,petrol,Cash,pune,2026,1,12,0,0,0,1396.2544444444443,1396.2544444444443,1249.1943
2026-01-12,HP,petrol,UPI,bangalore,2026,1,12,0,0,0,1942.2,1942.2,1910.1655
2026-01-12,HP,petrol,UPI,chennai,2026,1,12,0,0,0,1994.8986666666667,1994.8986666666667,1750.3307
2026-01-12,HP,petrol,UPI,delhi,2026,1,12,0,0,0,1918.9264285714287,1918.9264285714287,1793.1326
2026-01-12,HP,petrol,UPI,mumbai,2026,1,12,0,0,0,2812.19,2812.19,3165.3813
2026-01-12,HP,petrol,UPI,pune,2026,1,12,0,0,0,1987.6850000000002,1987.6850000000002,1676.9913
2026-01-12,HP,power petrol,Card,bangalore,2026,1,12,0,0,0,3296.3419999999996,3296.3419999999996,4067.9624
2026-01-12,HP,power petrol,Card,chennai,2026,1,12,0,0,0,3017.558333333333,3017.558333333333,4043.941
2026-01-12,HP,power petrol,Card,delhi,2026,1,12,0,0,0,1895.62375,1895.62375,2148.2205
2026-01-12,HP,power petrol,Card,mumbai,2026,1,12,0,0,0,2562.9829999999997,2562.9829999999997,3488.3599
2026-01-12,HP,power petrol,Card,pune,2026,1,12,0,0,0,1996.61,1996.61,1874.1371
2026-01-12,HP,power petrol,Cash,bangalore,2026,1,12,0,0,0,0.0,,773.56415
2026-01-12,HP,power petrol,Cash,chennai,2026,1,12,0,0,0,1808.9650000000001,1808.9650000000001,1726.2665
2026-01-12,HP,power petrol,Cash,delhi,2026,1,12,0,0,0,2445.5171428571425,2445.5171428571425,2559.476
2026-01-12,HP,power petrol,Cash,mumbai,2026,1,12,0,0,0,2096.4666666666667,2096.4666666666667,2153.0457
2026-01-12,HP,power petrol,Cash,pune,2026,1,12,0,0,0,2382.055,2382.055,2131.5896
2026-01-12,HP,power petrol,UPI,bangalore,2026,1,12,0,0,0,1548.9699999999998,1548.9699999999998,1970.4216
2026-01-12,HP,power petrol,UPI,chennai,2026,1,12,0,0,0,3449.875,3449.875,4100.9976
2026-01-12,HP,power petrol,UPI,delhi,2026,1,12,0,0,0,1322.702,1322.702,1762.1796
2026-01-12,HP,power petrol,UPI,mumbai,2026,1,12,0,0,0,1848.05,1848.05,2199.8984
2026-01-12,HP,power petrol,UPI,pune,2026,1,12,0,0,0,2527.307777777778,2527.307777777778,3295.5264
2026-01-12,IOCL,diesel,Card,bangalore,2026,1,12,0,0,0,4194.373333333334,4194.373333333334,4063.3076
2026-01-12,IOCL,diesel,Card,chennai,2026,1,12,0,0,0,1461.5025,1461.5025,1772.9042
2026-01-12,IOCL,diesel,Card,delhi,2026,1,12,0,0,0,1884.988,1884.988,2164.3442
2026-01-12,IOCL,diesel,Card,mumbai,2026,1,12,0,0,0,1978.7118181818184,1978.7118181818184,2052.501
2026-01-12,IOCL,diesel,Card,pune,2026,1,12,0,0,0,1934.158888888889,1934.158888888889,1841.9825
2026-01-12,IOCL,diesel,Cash,bangalore,2026,1,12,0,0,0,1159.5700000000002,1159.5700000000002,1326.829
2026-01-12,IOCL,diesel,Cash,chennai,2026,1,12,0,0,0,948.3340000000001,948.3340000000001,1297.3245
2026-01-12,IOCL,diesel,Cash,delhi,2026,1,12,0,0,0,1955.898,1955.898,2139.399
2026-01-12,IOCL,diesel,Cash,mumbai,2026,1,12,0,0,0,1874.8266666666666,1874.8266666666666,2024.257
2026-01-12,IOCL,diesel,Cash,pune,2026,1,12,0,0,0,1985.75,1985.75,1778.3623
2026-01-12,IOCL,diesel,UPI,bangalore,2026,1,12,0,0,0,1737.5199999999998,1737.5199999999998,2057.4583
2026-01-12,IOCL,diesel,UPI,chennai,2026,1,12,0,0,0,1916.011,1916.011,1932.9899
2026-01-12,IOCL,diesel,UPI,delhi,2026,1,12,0,0,0,2074.5945454545454,2074.5945454545454,2181.2817
2026-01-12,IOCL,diesel,UPI,mumbai,2026,1,12,0,0,0,1915.90125,1915.90125,2080.7725
2026-01-12,IOCL,diesel,UPI,pune,2026,1,12,0,0,0,1043.585,1043.585,1285.353
2026-01-12,IOCL,petrol,Card,bangalore,2026,1,12,0,0,0,1443.8766666666668,1443.8766666666668,1490.8995
2026-01-12,IOCL,petrol,Card,chennai,2026,1,12,0,0,0,2473.17875,2473.17875,1834.1395
2026-01-12,IOCL,petrol,Card,delhi,2026,1,12,0,0,0,2645.5636363636363,2645.5636363636363,3766.9988
2026-01-12,IOCL,petrol,Card,mumbai,2026,1,12,0,0,0,1198.185714285714,1198.185714285714,1189.8973
2026-01-12,IOCL,petrol,Card,pune,2026,1,12,0,0,0,2556.2799999999997,2556.2799999999997,3153.0586
2026-01-12,IOCL,petrol,Cash,bangalore,2026,1,12,0,0,0,2577.71,2577.71,3391.854
2026-01-12,IOCL,petrol,Cash,chennai,2026,1,12,0,0,0,1951.1850000000002,1951.1850000000002,1565.5952
2026-01-12,IOCL,petrol,Cash,delhi,2026,1,12,0,0,0,2340.834,2340.834,2197.3752
2026-01-12,IOCL,petrol,Cash,mumbai,2026,1,12,0,0,0,2457.228888888889,2457.228888888889,2131.7395
2026-01-12,IOCL,petrol,Cash,pune,2026,1,12,0,0,0,2498.4,2498.4,1855.9509
2026-01-12,IOCL,petrol,UPI,bangalore,2026,1,12,0,0,0,2599.9266666666667,2599.9266666666667,3429.0298
2026-01-12,IOCL,petrol,UPI,chennai,2026,1,12,0,0,0,1855.25,1855.25,1567.3997
2026-01-12,IOCL,petrol,UPI,delhi,2026,1,12,0,0,0,2062.8875,2062.8875,1793.8202
2026-01-12,IOCL,petrol,UPI,mumbai,2026,1,12,0,0,0,1764.125,1764.125,1734.2292
2026-01-12,IOCL,petrol,UPI,pune,2026,1,12,0,0,0,2083.22,2083.22,1520.3656
2026-01-12,IOCL,power petrol,Card,bangalore,2026,1,12,0,0,0,2473.382857142857,2473.382857142857,2312.791
2026-01-12,IOCL,power petrol,Card,chennai,2026,1,12,0,0,0,2190.233333333333,2190.233333333333,2059.7104
2026-01-12,IOCL,power petrol,Card,delhi,2026,1,12,0,0,0,1863.5766666666666,1863.5766666666666,2144.77
2026-01-12,IOCL,power petrol,Card,mumbai,2026,1,12,0,0,0,2355.5714285714284,2355.5714285714284,2254.8481
2026-01-12,IOCL,power petrol,Card,pune,2026,1,12,0,0,0,2648.766153846154,2648.766153846154,3332.5134
2026-01-12,IOCL,power petrol,Cash,bangalore,2026,1,12,0,0,0,1865.993333333333,1865.993333333333,1980.1003
2026-01-12,IOCL,power petrol,Cash,chennai,2026,1,12,0,0,0,1671.87375,1671.87375,1647.9952
2026-01-12,IOCL,power petrol,Cash,delhi,2026,1,12,0,0,0,2514.805,2514.805,4010.328
2026-01-12,IOCL,power petrol,Cash,mumbai,2026,1,12,0,0,0,2150.042857142857,2150.042857142857,1997.7052
2026-01-12,IOCL,power petrol,Cash,pune,2026,1,12,0,0,0,2724.98,2724.98,3031.0227
2026-01-12,IOCL,power petrol,UPI,bangalore,2026,1,12,0,0,0,2309.24,2309.24,2301.7058
2026-01-12,IOCL,power petrol,UPI,chennai,2026,1,12,0,0,0,2456.991666666667,2456.991666666667,2067.508
2026-01-12,IOCL,power petrol,UPI,delhi,2026,1,12,0,0,0,2472.733846153846,2472.733846153846,2527.369
2026-01-12,IOCL,power petrol,UPI,mumbai,2026,1,12,0,0,0,2099.7028571428573,2099.7028571428573,2033.007
2026-01-12,IOCL,power petrol,UPI,pune,2026,1,12,0,0,0,2106.649,2106.649,1756.9001
2026-01-13,BPCL,diesel,Card,bangalore,2026,1,13,1,0,0,993.4040000000001,993.4040000000001,1168.3425
2026-01-13,BPCL,diesel,Card,chennai,2026,1,13,1,0,0,2301.473,2301.473,1566.2437
2026-01-13,BPCL,diesel,Card,delhi,2026,1,13,1,0,0,2874.375,2874.375,3846.7798
2026-01-13,BPCL,diesel,Card,mumbai,2026,1,13,1,0,0,1289.77,1289.77,1493.7852
2026-01-13,BPCL,diesel,Card,pune,2026,1,13,1,0,0,1298.9855555555555,1298.9855555555555,1435.1056
2026-01-13,BPCL,diesel,Cash,bangalore,2026,1,13,1,0,0,1852.3433333333335,1852.3433333333335,1736.2532
2026-01-13,BPCL,diesel,Cash,chennai,2026,1,13,1,0,0,2704.081111111111,2704.081111111111,2979.487
2026-01-13,BPCL,diesel,Cash,delhi,2026,1,13,1,0,0,2138.9655555555555,2138.9655555555555,1648.4149
2026-01-13,BPCL,diesel,Cash,mumbai,2026,1,13,1,0,0,1864.2336363636364,1864.2336363636364,1689.0322
2026-01-13,BPCL,diesel,Cash,pune,2026,1,13,1,0,0,1948.3183333333334,1948.3183333333334,1480.1155
2026-01-13,BPCL,diesel,UPI,bangalore,2026,1,13,1,0,0,2066.0075,2066.0075,1691.3853
2026-01-13,BPCL,diesel,UPI,chennai,2026,1,13,1,0,0,1813.2723076923078,1813.2723076923078,1439.1313
2026-01-13,BPCL,diesel,UPI,delhi,2026,1,13,1,0,0,1679.2490909090907,1679.2490909090907,1604.3542
2026-01-13,BPCL,diesel,UPI,mumbai,2026,1,13,1,0,0,1948.2766666666669,1948.2766666666669,1626.8295
2026-01-13,BPCL,diesel,UPI,pune,2026,1,13,1,0,0,1330.9773333333333,1330.9773333333333,1495.6627
2026-01-13,BPCL,petrol,Card,bangalore,2026,1,13,1,0,0,3095.5171428571425,3095.5171428571425,4045.8582
2026-01-13,BPCL,petrol,Card,chennai,2026,1,13,1,0,0,2214.8877777777775,2214.8877777777775,1474.5957
2026-01-13,BPCL,petrol,Card,delhi,2026,1,13,1,0,0,2320.816875,2320.816875,1781.8186
2026-01-13,BPCL,petrol,Card,mumbai,2026,1,13,1,0,0,1882.6116666666667,1882.6116666666667,1580.1302
2026-01-13,BPCL,petrol,Card,pune,2026,1,13,1,0,0,2420.381,2420.381,1519.2554
2026-01-13,BPCL,petrol,Cash,bangalore,2026,1,13,1,0,0,2466.1639999999998,2466.1639999999998,1755.3718
2026-01-13,BPCL,petrol,Cash,chennai,2026,1,13,1,0,0,1135.43,2086.0437500000003,1128.4587
2026-01-13,BPCL,petrol,Cash,delhi,2026,1,13,1,0,0,1866.4633333333331,1866.4633333333331,1577.0166
2026-01-13,BPCL,petrol,Cash,mumbai,2026,1,13,1,0,0,1797.44125,1797.44125,1619.5223
2026-01-13,BPCL,petrol,Cash,pune,2026,1,13,1,0,0,2223.7366666666667,2223.7366666666667,1513.2218
2026-01-13,BPCL,petrol,UPI,bangalore,2026,1,13,1,0,0,2505.5628571428574,2505.5628571428574,1678.9227
2026-01-13,BPCL,petrol,UPI,chennai,2026,1,13,1,0,0,1973.3138461538463,1973.3138461538463,1337.0828
2026-01-13,BPCL,petrol,UPI,delhi,2026,1,13,1,0,0,2617.1457142857143,2617.1457142857143,3549.2827
2026-01-13,BPCL,petrol,UPI,mumbai,2026,1,13,1,0,0,2047.079090909091,2047.079090909091,1603.0126
2026-01-13,BPCL,petrol,UPI,pune,2026,1,13,1,0,0,1997.163,1997.163,1391.1349
2026-01-13,BPCL,power petrol,Card,bangalore,2026,1,13,1,0,0,2145.02,2145.02,1792.086
2026-01-13,BPCL,power petrol,Card,chennai,2026,1,13,1,0,0,2133.150909090909,2133.150909090909,1471.1912
2026-01-13,BPCL,power petrol,Card,delhi,2026,1,13,1,0,0,2168.163333333333,2168.163333333333,1784.7535
2026-01-13,BPCL,power petrol,Card,mumbai,2026,1,13,1,0,0,1784.5966666666668,1784.5966666666668,1606.4294
2026-01-13,BPCL,power petrol,Card,pune,2026,1,13,1,0,0,2765.4100000000003,2765.4100000000003,2931.4434
2026-01-13,BPCL,power petrol,Cash,bangalore,2026,1,13,1,0,0,3476.37,3476.37,4151.097
2026-01-13,BPCL,power petrol,Cash,chennai,2026,1,13,1,0,0,2002.8188888888888,2002.8188888888888,1465.0308
2026-01-13,BPCL,power petrol,Cash,delhi,2026,1,13,1,0,0,2305.334,2305.334,1986.9994
2026-01-13,BPCL,power petrol,Cash,mumbai,2026,1,13,1,0,0,2318.9137499999997,2318.9137499999997,1839.3123
2026-01-13,BPCL,power petrol,Cash,pune,2026,1,13,1,0,0,2600.3742857142856,2600.3742857142856,3100.1638
2026-01-13,BPCL,power petrol,UPI,bangalore,2026,1,13,1,0,0,2434.395,2434.395,1856.5203
2026-01-13,BPCL,power petrol,UPI,chennai,2026,1,13,1,0,0,2866.3214285714284,2866.3214285714284,3980.3206
2026-01-13,BPCL,power petrol,UPI,delhi,2026,1,13,1,0,0,2315.961111111111,2315.961111111111,1895.0623
2026-01-13,BPCL,power petrol,UPI,mumbai,2026,1,13,1,0,0,1974.024,1974.024,1692.6953
2026-01-13,BPCL,power petrol,UPI,pune,2026,1,13,1,0,0,1944.9627272727273,1944.9627272727273,1563.3331
2026-01-13,HP,diesel,Card,bangalore,2026,1,13,1,0,0,2871.181666666667,2871.181666666667,3790.708
2026-01-13,HP,diesel,Card,chennai,2026,1,13,1,0,0,1960.89125,1960.89125,1965.215
2026-01-13,HP,diesel,Card,delhi,2026,1,13,1,0,0,1208.6833333333334,1208.6833333333334,1238.3566
2026-01-13,HP,diesel,Card,mumbai,2026,1,13,1,0,0,1786.7369999999999,1786.7369999999999,1825.4333
2026-01-13,HP,diesel,Card,pune,2026,1,13,1,0,0,1597.4957142857143,1597.4957142857143,1683.3365
2026-01-13,HP,diesel,Cash,bangalore,2026,1,13,1,0,0,2432.7725,2432.7725,2390.6445
2026-01-13,HP,diesel,Cash,chennai,2026,1,13,1,0,0,1879.03,1879.03,1917.909
2026-01-13,HP,diesel,Cash,delhi,2026,1,13,1,0,0,1638.6328571428571,1638.6328571428571,1871.8013
2026-01-13,HP,diesel,Cash,mumbai,2026,1,13,1,0,0,1707.6585714285716,1707.6585714285716,1911.6378
2026-01-13,HP,diesel,Cash,pune,2026,1,13,1,0,0,2379.6408333333334,2379.6408333333334,2128.5496
2026-01-13,HP,diesel,UPI,bangalore,2026,1,13,1,0,0,1802.21625,1802.21625,2048.8003
2026-01-13,HP,diesel,UPI,chennai,2026,1,13,1,0,0,2105.03125,2105.03125,2017.1089
2026-01-13,HP,diesel,UPI,delhi,2026,1,13,1,0,0,1426.8066666666666,1426.8066666666666,1752.3333
2026-01-13,HP,diesel,UPI,mumbai,2026,1,13,1,0,0,2395.915,2395.915,2399.1382
2026-01-13,HP,diesel,UPI,pune,2026,1,13,1,0,0,2342.6475,2342.6475,2190.341
2026-01-13,HP,petrol,Card,bangalore,2026,1,13,1,0,0,1726.2966666666669,1726.2966666666669,1872.4288
2026-01-13,HP,petrol,Card,chennai,2026,1,13,1,0,0,2772.457,2772.457,3269.0186
2026-01-13,HP,petrol,Card,delhi,2026,1,13,1,0,0,1653.8880000000001,1653.8880000000001,1708.2996
2026-01-13,HP,petrol,Card,mumbai,2026,1,13,1,0,0,2676.4533333333334,2676.4533333333334,3420.6292
2026-01-13,HP,petrol,Card,pune,2026,1,13,1,0,0,2386.945,2386.945,2015.8031
2026-01-13,HP,petrol,Cash,bangalore,2026,1,13,1,0,0,2466.4616666666666,2466.4616666666666,2271.5623
2026-01-13,HP,petrol,Cash,chennai,2026,1,13,1,0,0,2243.4049999999997,2243.4049999999997,2064.503
2026-01-13,HP,petrol,Cash,delhi,2026,1,13,1,0,0,2151.3700000000003,2151.3700000000003,1944.3085
2026-01-13,HP,petrol,Cash,mumbai,2026,1,13,1,0,0,1801.3799999999999,1801.3799999999999,1815.5182
2026-01-13,HP,petrol,Cash,pune,2026,1,13,1,0,0,1396.2544444444443,1396.2544444444443,1360.521
2026-01-13,HP,petrol,UPI,bangalore,2026,1,13,1,0,0,1942.2,1942.2,2029.7876
2026-01-13,HP,petrol,UPI,chennai,2026,1,13,1,0,0,1994.8986666666667,1994.8986666666667,1834.2489
2026-01-13,HP,petrol,UPI,delhi,2026,1,13,1,0,0,546.25,1918.9264285714287,670.33685
2026-01-13,HP,petrol,UPI,mumbai,2026,1,13,1,0,0,2812.19,2812.19,3170.9287
2026-01-13,HP,petrol,UPI,pune,2026,1,13,1,0,0,1987.6850000000002,1987.6850000000002,1791.7587
2026-01-13,HP,power petrol,Card,bangalore,2026,1,13,1,0,0,3296.3419999999996,3296.3419999999996,4139.415
2026-01-13,HP,power petrol,Card,chennai,2026,1,13,1,0,0,3017.558333333333,3017.558333333333,4119.97
2026-01-13,HP,power petrol,Card,delhi,2026,1,13,1,0,0,1895.62375,1895.62375,2145.5159
2026-01-13,HP,power petrol,Card,mumbai,2026,1,13,1,0,0,2562.9829999999997,2562.9829999999997,3460.515
2026-01-13,HP,power petrol,Card,pune,2026,1,13,1,0,0,1996.61,1996.61,1904.3018
2026-01-13,HP,power petrol,Cash,bangalore,2026,1,13,1,0,0,0.0,,800.929
2026-01-13,HP,power petrol,Cash,chennai,2026,1,13,1,0,0,1808.9650000000001,1808.9650000000001,1761.7427
2026-01-13,HP,power petrol,Cash,delhi,2026,1,13,1,0,0,2445.5171428571425,2445.5171428571425,2556.5757
2026-01-13,HP,power petrol,Cash,mumbai,2026,1,13,1,0,0,2096.4666666666667,2096.4666666666667,2115.6384
2026-01-13,HP,power petrol,Cash,pune,2026,1,13,1,0,0,2382.055,2382.055,2160.926
2026-01-13,HP,power petrol,UPI,bangalore,2026,1,13,1,0,0,1548.9699999999998,1548.9699999999998,1997.8053
2026-01-13,HP,power petrol,UPI,chennai,2026,1,13,1,0,0,3449.875,3449.875,4172.8384
2026-01-13,HP,power petrol,UPI,delhi,2026,1,13,1,0,0,1322.702,1322.702,1753.1497
2026-01-13,HP,power petrol,UPI,mumbai,2026,1,13,1,0,0,1848.05,1848.05,2161.0928
2026-01-13,HP,power petrol,UPI,pune,2026,1,13,1,0,0,2527.307777777778,2527.307777777778,3349.2383
2026-01-13,IOCL,diesel,Card,bangalore,2026,1,13,1,0,0,4194.373333333334,4194.373333333334,4071.9365
2026-01-13,IOCL,diesel,Card,chennai,2026,1,13,1,0,0,1461.5025,1461.5025,1734.9635
2026-01-13,IOCL,diesel,Card,delhi,2026,1,13,1,0,0,1884.988,1884.988,2058.4653
2026-01-13,IOCL,diesel,Card,mumbai,2026,1,13,1,0,0,1978.7118181818184,1978.7118181818184,1963.9636
2026-01-13,IOCL,diesel,Card,pune,2026,1,13,1,0,0,1934.158888888889,1934.158888888889,1798.7233
2026-01-13,IOCL,diesel,Cash,bangalore,2026,1,13,1,0,0,1159.5700000000002,1159.5700000000002,1278.8792
2026-01-13,IOCL,diesel,Cash,chennai,2026,1,13,1,0,0,948.3340000000001,948.3340000000001,1257.2736
2026-01-13,IOCL,diesel,Cash,delhi,2026,1,13,1,0,0,1955.898,1955.898,2031.0112
2026-01-13,IOCL,diesel,Cash,mumbai,2026,1,13,1,0,0,1874.8266666666666,1874.8266666666666,1936.1117
2026-01-13,IOCL,diesel,Cash,pune,2026,1,13,1,0,0,1985.75,1985.75,1732.7175
2026-01-13,IOCL,diesel,UPI,bangalore,2026,1,13,1,0,0,1737.5199999999998,1737.5199999999998,2013.8323
2026-01-13,IOCL,diesel,UPI,chennai,2026,1,13,1,0,0,1916.011,1916.011,1897.3197
2026-01-13,IOCL,diesel,UPI,delhi,2026,1,13,1,0,0,2074.5945454545454,2074.5945454545454,2073.584
2026-01-13,IOCL,diesel,UPI,mumbai,2026,1,13,1,0,0,1915.90125,1915.90125,1992.9906
2026-01-13,IOCL,diesel,UPI,pune,2026,1,13,1,0,0,1588.64,1043.585,1700.2435
2026-01-13,IOCL,petrol,Card,bangalore,2026,1,13,1,0,0,1443.8766666666668,1443.8766666666668,1595.6285
2026-01-13,IOCL,petrol,Card,chennai,2026,1,13,1,0,0,2473.17875,2473.17875,1893.0508
2026-01-13,IOCL,petrol,Card,delhi,2026,1,13,1,0,0,2645.5636363636363,2645.5636363636363,3786.8928
2026-01-13,IOCL,petrol,Card,mumbai,2026,1,13,1,0,0,1198.185714285714,1198.185714285714,1169.2148
2026-01-13,IOCL,petrol,Card,pune,2026,1,13,1,0,0,2556.2799999999997,2556.2799999999997,3283.1946
2026-01-13,IOCL,petrol,Cash,bangalore,2026,1,13,1,0,0,2577.71,2577.71,3536.4119
2026-01-13,IOCL,petrol,Cash,chennai,2026,1,13,1,0,0,716.69,1951.1850000000002,767.05005
2026-01-13,IOCL,petrol,Cash,delhi,2026,1,13,1,0,0,2340.834,2340.834,2179.3977
2026-01-13,IOCL,petrol,Cash,mumbai,2026,1,13,1,0,0,2457.228888888889,2457.228888888889,2116.9868
2026-01-13,IOCL,petrol,Cash,pune,2026,1,13,1,0,0,2498.4,2498.4,1961.7554
2026-01-13,IOCL,petrol,UPI,bangalore,2026,1,13,1,0,0,2599.9266666666667,2599.9266666666667,3586.1301
2026-01-13,IOCL,petrol,UPI,chennai,2026,1,13,1,0,0,1855.25,1855.25,1625.5104
2026-01-13,IOCL,petrol,UPI,delhi,2026,1,13,1,0,0,2062.8875,2062.8875,1774.7058
2026-01-13,IOCL,petrol,UPI,mumbai,2026,1,13,1,0,0,1764.125,1764.125,1718.8665
2026-01-13,IOCL,petrol,UPI,pune,2026,1,13,1,0,0,2083.22,2083.22,1625.3181
2026-01-13,IOCL,power petrol,Card,bangalore,2026,1,13,1,0,0,2473.382857142857,2473.382857142857,2329.4946
2026-01-13,IOCL,power petrol,Card,chennai,2026,1,13,1,0,0,2190.233333333333,2190.233333333333,2064.6377
2026-01-13,IOCL,power petrol,Card,delhi,2026,1,13,1,0,0,1863.5766666666666,1863.5766666666666,2037.1029
2026-01-13,IOCL,power petrol,Card,mumbai,2026,1,13,1,0,0,2355.5714285714284,2355.5714285714284,2186.0112
2026-01-13,IOCL,power petrol,Card,pune,2026,1,13,1,0,0,788.53,2648.766153846154,939.6711
2026-01-13,IOCL,power petrol,Cash,bangalore,2026,1,13,1,0,0,1865.993333333333,1865.993333333333,1995.73
2026-01-13,IOCL,power petrol,Cash,chennai,2026,1,13,1,0,0,1671.87375,1671.87375,1648.0299
2026-01-13,IOCL,power petrol,Cash,delhi,2026,1,13,1,0,0,2514.805,2514.805,3942.3596
2026-01-13,IOCL,power petrol,Cash,mumbai,2026,1,13,1,0,0,2150.042857142857,2150.042857142857,1929.3722
2026-01-13,IOCL,power petrol,Cash,pune,2026,1,13,1,0,0,2724.98,2724.98,3047.9443
2026-01-13,IOCL,power petrol,UPI,bangalore,2026,1,13,1,0,0,2309.24,2309.24,2315.626
2026-01-13,IOCL,power petrol,UPI,chennai,2026,1,13,1,0,0,2456.991666666667,2456.991666666667,2069.283
2026-01-13,IOCL,power petrol,UPI,delhi,2026,1,13,1,0,0,2472.733846153846,2472.733846153846,2417.5146
2026-01-13,IOCL,power petrol,UPI,mumbai,2026,1,13,1,0,0,2099.7028571428573,2099.7028571428573,1962.9908
2026-01-13,IOCL,power petrol,UPI,pune,2026,1,13,1,0,0,2106.649,2106.649,1768.3812
2026-01-14,BPCL,diesel,Card,bangalore,2026,1,14,2,0,0,993.4040000000001,993.4040000000001,1102.3473
2026-01-14,BPCL,diesel,Card,chennai,2026,1,14,2,0,0,2301.473,2301.473,1469.6885
2026-01-14,BPCL,diesel,Card,delhi,2026,1,14,2,0,0,2874.375,2874.375,3771.6177
2026-01-14,BPCL,diesel,Card,mumbai,2026,1,14,2,0,0,1289.77,1289.77,1414.2146
2026-01-14,BPCL,diesel,Card,pune,2026,1,14,2,0,0,1298.9855555555555,1298.9855555555555,1353.2373
2026-01-14,BPCL,diesel,Cash,bangalore,2026,1,14,2,0,0,1852.3433333333335,1852.3433333333335,1658.3025
2026-01-14,BPCL,diesel,Cash,chennai,2026,1,14,2,0,0,2704.081111111111,2704.081111111111,2889.6726
2026-01-14,BPCL,diesel,Cash,delhi,2026,1,14,2,0,0,2138.9655555555555,2138.9655555555555,1561.1953
2026-01-14,BPCL,diesel,Cash,mumbai,2026,1,14,2,0,0,1864.2336363636364,1864.2336363636364,1614.1089
2026-01-14,BPCL,diesel,Cash,pune,2026,1,14,2,0,0,1948.3183333333334,1948.3183333333334,1402.3322
2026-01-14,BPCL,diesel,UPI,bangalore,2026,1,14,2,0,0,2066.0075,2066.0075,1582.264
2026-01-14,BPCL,diesel,UPI,chennai,2026,1,14,2,0,0,1813.2723076923078,1813.2723076923078,1301.8998
2026-01-14,BPCL,diesel,UPI,delhi,2026,1,14,2,0,0,1679.2490909090907,1679.2490909090907,1499.7185
2026-01-14,BPCL,diesel,UPI,mumbai,2026,1,14,2,0,0,1948.2766666666669,1948.2766666666669,1539.1326
2026-01-14,BPCL,diesel,UPI,pune,2026,1,14,2,0,0,1330.9773333333333,1330.9773333333333,1380.5721
2026-01-14,BPCL,petrol,Card,bangalore,2026,1,14,2,0,0,3095.5171428571425,3095.5171428571425,4038.8342
2026-01-14,BPCL,petrol,Card,chennai,2026,1,14,2,0,0,2214.8877777777775,2214.8877777777775,1437.3405
2026-01-14,BPCL,petrol,Card,delhi,2026,1,14,2,0,0,2320.816875,2320.816875,1770.0536
2026-01-14,BPCL,petrol,Card,mumbai,2026,1,14,2,0,0,1882.6116666666667,1882.6116666666667,1568.7797
2026-01-14,BPCL,petrol,Card,pune,2026,1,14,2,0,0,2420.381,2420.381,1504.1158
2026-01-14,BPCL,petrol,Cash,bangalore,2026,1,14,2,0,0,2466.1639999999998,2466.1639999999998,1809.291
2026-01-14,BPCL,petrol,Cash,chennai,2026,1,14,2,0,0,2086.0437500000003,2086.0437500000003,1388.7052
2026-01-14,BPCL,petrol,Cash,delhi,2026,1,14,2,0,0,1866.4633333333331,1866.4633333333331,1631.9019
2026-01-14,BPCL,petrol,Cash,mumbai,2026,1,14,2,0,0,1797.44125,1797.44125,1602.2754
2026-01-14,BPCL,petrol,Cash,pune,2026,1,14,2,0,0,2223.7366666666667,2223.7366666666667,1566.6188
2026-01-14,BPCL,petrol,UPI,bangalore,2026,1,14,2,0,0,2505.5628571428574,2505.5628571428574,1635.5833
2026-01-14,BPCL,petrol,UPI,chennai,2026,1,14,2,0,0,1973.3138461538463,1973.3138461538463,1268.2953
2026-01-14,BPCL,petrol,UPI,delhi,2026,1,14,2,0,0,2617.1457142857143,2617.1457142857143,3535.137
2026-01-14,BPCL,petrol,UPI,mumbai,2026,1,14,2,0,0,2047.079090909091,2047.079090909091,1581.9025
2026-01-14,BPCL,petrol,UPI,pune,2026,1,14,2,0,0,1997.163,1997.163,1345.3031
2026-01-14,BPCL,power petrol,Card,bangalore,2026,1,14,2,0,0,2145.02,2145.02,1684.0652
2026-01-14,BPCL,power petrol,Card,chennai,2026,1,14,2,0,0,2133.150909090909,2133.150909090909,1340.6578
2026-01-14,BPCL,power petrol,Card,delhi,2026,1,14,2,0,0,2168.163333333333,2168.163333333333,1767.9705
2026-01-14,BPCL,power petrol,Card,mumbai,2026,1,14,2,0,0,1784.5966666666668,1784.5966666666668,1493.903
2026-01-14,BPCL,power petrol,Card,pune,2026,1,14,2,0,0,2765.4100000000003,2765.4100000000003,2832.2886
2026-01-14,BPCL,power petrol,Cash,bangalore,2026,1,14,2,0,0,3476.37,3476.37,4050.5496
2026-01-14,BPCL,power petrol,Cash,chennai,2026,1,14,2,0,0,2002.8188888888888,2002.8188888888888,1332.4747
2026-01-14,BPCL,power petrol,Cash,delhi,2026,1,14,2,0,0,2305.334,2305.334,1969.8989
2026-01-14,BPCL,power petrol,Cash,mumbai,2026,1,14,2,0,0,2318.9137499999997,2318.9137499999997,1731.4463
2026-01-14,BPCL,power petrol,Cash,pune,2026,1,14,2,0,0,2600.3742857142856,2600.3742857142856,2999.7698
2026-01-14,BPCL,power petrol,UPI,bangalore,2026,1,14,2,0,0,2434.395,2434.395,1726.1051
2026-01-14,BPCL,power petrol,UPI,chennai,2026,1,14,2,0,0,2866.3214285714284,2866.3214285714284,3849.4548
2026-01-14,BPCL,power petrol,UPI,delhi,2026,1,14,2,0,0,2315.961111111111,2315.961111111111,1874.1553
2026-01-14,BPCL,power petrol,UPI,mumbai,2026,1,14,2,0,0,1974.024,1974.024,1579.5903
2026-01-14,BPCL,power petrol,UPI,pune,2026,1,14,2,0,0,1944.9627272727273,1944.9627272727273,1431.11
2026-01-14,HP,diesel,Card,bangalore,2026,1,14,2,0,0,2871.181666666667,2871.181666666667,3728.4714
2026-01-14,HP,diesel,Card,chennai,2026,1,14,2,0,0,1960.89125,1960.89125,1885.5442
2026-01-14,HP,diesel,Card,delhi,2026,1,14,2,0,0,1208.6833333333334,1208.6833333333334,1163.6257
2026-01-14,HP,diesel,Card,mumbai,2026,1,14,2,0,0,1786.7369999999999,1786.7369999999999,1766.477
2026-01-14,HP,diesel,Card,pune,2026,1,14,2,0,0,1597.4957142857143,1597.4957142857143,1614.6223
2026-01-14,HP,diesel,Cash,bangalore,2026,1,14,2,0,0,2432.7725,2432.7725,2333.2554
2026-01-14,HP,diesel,Cash,chennai,2026,1,14,2,0,0,1879.03,1879.03,1836.5004
2026-01-14,HP,diesel,Cash,delhi,2026,1,14,2,0,0,1638.6328571428571,1638.6328571428571,1788.7651
2026-01-14,HP,diesel,Cash,mumbai,2026,1,14,2,0,0,1707.6585714285716,1707.6585714285716,1850.6167
2026-01-14,HP,diesel,Cash,pune,2026,1,14,2,0,0,2379.6408333333334,2379.6408333333334,2070.7676
2026-01-14,HP,diesel,UPI,bangalore,2026,1,14,2,0,0,1802.21625,1802.21625,1960.2898
2026-01-14,HP,diesel,UPI,chennai,2026,1,14,2,0,0,2105.03125,2105.03125,1909.4067
2026-01-14,HP,diesel,UPI,delhi,2026,1,14,2,0,0,1426.8066666666666,1426.8066666666666,1667.5032
2026-01-14,HP,diesel,UPI,mumbai,2026,1,14,2,0,0,2395.915,2395.915,2337.4011
2026-01-14,HP,diesel,UPI,pune,2026,1,14,2,0,0,2342.6475,2342.6475,2107.4443
2026-01-14,HP,petrol,Card,bangalore,2026,1,14,2,0,0,1726.2966666666669,1726.2966666666669,1869.6394
2026-01-14,HP,petrol,Card,chennai,2026,1,14,2,0,0,2772.457,2772.457,3243.8232
2026-01-14,HP,petrol,Card,delhi,2026,1,14,2,0,0,1653.8880000000001,1653.8880000000001,1697.9183
2026-01-14,HP,petrol,Card,mumbai,2026,1,14,2,0,0,2676.4533333333334,2676.4533333333334,3422.0154
2026-01-14,HP,petrol,Card,pune,2026,1,14,2,0,0,2386.945,2386.945,2018.326
2026-01-14,HP,petrol,Cash,bangalore,2026,1,14,2,0,0,2466.4616666666666,2466.4616666666666,2343.5295
2026-01-14,HP,petrol,Cash,chennai,2026,1,14,2,0,0,2243.4049999999997,2243.4049999999997,2114.2568
2026-01-14,HP,petrol,Cash,delhi,2026,1,14,2,0,0,2151.3700000000003,2151.3700000000003,2013.7543
2026-01-14,HP,petrol,Cash,mumbai,2026,1,14,2,0,0,1801.3799999999999,1801.3799999999999,1815.668
2026-01-14,HP,petrol,Cash,pune,2026,1,14,2,0,0,1396.2544444444443,1396.2544444444443,1423.3951
2026-01-14,HP,petrol,UPI,bangalore,2026,1,14,2,0,0,1942.2,1942.2,2006.1008
2026-01-14,HP,petrol,UPI,chennai,2026,1,14,2,0,0,1994.8986666666667,1994.8986666666667,1787.2314
2026-01-14,HP,petrol,UPI,delhi,2026,1,14,2,0,0,1918.9264285714287,1918.9264285714287,1867.3762
2026-01-14,HP,petrol,UPI,mumbai,2026,1,14,2,0,0,2812.19,2812.19,3166.267
2026-01-14,HP,petrol,UPI,pune,2026,1,14,2,0,0,1987.6850000000002,1987.6850000000002,1767.4747
2026-01-14,HP,power petrol,Card,bangalore,2026,1,14,2,0,0,3296.3419999999996,3296.3419999999996,4043.486
2026-01-14,HP,power petrol,Card,chennai,2026,1,14,2,0,0,3017.558333333333,3017.558333333333,4017.3367
2026-01-14,HP,power petrol,Card,delhi,2026,1,14,2,0,0,1895.62375,1895.62375,2143.0276
2026-01-14,HP,power petrol,Card,mumbai,2026,1,14,2,0,0,2562.9829999999997,2562.9829999999997,3364.6262
2026-01-14,HP,power petrol,Card,pune,2026,1,14,2,0,0,1996.61,1996.61,1813.892
2026-01-14,HP,power petrol,Cash,bangalore,2026,1,14,2,0,0,0.0,,703.5976
2026-01-14,HP,power petrol,Cash,chennai,2026,1,14,2,0,0,1808.9650000000001,1808.9650000000001,1643.3567
2026-01-14,HP,power petrol,Cash,delhi,2026,1,14,2,0,0,2445.5171428571425,2445.5171428571425,2554.0688
2026-01-14,HP,power petrol,Cash,mumbai,2026,1,14,2,0,0,2096.4666666666667,2096.4666666666667,2023.4592
2026-01-14,HP,power petrol,Cash,pune,2026,1,14,2,0,0,2382.055,2382.055,2070.5793
2026-01-14,HP,power petrol,UPI,bangalore,2026,1,14,2,0,0,1548.9699999999998,1548.9699999999998,1875.5189
2026-01-14,HP,power petrol,UPI,chennai,2026,1,14,2,0,0,3449.875,3449.875,4049.373
2026-01-14,HP,power petrol,UPI,delhi,2026,1,14,2,0,0,1322.702,1322.702,1742.1765
2026-01-14,HP,power petrol,UPI,mumbai,2026,1,14,2,0,0,1848.05,1848.05,2068.7454
2026-01-14,HP,power petrol,UPI,pune,2026,1,14,2,0,0,2527.307777777778,2527.307777777778,3233.9866
2026-01-14,IOCL,diesel,Card,bangalore,2026,1,14,2,0,0,4194.373333333334,4194.373333333334,4009.5884
2026-01-14,IOCL,diesel,Card,chennai,2026,1,14,2,0,0,1461.5025,1461.5025,1645.8436
2026-01-14,IOCL,diesel,Card,delhi,2026,1,14,2,0,0,1884.988,1884.988,1991.485
2026-01-14,IOCL,diesel,Card,mumbai,2026,1,14,2,0,0,1978.7118181818184,1978.7118181818184,1906.2266
2026-01-14,IOCL,diesel,Card,pune,2026,1,14,2,0,0,1934.158888888889,1934.158888888889,1741.2203
2026-01-14,IOCL,diesel,Cash,bangalore,2026,1,14,2,0,0,1159.5700000000002,1159.5700000000002,1214.7622
2026-01-14,IOCL,diesel,Cash,chennai,2026,1,14,2,0,0,948.3340000000001,948.3340000000001,1188.6151
2026-01-14,IOCL,diesel,Cash,delhi,2026,1,14,2,0,0,1955.898,1955.898,1961.2778
2026-01-14,IOCL,diesel,Cash,mumbai,2026,1,14,2,0,0,1874.8266666666666,1874.8266666666666,1876.1722
2026-01-14,IOCL,diesel,Cash,pune,2026,1,14,2,0,0,1985.75,1985.75,1672.4495
2026-01-14,IOCL,diesel,UPI,bangalore,2026,1,14,2,0,0,1737.5199999999998,1737.5199999999998,1925.8855
2026-01-14,IOCL,diesel,UPI,chennai,2026,1,14,2,0,0,1916.011,1916.011,1791.975
2026-01-14,IOCL,diesel,UPI,delhi,2026,1,14,2,0,0,2074.5945454545454,2074.5945454545454,1998.7087
2026-01-14,IOCL,diesel,UPI,mumbai,2026,1,14,2,0,0,1915.90125,1915.90125,1928.2115
2026-01-14,IOCL,diesel,UPI,pune,2026,1,14,2,0,0,1043.585,1043.585,1148.9106
2026-01-14,IOCL,petrol,Card,bangalore,2026,1,14,2,0,0,1443.8766666666668,1443.8766666666668,1586.3895
2026-01-14,IOCL,petrol,Card,chennai,2026,1,14,2,0,0,2473.17875,2473.17875,1871.9243
2026-01-14,IOCL,petrol,Card,delhi,2026,1,14,2,0,0,2645.5636363636363,2645.5636363636363,3782.475
2026-01-14,IOCL,petrol,Card,mumbai,2026,1,14,2,0,0,1198.185714285714,1198.185714285714,1166.9475
2026-01-14,IOCL,petrol,Card,pune,2026,1,14,2,0,0,2556.2799999999997,2556.2799999999997,3275.4973
2026-01-14,IOCL,petrol,Cash,bangalore,2026,1,14,2,0,0,2577.71,2577.71,3598.0618
2026-01-14,IOCL,petrol,Cash,chennai,2026,1,14,2,0,0,1951.1850000000002,1951.1850000000002,1670.1533
2026-01-14,IOCL,petrol,Cash,delhi,2026,1,14,2,0,0,2340.834,2340.834,2249.8604
2026-01-14,IOCL,petrol,Cash,mumbai,2026,1,14,2,0,0,2457.228888888889,2457.228888888889,2119.8435
2026-01-14,IOCL,petrol,Cash,pune,2026,1,14,2,0,0,2498.4,2498.4,2029.3103
2026-01-14,IOCL,petrol,UPI,bangalore,2026,1,14,2,0,0,2599.9266666666667,2599.9266666666667,3553.5254
2026-01-14,IOCL,petrol,UPI,chennai,2026,1,14,2,0,0,1855.25,1855.25,1575.961
2026-01-14,IOCL,petrol,UPI,delhi,2026,1,14,2,0,0,2062.8875,2062.8875,1767.4653
2026-01-14,IOCL,petrol,UPI,mumbai,2026,1,14,2,0,0,1764.125,1764.125,1710.7874
2026-01-14,IOCL,petrol,UPI,pune,2026,1,14,2,0,0,2083.22,2083.22,1596.8394
2026-01-14,IOCL,power petrol,Card,bangalore,2026,1,14,2,0,0,2473.382857142857,2473.382857142857,2237.653
2026-01-14,IOCL,power petrol,Card,chennai,2026,1,14,2,0,0,2190.233333333333,2190.233333333333,1952.1416
2026-01-14,IOCL,power petrol,Card,delhi,2026,1,14,2,0,0,1863.5766666666666,1863.5766666666666,2034.5743
2026-01-14,IOCL,power petrol,Card,mumbai,2026,1,14,2,0,0,2355.5714285714284,2355.5714285714284,2094.1687
2026-01-14,IOCL,power petrol,Card,pune,2026,1,14,2,0,0,2648.766153846154,2648.766153846154,3264.3015
2026-01-14,IOCL,power petrol,Cash,bangalore,2026,1,14,2,0,0,1865.993333333333,1865.993333333333,1899.7397
2026-01-14,IOCL,power petrol,Cash,chennai,2026,1,14,2,0,0,1671.87375,1671.87375,1527.6063
2026-01-14,IOCL,power petrol,Cash,delhi,2026,1,14,2,0,0,2514.805,2514.805,3932.8877
2026-01-14,IOCL,power petrol,Cash,mumbai,2026,1,14,2,0,0,2150.042857142857,2150.042857142857,1834.0345
2026-01-14,IOCL,power petrol,Cash,pune,2026,1,14,2,0,0,2724.98,2724.98,2947.445
2026-01-14,IOCL,power petrol,UPI,bangalore,2026,1,14,2,0,0,2309.24,2309.24,2202.4238
2026-01-14,IOCL,power petrol,UPI,chennai,2026,1,14,2,0,0,2456.991666666667,2456.991666666667,1934.8153
2026-01-14,IOCL,power petrol,UPI,delhi,2026,1,14,2,0,0,2472.733846153846,2472.733846153846,2413.7996
2026-01-14,IOCL,power petrol,UPI,mumbai,2026,1,14,2,0,0,2099.7028571428573,2099.7028571428573,1867.3383
2026-01-14,IOCL,power petrol,UPI,pune,2026,1,14,2,0,0,2106.649,2106.649,1653.5719
2026-01-15,BPCL,diesel,Card,bangalore,2026,1,15,3,0,0,993.4040000000001,993.4040000000001,1076.2881
2026-01-15,BPCL,diesel,Card,chennai,2026,1,15,3,0,0,2301.473,2301.473,1472.8563
2026-01-15,BPCL,diesel,Card,delhi,2026,1,15,3,0,0,2874.375,2874.375,3761.0881
2026-01-15,BPCL,diesel,Card,mumbai,2026,1,15,3,0,0,1289.77,1289.77,1367.3235
2026-01-15,BPCL,diesel,Card,pune,2026,1,15,3,0,0,1298.9855555555555,1298.9855555555555,1354.1179
2026-01-15,BPCL,diesel,Cash,bangalore,2026,1,15,3,0,0,1852.3433333333335,1852.3433333333335,1629.1086
2026-01-15,BPCL,diesel,Cash,chennai,2026,1,15,3,0,0,2704.081111111111,2704.081111111111,2884.0356
2026-01-15,BPCL,diesel,Cash,delhi,2026,1,15,3,0,0,2138.9655555555555,2138.9655555555555,1549.8717
2026-01-15,BPCL,diesel,Cash,mumbai,2026,1,15,3,0,0,1864.2336363636364,1864.2336363636364,1560.6572
2026-01-15,BPCL,diesel,Cash,pune,2026,1,15,3,0,0,1948.3183333333334,1948.3183333333334,1393.8086
2026-01-15,BPCL,diesel,UPI,bangalore,2026,1,15,3,0,0,2066.0075,2066.0075,1536.7998
2026-01-15,BPCL,diesel,UPI,chennai,2026,1,15,3,0,0,1813.2723076923078,1813.2723076923078,1350.7333
2026-01-15,BPCL,diesel,UPI,delhi,2026,1,15,3,0,0,1679.2490909090907,1679.2490909090907,1489.7167
2026-01-15,BPCL,diesel,UPI,mumbai,2026,1,15,3,0,0,1948.2766666666669,1948.2766666666669,1471.5005
2026-01-15,BPCL,diesel,UPI,pune,2026,1,15,3,0,0,1330.9773333333333,1330.9773333333333,1375.2689
2026-01-15,BPCL,petrol,Card,bangalore,2026,1,15,3,0,0,3095.5171428571425,3095.5171428571425,4005.2466
2026-01-15,BPCL,petrol,Card,chennai,2026,1,15,3,0,0,2214.8877777777775,2214.8877777777775,1424.1233
2026-01-15,BPCL,petrol,Card,delhi,2026,1,15,3,0,0,2320.816875,2320.816875,1761.116
2026-01-15,BPCL,petrol,Card,mumbai,2026,1,15,3,0,0,1882.6116666666667,1882.6116666666667,1530.525
2026-01-15,BPCL,petrol,Card,pune,2026,1,15,3,0,0,2420.381,2420.381,1446.8348
2026-01-15,BPCL,petrol,Cash,bangalore,2026,1,15,3,0,0,2466.1639999999998,2466.1639999999998,1675.7539
2026-01-15,BPCL,petrol,Cash,chennai,2026,1,15,3,0,0,2086.0437500000003,2086.0437500000003,1342.4521
2026-01-15,BPCL,petrol,Cash,delhi,2026,1,15,3,0,0,1866.4633333333331,1866.4633333333331,1595.5952
2026-01-15,BPCL,petrol,Cash,mumbai,2026,1,15,3,0,0,1797.44125,1797.44125,1574.4249
2026-01-15,BPCL,petrol,Cash,pune,2026,1,15,3,0,0,2223.7366666666667,2223.7366666666667,1451.191
2026-01-15,BPCL,petrol,UPI,bangalore,2026,1,15,3,0,0,2505.5628571428574,2505.5628571428574,1568.5789
2026-01-15,BPCL,petrol,UPI,chennai,2026,1,15,3,0,0,1973.3138461538463,1973.3138461538463,1286.0697
2026-01-15,BPCL,petrol,UPI,delhi,2026,1,15,3,0,0,2617.1457142857143,2617.1457142857143,3527.5093
2026-01-15,BPCL,petrol,UPI,mumbai,2026,1,15,3,0,0,2047.079090909091,2047.079090909091,1541.1879
2026-01-15,BPCL,petrol,UPI,pune,2026,1,15,3,0,0,1997.163,1997.163,1317.0642
2026-01-15,BPCL,power petrol,Card,bangalore,2026,1,15,3,0,0,2145.02,2145.02,1654.4257
2026-01-15,BPCL,power petrol,Card,chennai,2026,1,15,3,0,0,2133.150909090909,2133.150909090909,1377.4928
2026-01-15,BPCL,power petrol,Card,delhi,2026,1,15,3,0,0,2168.163333333333,2168.163333333333,1765.3474
2026-01-15,BPCL,power petrol,Card,mumbai,2026,1,15,3,0,0,1784.5966666666668,1784.5966666666668,1440.8745
2026-01-15,BPCL,power petrol,Card,pune,2026,1,15,3,0,0,2765.4100000000003,2765.4100000000003,2795.3088
2026-01-15,BPCL,power petrol,Cash,bangalore,2026,1,15,3,0,0,3476.37,3476.37,4041.7283
2026-01-15,BPCL,power petrol,Cash,chennai,2026,1,15,3,0,0,2002.8188888888888,2002.8188888888888,1374.152
2026-01-15,BPCL,power petrol,Cash,delhi,2026,1,15,3,0,0,2305.334,2305.334,1946.5143
2026-01-15,BPCL,power petrol,Cash,mumbai,2026,1,15,3,0,0,3488.88,2318.9137499999997,3581.3726
2026-01-15,BPCL,power petrol,Cash,pune,2026,1,15,3,0,0,2600.3742857142856,2600.3742857142856,2969.0093
2026-01-15,BPCL,power petrol,UPI,bangalore,2026,1,15,3,0,0,2434.395,2434.395,1664.1952
2026-01-15,BPCL,power petrol,UPI,chennai,2026,1,15,3,0,0,2866.3214285714284,2866.3214285714284,3842.6362
2026-01-15,BPCL,power petrol,UPI,delhi,2026,1,15,3,0,0,2315.961111111111,2315.961111111111,1843.1277
2026-01-15,BPCL,power petrol,UPI,mumbai,2026,1,15,3,0,0,1974.024,1974.024,1510.4844
2026-01-15,BPCL,power petrol,UPI,pune,2026,1,15,3,0,0,1944.9627272727273,1944.9627272727273,1424.8976
2026-01-15,HP,diesel,Card,bangalore,2026,1,15,3,0,0,2871.181666666667,2871.181666666667,3720.2861
2026-01-15,HP,diesel,Card,chennai,2026,1,15,3,0,0,3939.57,1960.89125,3945.011
2026-01-15,HP,diesel,Card,delhi,2026,1,15,3,0,0,1208.6833333333334,1208.6833333333334,1213.0729
2026-01-15,HP,diesel,Card,mumbai,2026,1,15,3,0,0,1786.7369999999999,1786.7369999999999,1745.4866
2026-01-15,HP,diesel,Card,pune,2026,1,15,3,0,0,1597.4957142857143,1597.4957142857143,1646.788
2026-01-15,HP,diesel,Cash,bangalore,2026,1,15,3,0,0,2432.7725,2432.7725,2317.758
2026-01-15,HP,diesel,Cash,chennai,2026,1,15,3,0,0,1879.03,1879.03,1929.9039
2026-01-15,HP,diesel,Cash,delhi,2026,1,15,3,0,0,1638.6328571428571,1638.6328571428571,1819.023
2026-01-15,HP,diesel,Cash,mumbai,2026,1,15,3,0,0,3764.63,1707.6585714285716,3668.553
2026-01-15,HP,diesel,Cash,pune,2026,1,15,3,0,0,2379.6408333333334,2379.6408333333334,2085.477
2026-01-15,HP,diesel,UPI,bangalore,2026,1,15,3,0,0,1802.21625,1802.21625,1961.1143
2026-01-15,HP,diesel,UPI,chennai,2026,1,15,3,0,0,2105.03125,2105.03125,1990.0933
2026-01-15,HP,diesel,UPI,delhi,2026,1,15,3,0,0,1426.8066666666666,1426.8066666666666,1718.4946
2026-01-15,HP,diesel,UPI,mumbai,2026,1,15,3,0,0,2395.915,2395.915,2313.572
2026-01-15,HP,diesel,UPI,pune,2026,1,15,3,0,0,2342.6475,2342.6475,2121.0603
2026-01-15,HP,petrol,Card,bangalore,2026,1,15,3,0,0,1726.2966666666669,1726.2966666666669,1866.6959
2026-01-15,HP,petrol,Card,chennai,2026,1,15,3,0,0,2772.457,2772.457,3247.1523
2026-01-15,HP,petrol,Card,delhi,2026,1,15,3,0,0,1653.8880000000001,1653.8880000000001,1722.9241
2026-01-15,HP,petrol,Card,mumbai,2026,1,15,3,0,0,2676.4533333333334,2676.4533333333334,3412.523
2026-01-15,HP,petrol,Card,pune,2026,1,15,3,0,0,2386.945,2386.945,2017.4753
2026-01-15,HP,petrol,Cash,bangalore,2026,1,15,3,0,0,2466.4616666666666,2466.4616666666666,2255.1895
2026-01-15,HP,petrol,Cash,chennai,2026,1,15,3,0,0,2243.4049999999997,2243.4049999999997,2090.6978
2026-01-15,HP,petrol,Cash,delhi,2026,1,15,3,0,0,2151.3700000000003,2151.3700000000003,1978.0121
2026-01-15,HP,petrol,Cash,mumbai,2026,1,15,3,0,0,1801.3799999999999,1801.3799999999999,1827.3038
2026-01-15,HP,petrol,Cash,pune,2026,1,15,3,0,0,1396.2544444444443,1396.2544444444443,1397.7523
2026-01-15,HP,petrol,UPI,bangalore,2026,1,15,3,0,0,1942.2,1942.2,2005.1975
2026-01-15,HP,petrol,UPI,chennai,2026,1,15,3,0,0,1994.8986666666667,1994.8986666666667,1857.063
2026-01-15,HP,petrol,UPI,delhi,2026,1,15,3,0,0,3968.37,1918.9264285714287,4143.2793
2026-01-15,HP,petrol,UPI,mumbai,2026,1,15,3,0,0,2812.19,2812.19,3158.6162
2026-01-15,HP,petrol,UPI,pune,2026,1,15,3,0,0,1987.6850000000002,1987.6850000000002,1792.7493
2026-01-15,HP,power petrol,Card,bangalore,2026,1,15,3,0,0,3296.3419999999996,3296.3419999999996,4036.0808
2026-01-15,HP,power petrol,Card,chennai,2026,1,15,3,0,0,3017.558333333333,3017.558333333333,4016.1458
2026-01-15,HP,power petrol,Card,delhi,2026,1,15,3,0,0,1895.62375,1895.62375,2185.4412
2026-01-15,HP,power petrol,Card,mumbai,2026,1,15,3,0,0,2562.9829999999997,2562.9829999999997,3341.6296
2026-01-15,HP,power petrol,Card,pune,2026,1,15,3,0,0,1996.61,1996.61,1863.7968
2026-01-15,HP,power petrol,Cash,bangalore,2026,1,15,3,0,0,0.0,,712.007
2026-01-15,HP,power petrol,Cash,chennai,2026,1,15,3,0,0,1808.9650000000001,1808.9650000000001,1743.4404
2026-01-15,HP,power petrol,Cash,delhi,2026,1,15,3,0,0,2445.5171428571425,2445.5171428571425,2577.7107
2026-01-15,HP,power petrol,Cash,mumbai,2026,1,15,3,0,0,2096.4666666666667,2096.4666666666667,2019.3567
2026-01-15,HP,power petrol,Cash,pune,2026,1,15,3,0,0,2382.055,2382.055,2097.6633
2026-01-15,HP,power petrol,UPI,bangalore,2026,1,15,3,0,0,1548.9699999999998,1548.9699999999998,1884.3993
2026-01-15,HP,power petrol,UPI,chennai,2026,1,15,3,0,0,3449.875,3449.875,4051.7588
2026-01-15,HP,power petrol,UPI,delhi,2026,1,15,3,0,0,1322.702,1322.702,1797.3093
2026-01-15,HP,power petrol,UPI,mumbai,2026,1,15,3,0,0,1848.05,1848.05,2046.8728
2026-01-15,HP,power petrol,UPI,pune,2026,1,15,3,0,0,2527.307777777778,2527.307777777778,3220.3599
2026-01-15,IOCL,diesel,Card,bangalore,2026,1,15,3,0,0,4194.373333333334,4194.373333333334,4026.1655
2026-01-15,IOCL,diesel,Card,chennai,2026,1,15,3,0,0,1461.5025,1461.5025,1759.2162
2026-01-15,IOCL,diesel,Card,delhi,2026,1,15,3,0,0,1884.988,1884.988,2043.3854
2026-01-15,IOCL,diesel,Card,mumbai,2026,1,15,3,0,0,1978.7118181818184,1978.7118181818184,1895.3447
2026-01-15,IOCL,diesel,Card,pune,2026,1,15,3,0,0,1934.158888888889,1934.158888888889,1791.161
2026-01-15,IOCL,diesel,Cash,bangalore,2026,1,15,3,0,0,1159.5700000000002,1159.5700000000002,1257.8501
2026-01-15,IOCL,diesel,Cash,chennai,2026,1,15,3,0,0,948.3340000000001,948.3340000000001,1223.5558
2026-01-15,IOCL,diesel,Cash,delhi,2026,1,15,3,0,0,1955.898,1955.898,2013.2437
2026-01-15,IOCL,diesel,Cash,mumbai,2026,1,15,3,0,0,1874.8266666666666,1874.8266666666666,1880.1324
2026-01-15,IOCL,diesel,Cash,pune,2026,1,15,3,0,0,1985.75,1985.75,1724.383
2026-01-15,IOCL,diesel,UPI,bangalore,2026,1,15,3,0,0,1737.5199999999998,1737.5199999999998,1954.9148
2026-01-15,IOCL,diesel,UPI,chennai,2026,1,15,3,0,0,1916.011,1916.011,1909.046
2026-01-15,IOCL,diesel,UPI,delhi,2026,1,15,3,0,0,2074.5945454545454,2074.5945454545454,2053.915
2026-01-15,IOCL,diesel,UPI,mumbai,2026,1,15,3,0,0,1915.90125,1915.90125,1929.3182
2026-01-15,IOCL,diesel,UPI,pune,2026,1,15,3,0,0,1043.585,1043.585,1159.2048
2026-01-15,IOCL,petrol,Card,bangalore,2026,1,15,3,0,0,1443.8766666666668,1443.8766666666668,1594.7487
2026-01-15,IOCL,petrol,Card,chennai,2026,1,15,3,0,0,2473.17875,2473.17875,1903.8376
2026-01-15,IOCL,petrol,Card,delhi,2026,1,15,3,0,0,2645.5636363636363,2645.5636363636363,3786.2717
2026-01-15,IOCL,petrol,Card,mumbai,2026,1,15,3,0,0,1198.185714285714,1198.185714285714,1178.7554
2026-01-15,IOCL,petrol,Card,pune,2026,1,15,3,0,0,2556.2799999999997,2556.2799999999997,3230.8125
2026-01-15,IOCL,petrol,Cash,bangalore,2026,1,15,3,0,0,2577.71,2577.71,3489.5273
2026-01-15,IOCL,petrol,Cash,chennai,2026,1,15,3,0,0,1951.1850000000002,1951.1850000000002,1663.8723
2026-01-15,IOCL,petrol,Cash,delhi,2026,1,15,3,0,0,2340.834,2340.834,2224.3274
2026-01-15,IOCL,petrol,Cash,mumbai,2026,1,15,3,0,0,2457.228888888889,2457.228888888889,2116.3801
2026-01-15,IOCL,petrol,Cash,pune,2026,1,15,3,0,0,2498.4,2498.4,1958.385
2026-01-15,IOCL,petrol,UPI,bangalore,2026,1,15,3,0,0,2599.9266666666667,2599.9266666666667,3520.676
2026-01-15,IOCL,petrol,UPI,chennai,2026,1,15,3,0,0,1855.25,1855.25,1661.9081
2026-01-15,IOCL,petrol,UPI,delhi,2026,1,15,3,0,0,2062.8875,2062.8875,1841.3464
2026-01-15,IOCL,petrol,UPI,mumbai,2026,1,15,3,0,0,1764.125,1764.125,1722.5557
2026-01-15,IOCL,petrol,UPI,pune,2026,1,15,3,0,0,2083.22,2083.22,1619.9753
2026-01-15,IOCL,power petrol,Card,bangalore,2026,1,15,3,0,0,2473.382857142857,2473.382857142857,2223.7444
2026-01-15,IOCL,power petrol,Card,chennai,2026,1,15,3,0,0,849.68,2190.233333333333,847.0584
2026-01-15,IOCL,power petrol,Card,delhi,2026,1,15,3,0,0,1863.5766666666666,1863.5766666666666,2081.844
2026-01-15,IOCL,power petrol,Card,mumbai,2026,1,15,3,0,0,2355.5714285714284,2355.5714285714284,2067.8015
2026-01-15,IOCL,power petrol,Card,pune,2026,1,15,3,0,0,2648.766153846154,2648.766153846154,3253.052
2026-01-15,IOCL,power petrol,Cash,bangalore,2026,1,15,3,0,0,1865.993333333333,1865.993333333333,1923.2922
2026-01-15,IOCL,power petrol,Cash,chennai,2026,1,15,3,0,0,1671.87375,1671.87375,1628.3146
2026-01-15,IOCL,power petrol,Cash,delhi,2026,1,15,3,0,0,2514.805,2514.805,3923.3652
2026-01-15,IOCL,power petrol,Cash,mumbai,2026,1,15,3,0,0,2150.042857142857,2150.042857142857,1823.3981
2026-01-15,IOCL,power petrol,Cash,pune,2026,1,15,3,0,0,1223.01,2724.98,1151.8019
2026-01-15,IOCL,power petrol,UPI,bangalore,2026,1,15,3,0,0,2309.24,2309.24,2188.2656
2026-01-15,IOCL,power petrol,UPI,chennai,2026,1,15,3,0,0,2456.991666666667,2456.991666666667,1986.7462
2026-01-15,IOCL,power petrol,UPI,delhi,2026,1,15,3,0,0,2472.733846153846,2472.733846153846,2429.2834
2026-01-15,IOCL,power petrol,UPI,mumbai,2026,1,15,3,0,0,2099.7028571428573,2099.7028571428573,1845.3097
2026-01-15,IOCL,power petrol,UPI,pune,2026,1,15,3,0,0,2106.649,2106.649,1689.9703
2026-01-16,BPCL,diesel,Card,bangalore,2026,1,16,4,0,0,993.4040000000001,993.4040000000001,1100.9736
2026-01-16,BPCL,diesel,Card,chennai,2026,1,16,4,0,0,2301.473,2301.473,1490.3346
2026-01-16,BPCL,diesel,Card,delhi,2026,1,16,4,0,0,2874.375,2874.375,3844.8757
2026-01-16,BPCL,diesel,Card,mumbai,2026,1,16,4,0,0,1289.77,1289.77,1399.1895
2026-01-16,BPCL,diesel,Card,pune,2026,1,16,4,0,0,1298.9855555555555,1298.9855555555555,1374.1718
2026-01-16,BPCL,diesel,Cash,bangalore,2026,1,16,4,0,0,1852.3433333333335,1852.3433333333335,1639.3062
2026-01-16,BPCL,diesel,Cash,chennai,2026,1,16,4,0,0,2704.081111111111,2704.081111111111,2865.3245
2026-01-16,BPCL,diesel,Cash,delhi,2026,1,16,4,0,0,2138.9655555555555,2138.9655555555555,1631.2377
2026-01-16,BPCL,diesel,Cash,mumbai,2026,1,16,4,0,0,1864.2336363636364,1864.2336363636364,1561.4644
2026-01-16,BPCL,diesel,Cash,pune,2026,1,16,4,0,0,1948.3183333333334,1948.3183333333334,1404.3859
2026-01-16,BPCL,diesel,UPI,bangalore,2026,1,16,4,0,0,2066.0075,2066.0075,1567.7678
2026-01-16,BPCL,diesel,UPI,chennai,2026,1,16,4,0,0,1813.2723076923078,1813.2723076923078,1347.9597
2026-01-16,BPCL,diesel,UPI,delhi,2026,1,16,4,0,0,1679.2490909090907,1679.2490909090907,1578.8483
2026-01-16,BPCL,diesel,UPI,mumbai,2026,1,16,4,0,0,1948.2766666666669,1948.2766666666669,1501.8171
2026-01-16,BPCL,diesel,UPI,pune,2026,1,16,4,0,0,1330.9773333333333,1330.9773333333333,1393.3966
2026-01-16,BPCL,petrol,Card,bangalore,2026,1,16,4,0,0,3095.5171428571425,3095.5171428571425,4051.5474
2026-01-16,BPCL,petrol,Card,chennai,2026,1,16,4,0,0,2214.8877777777775,2214.8877777777775,1462.9302
2026-01-16,BPCL,petrol,Card,delhi,2026,1,16,4,0,0,2320.816875,2320.816875,1895.3679
2026-01-16,BPCL,petrol,Card,mumbai,2026,1,16,4,0,0,1882.6116666666667,1882.6116666666667,1593.2719
2026-01-16,BPCL,petrol,Card,pune,2026,1,16,4,0,0,2420.381,2420.381,1510.6195
2026-01-16,BPCL,petrol,Cash,bangalore,2026,1,16,4,0,0,2466.1639999999998,2466.1639999999998,1700.193
2026-01-16,BPCL,petrol,Cash,chennai,2026,1,16,4,0,0,2086.0437500000003,2086.0437500000003,1374.4474
2026-01-16,BPCL,petrol,Cash,delhi,2026,1,16,4,0,0,1866.4633333333331,1866.4633333333331,1699.6155
2026-01-16,BPCL,petrol,Cash,mumbai,2026,1,16,4,0,0,1797.44125,1797.44125,1583.7389
2026-01-16,BPCL,petrol,Cash,pune,2026,1,16,4,0,0,2223.7366666666667,2223.7366666666667,1478.453
2026-01-16,BPCL,petrol,UPI,bangalore,2026,1,16,4,0,0,2505.5628571428574,2505.5628571428574,1631.6476
2026-01-16,BPCL,petrol,UPI,chennai,2026,1,16,4,0,0,1973.3138461538463,1973.3138461538463,1317.3877
2026-01-16,BPCL,petrol,UPI,delhi,2026,1,16,4,0,0,2617.1457142857143,2617.1457142857143,3663.0193
2026-01-16,BPCL,petrol,UPI,mumbai,2026,1,16,4,0,0,2047.079090909091,2047.079090909091,1593.5635
2026-01-16,BPCL,petrol,UPI,pune,2026,1,16,4,0,0,1997.163,1997.163,1373.2516
2026-01-16,BPCL,power petrol,Card,bangalore,2026,1,16,4,0,0,2145.02,2145.02,1671.6869
2026-01-16,BPCL,power petrol,Card,chennai,2026,1,16,4,0,0,2133.150909090909,2133.150909090909,1373.4012
2026-01-16,BPCL,power petrol,Card,delhi,2026,1,16,4,0,0,2168.163333333333,2168.163333333333,1850.6814
2026-01-16,BPCL,power petrol,Card,mumbai,2026,1,16,4,0,0,1784.5966666666668,1784.5966666666668,1455.1362
2026-01-16,BPCL,power petrol,Card,pune,2026,1,16,4,0,0,2765.4100000000003,2765.4100000000003,2805.6187
2026-01-16,BPCL,power petrol,Cash,bangalore,2026,1,16,4,0,0,3476.37,3476.37,4015.3333
2026-01-16,BPCL,power petrol,Cash,chennai,2026,1,16,4,0,0,2002.8188888888888,2002.8188888888888,1371.8164
2026-01-16,BPCL,power petrol,Cash,delhi,2026,1,16,4,0,0,2305.334,2305.334,2003.7914
2026-01-16,BPCL,power petrol,Cash,mumbai,2026,1,16,4,0,0,2318.9137499999997,2318.9137499999997,1645.8677
2026-01-16,BPCL,power petrol,Cash,pune,2026,1,16,4,0,0,2600.3742857142856,2600.3742857142856,2963.3333
2026-01-16,BPCL,power petrol,UPI,bangalore,2026,1,16,4,0,0,2434.395,2434.395,1691.4001
2026-01-16,BPCL,power petrol,UPI,chennai,2026,1,16,4,0,0,2866.3214285714284,2866.3214285714284,3828.2363
2026-01-16,BPCL,power petrol,UPI,delhi,2026,1,16,4,0,0,2315.961111111111,2315.961111111111,1938.1492
2026-01-16,BPCL,power petrol,UPI,mumbai,2026,1,16,4,0,0,1974.024,1974.024,1525.3411
2026-01-16,BPCL,power petrol,UPI,pune,2026,1,16,4,0,0,1944.9627272727273,1944.9627272727273,1445.9445
2026-01-16,HP,diesel,Card,bangalore,2026,1,16,4,0,0,2871.181666666667,2871.181666666667,3747.6804
2026-01-16,HP,diesel,Card,chennai,2026,1,16,4,0,0,1960.89125,1960.89125,1972.2072
2026-01-16,HP,diesel,Card,delhi,2026,1,16,4,0,0,1208.6833333333334,1208.6833333333334,1215.3442
2026-01-16,HP,diesel,Card,mumbai,2026,1,16,4,0,0,1786.7369999999999,1786.7369999999999,1781.0316
2026-01-16,HP,diesel,Card,pune,2026,1,16,4,0,0,1597.4957142857143,1597.4957142857143,1668.9398
2026-01-16,HP,diesel,Cash,bangalore,2026,1,16,4,0,0,2432.7725,2432.7725,2320.0593
2026-01-16,HP,diesel,Cash,chennai,2026,1,16,4,0,0,1879.03,1879.03,1936.5599
2026-01-16,HP,diesel,Cash,delhi,2026,1,16,4,0,0,1638.6328571428571,1638.6328571428571,1797.9022
2026-01-16,HP,diesel,Cash,mumbai,2026,1,16,4,0,0,1707.6585714285716,1707.6585714285716,1827.2485
2026-01-16,HP,diesel,Cash,pune,2026,1,16,4,0,0,2379.6408333333334,2379.6408333333334,2088.048
2026-01-16,HP,diesel,UPI,bangalore,2026,1,16,4,0,0,1802.21625,1802.21625,1977.6267
2026-01-16,HP,diesel,UPI,chennai,2026,1,16,4,0,0,2105.03125,2105.03125,1990.157
2026-01-16,HP,diesel,UPI,delhi,2026,1,16,4,0,0,1426.8066666666666,1426.8066666666666,1713.2153
2026-01-16,HP,diesel,UPI,mumbai,2026,1,16,4,0,0,2395.915,2395.915,2337.7756
2026-01-16,HP,diesel,UPI,pune,2026,1,16,4,0,0,2342.6475,2342.6475,2154.7268
2026-01-16,HP,petrol,Card,bangalore,2026,1,16,4,0,0,1726.2966666666669,1726.2966666666669,1902.8313
2026-01-16,HP,petrol,Card,chennai,2026,1,16,4,0,0,2772.457,2772.457,3279.9065
2026-01-16,HP,petrol,Card,delhi,2026,1,16,4,0,0,1653.8880000000001,1653.8880000000001,1742.1426
2026-01-16,HP,petrol,Card,mumbai,2026,1,16,4,0,0,2676.4533333333334,2676.4533333333334,3482.0957
2026-01-16,HP,petrol,Card,pune,2026,1,16,4,0,0,2386.945,2386.945,2075.558
2026-01-16,HP,petrol,Cash,bangalore,2026,1,16,4,0,0,2466.4616666666666,2466.4616666666666,2272.9846
2026-01-16,HP,petrol,Cash,chennai,2026,1,16,4,0,0,2243.4049999999997,2243.4049999999997,2110.1924
2026-01-16,HP,petrol,Cash,delhi,2026,1,16,4,0,0,2151.3700000000003,2151.3700000000003,1984.3663
2026-01-16,HP,petrol,Cash,mumbai,2026,1,16,4,0,0,1801.3799999999999,1801.3799999999999,1836.9346
2026-01-16,HP,petrol,Cash,pune,2026,1,16,4,0,0,1396.2544444444443,1396.2544444444443,1418.1627
2026-01-16,HP,petrol,UPI,bangalore,2026,1,16,4,0,0,1942.2,1942.2,2046.8157
2026-01-16,HP,petrol,UPI,chennai,2026,1,16,4,0,0,1994.8986666666667,1994.8986666666667,1878.3447
2026-01-16,HP,petrol,UPI,delhi,2026,1,16,4,0,0,1918.9264285714287,1918.9264285714287,1921.0417
2026-01-16,HP,petrol,UPI,mumbai,2026,1,16,4,0,0,2812.19,2812.19,3203.5322
2026-01-16,HP,petrol,UPI,pune,2026,1,16,4,0,0,1987.6850000000002,1987.6850000000002,1839.0784
2026-01-16,HP,power petrol,Card,bangalore,2026,1,16,4,0,0,3296.3419999999996,3296.3419999999996,4062.209
2026-01-16,HP,power petrol,Card,chennai,2026,1,16,4,0,0,3017.558333333333,3017.558333333333,4020.2705
2026-01-16,HP,power petrol,Card,delhi,2026,1,16,4,0,0,1895.62375,1895.62375,2182.3618
2026-01-16,HP,power petrol,Card,mumbai,2026,1,16,4,0,0,2562.9829999999997,2562.9829999999997,3385.0828
2026-01-16,HP,power petrol,Card,pune,2026,1,16,4,0,0,1996.61,1996.61,1889.2212
2026-01-16,HP,power petrol,Cash,bangalore,2026,1,16,4,0,0,0.0,,713.971
2026-01-16,HP,power petrol,Cash,chennai,2026,1,16,4,0,0,1808.9650000000001,1808.9650000000001,1734.1128
2026-01-16,HP,power petrol,Cash,delhi,2026,1,16,4,0,0,2445.5171428571425,2445.5171428571425,2545.8235
2026-01-16,HP,power petrol,Cash,mumbai,2026,1,16,4,0,0,2096.4666666666667,2096.4666666666667,2008.7716
2026-01-16,HP,power petrol,Cash,pune,2026,1,16,4,0,0,2382.055,2382.055,2094.0178
2026-01-16,HP,power petrol,UPI,bangalore,2026,1,16,4,0,0,1548.9699999999998,1548.9699999999998,1891.3677
2026-01-16,HP,power petrol,UPI,chennai,2026,1,16,4,0,0,3449.875,3449.875,4052.0178
2026-01-16,HP,power petrol,UPI,delhi,2026,1,16,4,0,0,1322.702,1322.702,1779.968
2026-01-16,HP,power petrol,UPI,mumbai,2026,1,16,4,0,0,1848.05,1848.05,2060.599
2026-01-16,HP,power petrol,UPI,pune,2026,1,16,4,0,0,2527.307777777778,2527.307777777778,3263.3936
2026-01-16,IOCL,diesel,Card,bangalore,2026,1,16,4,0,0,4194.373333333334,4194.373333333334,4065.5833
2026-01-16,IOCL,diesel,Card,chennai,2026,1,16,4,0,0,1461.5025,1461.5025,1762.0148
2026-01-16,IOCL,diesel,Card,delhi,2026,1,16,4,0,0,1884.988,1884.988,2149.5881
2026-01-16,IOCL,diesel,Card,mumbai,2026,1,16,4,0,0,1978.7118181818184,1978.7118181818184,1942.3391
2026-01-16,IOCL,diesel,Card,pune,2026,1,16,4,0,0,1934.158888888889,1934.158888888889,1827.1937
2026-01-16,IOCL,diesel,Cash,bangalore,2026,1,16,4,0,0,1159.5700000000002,1159.5700000000002,1269.1184
2026-01-16,IOCL,diesel,Cash,chennai,2026,1,16,4,0,0,948.3340000000001,948.3340000000001,1226.9452
2026-01-16,IOCL,diesel,Cash,delhi,2026,1,16,4,0,0,1955.898,1955.898,2099.3875
2026-01-16,IOCL,diesel,Cash,mumbai,2026,1,16,4,0,0,1874.8266666666666,1874.8266666666666,1885.2106
2026-01-16,IOCL,diesel,Cash,pune,2026,1,16,4,0,0,1985.75,1985.75,1740.3074
2026-01-16,IOCL,diesel,UPI,bangalore,2026,1,16,4,0,0,1737.5199999999998,1737.5199999999998,1979.6113
2026-01-16,IOCL,diesel,UPI,chennai,2026,1,16,4,0,0,1916.011,1916.011,1915.7406
2026-01-16,IOCL,diesel,UPI,delhi,2026,1,16,4,0,0,2074.5945454545454,2074.5945454545454,2157.2883
2026-01-16,IOCL,diesel,UPI,mumbai,2026,1,16,4,0,0,1915.90125,1915.90125,1960.1556
2026-01-16,IOCL,diesel,UPI,pune,2026,1,16,4,0,0,1043.585,1043.585,1187.5186
2026-01-16,IOCL,petrol,Card,bangalore,2026,1,16,4,0,0,1443.8766666666668,1443.8766666666668,1634.4427
2026-01-16,IOCL,petrol,Card,chennai,2026,1,16,4,0,0,2473.17875,2473.17875,1939.124
2026-01-16,IOCL,petrol,Card,delhi,2026,1,16,4,0,0,2645.5636363636363,2645.5636363636363,3928.7903
2026-01-16,IOCL,petrol,Card,mumbai,2026,1,16,4,0,0,1198.185714285714,1198.185714285714,1234.8594
2026-01-16,IOCL,petrol,Card,pune,2026,1,16,4,0,0,2556.2799999999997,2556.2799999999997,3304.029
2026-01-16,IOCL,petrol,Cash,bangalore,2026,1,16,4,0,0,2577.71,2577.71,3522.181
2026-01-16,IOCL,petrol,Cash,chennai,2026,1,16,4,0,0,1951.1850000000002,1951.1850000000002,1692.6228
2026-01-16,IOCL,petrol,Cash,delhi,2026,1,16,4,0,0,2340.834,2340.834,2319.7358
2026-01-16,IOCL,petrol,Cash,mumbai,2026,1,16,4,0,0,2457.228888888889,2457.228888888889,2134.5046
2026-01-16,IOCL,petrol,Cash,pune,2026,1,16,4,0,0,2498.4,2498.4,1983.5977
2026-01-16,IOCL,petrol,UPI,bangalore,2026,1,16,4,0,0,2599.9266666666667,2599.9266666666667,3590.3486
2026-01-16,IOCL,petrol,UPI,chennai,2026,1,16,4,0,0,1855.25,1855.25,1685.2736
2026-01-16,IOCL,petrol,UPI,delhi,2026,1,16,4,0,0,2062.8875,2062.8875,1962.0813
2026-01-16,IOCL,petrol,UPI,mumbai,2026,1,16,4,0,0,1764.125,1764.125,1762.8174
2026-01-16,IOCL,petrol,UPI,pune,2026,1,16,4,0,0,2083.22,2083.22,1669.926
2026-01-16,IOCL,power petrol,Card,bangalore,2026,1,16,4,0,0,2473.382857142857,2473.382857142857,2254.779
2026-01-16,IOCL,power petrol,Card,chennai,2026,1,16,4,0,0,2190.233333333333,2190.233333333333,2013.3147
2026-01-16,IOCL,power petrol,Card,delhi,2026,1,16,4,0,0,1863.5766666666666,1863.5766666666666,2171.2964
2026-01-16,IOCL,power petrol,Card,mumbai,2026,1,16,4,0,0,2355.5714285714284,2355.5714285714284,2099.5132
2026-01-16,IOCL,power petrol,Card,pune,2026,1,16,4,0,0,2648.766153846154,2648.766153846154,3297.6467
2026-01-16,IOCL,power petrol,Cash,bangalore,2026,1,16,4,0,0,1865.993333333333,1865.993333333333,1922.8269
2026-01-16,IOCL,power petrol,Cash,chennai,2026,1,16,4,0,0,1671.87375,1671.87375,1619.0018
2026-01-16,IOCL,power petrol,Cash,delhi,2026,1,16,4,0,0,2514.805,2514.805,4000.6538
2026-01-16,IOCL,power petrol,Cash,mumbai,2026,1,16,4,0,0,2150.042857142857,2150.042857142857,1813.8632
2026-01-16,IOCL,power petrol,Cash,pune,2026,1,16,4,0,0,2724.98,2724.98,2937.3386
2026-01-16,IOCL,power petrol,UPI,bangalore,2026,1,16,4,0,0,2309.24,2309.24,2214.6838
2026-01-16,IOCL,power petrol,UPI,chennai,2026,1,16,4,0,0,2456.991666666667,2456.991666666667,1988.3846
2026-01-16,IOCL,power petrol,UPI,delhi,2026,1,16,4,0,0,2472.733846153846,2472.733846153846,2523.5537
2026-01-16,IOCL,power petrol,UPI,mumbai,2026,1,16,4,0,0,2099.7028571428573,2099.7028571428573,1861.9755
2026-01-16,IOCL,power petrol,UPI,pune,2026,1,16,4,0,0,2106.649,2106.649,1711.0236
2026-01-17,BPCL,diesel,Card,bangalore,2026,1,17,5,1,0,993.4040000000001,993.4040000000001,994.8711
2026-01-17,BPCL,diesel,Card,chennai,2026,1,17,5,1,0,2301.473,2301.473,1415.4546
2026-01-17,BPCL,diesel,Card,delhi,2026,1,17,5,1,0,2874.375,2874.375,3658.6016
2026-01-17,BPCL,diesel,Card,mumbai,2026,1,17,5,1,0,1289.77,1289.77,1274.0994
2026-01-17,BPCL,diesel,Card,pune,2026,1,17,5,1,0,1298.9855555555555,1298.9855555555555,1287.6682
2026-01-17,BPCL,diesel,Cash,bangalore,2026,1,17,5,1,0,1852.3433333333335,1852.3433333333335,1551.0681
2026-01-17,BPCL,diesel,Cash,chennai,2026,1,17,5,1,0,2704.081111111111,2704.081111111111,2738.0906
2026-01-17,BPCL,diesel,Cash,delhi,2026,1,17,5,1,0,2138.9655555555555,2138.9655555555555,1520.2965
2026-01-17,BPCL,diesel,Cash,mumbai,2026,1,17,5,1,0,1864.2336363636364,1864.2336363636364,1398.6978
2026-01-17,BPCL,diesel,Cash,pune,2026,1,17,5,1,0,1948.3183333333334,1948.3183333333334,1335.2051
2026-01-17,BPCL,diesel,UPI,bangalore,2026,1,17,5,1,0,2066.0075,2066.0075,1446.7273
2026-01-17,BPCL,diesel,UPI,chennai,2026,1,17,5,1,0,800.13,1813.2723076923078,803.8812
2026-01-17,BPCL,diesel,UPI,delhi,2026,1,17,5,1,0,1679.2490909090907,1679.2490909090907,1447.8513
2026-01-17,BPCL,diesel,UPI,mumbai,2026,1,17,5,1,0,1948.2766666666669,1948.2766666666669,1295.0118
2026-01-17,BPCL,diesel,UPI,pune,2026,1,17,5,1,0,1330.9773333333333,1330.9773333333333,1294.7905
2026-01-17,BPCL,petrol,Card,bangalore,2026,1,17,5,1,0,3095.5171428571425,3095.5171428571425,3923.7793
2026-01-17,BPCL,petrol,Card,chennai,2026,1,17,5,1,0,2214.8877777777775,2214.8877777777775,1435.9077
2026-01-17,BPCL,petrol,Card,delhi,2026,1,17,5,1,0,2320.816875,2320.816875,1798.8198
2026-01-17,BPCL,petrol,Card,mumbai,2026,1,17,5,1,0,1882.6116666666667,1882.6116666666667,1503.9742
2026-01-17,BPCL,petrol,Card,pune,2026,1,17,5,1,0,2420.381,2420.381,1440.0304
2026-01-17,BPCL,petrol,Cash,bangalore,2026,1,17,5,1,0,2466.1639999999998,2466.1639999999998,1652.5238
2026-01-17,BPCL,petrol,Cash,chennai,2026,1,17,5,1,0,2086.0437500000003,2086.0437500000003,1343.9706
2026-01-17,BPCL,petrol,Cash,delhi,2026,1,17,5,1,0,1866.4633333333331,1866.4633333333331,1622.8945
2026-01-17,BPCL,petrol,Cash,mumbai,2026,1,17,5,1,0,1797.44125,1797.44125,1462.0327
2026-01-17,BPCL,petrol,Cash,pune,2026,1,17,5,1,0,2223.7366666666667,2223.7366666666667,1424.838
2026-01-17,BPCL,petrol,UPI,bangalore,2026,1,17,5,1,0,2505.5628571428574,2505.5628571428574,1557.2966
2026-01-17,BPCL,petrol,UPI,chennai,2026,1,17,5,1,0,1973.3138461538463,1973.3138461538463,1284.6978
2026-01-17,BPCL,petrol,UPI,delhi,2026,1,17,5,1,0,2617.1457142857143,2617.1457142857143,3517.2217
2026-01-17,BPCL,petrol,UPI,mumbai,2026,1,17,5,1,0,2047.079090909091,2047.079090909091,1431.0327
2026-01-17,BPCL,petrol,UPI,pune,2026,1,17,5,1,0,1997.163,1997.163,1293.1844
2026-01-17,BPCL,power petrol,Card,bangalore,2026,1,17,5,1,0,2145.02,2145.02,1613.2838
2026-01-17,BPCL,power petrol,Card,chennai,2026,1,17,5,1,0,2133.150909090909,2133.150909090909,1352.3239
2026-01-17,BPCL,power petrol,Card,delhi,2026,1,17,5,1,0,2168.163333333333,2168.163333333333,1764.9255
2026-01-17,BPCL,power petrol,Card,mumbai,2026,1,17,5,1,0,1784.5966666666668,1784.5966666666668,1383.4049
2026-01-17,BPCL,power petrol,Card,pune,2026,1,17,5,1,0,2765.4100000000003,2765.4100000000003,2712.0613
2026-01-17,BPCL,power petrol,Cash,bangalore,2026,1,17,5,1,0,3476.37,3476.37,3921.344
2026-01-17,BPCL,power petrol,Cash,chennai,2026,1,17,5,1,0,2002.8188888888888,2002.8188888888888,1343.508
2026-01-17,BPCL,power petrol,Cash,delhi,2026,1,17,5,1,0,2305.334,2305.334,1935.2028
2026-01-17,BPCL,power petrol,Cash,mumbai,2026,1,17,5,1,0,2318.9137499999997,2318.9137499999997,1528.0671
2026-01-17,BPCL,power petrol,Cash,pune,2026,1,17,5,1,0,1313.27,2600.3742857142856,1303.6254
2026-01-17,BPCL,power petrol,UPI,bangalore,2026,1,17,5,1,0,2434.395,2434.395,1622.4078
2026-01-17,BPCL,power petrol,UPI,chennai,2026,1,17,5,1,0,2866.3214285714284,2866.3214285714284,3746.7434
2026-01-17,BPCL,power petrol,UPI,delhi,2026,1,17,5,1,0,2315.961111111111,2315.961111111111,1845.0876
2026-01-17,BPCL,power petrol,UPI,mumbai,2026,1,17,5,1,0,1974.024,1974.024,1370.4698
2026-01-17,BPCL,power petrol,UPI,pune,2026,1,17,5,1,0,1944.9627272727273,1944.9627272727273,1375.4938
2026-01-17,HP,diesel,Card,bangalore,2026,1,17,5,1,0,2871.181666666667,2871.181666666667,3586.3418
2026-01-17,HP,diesel,Card,chennai,2026,1,17,5,1,0,1960.89125,1960.89125,1865.2986
2026-01-17,HP,diesel,Card,delhi,2026,1,17,5,1,0,1051.2,1208.6833333333334,998.9783
2026-01-17,HP,diesel,Card,mumbai,2026,1,17,5,1,0,1786.7369999999999,1786.7369999999999,1640.2095
2026-01-17,HP,diesel,Card,pune,2026,1,17,5,1,0,1597.4957142857143,1597.4957142857143,1571.1573
2026-01-17,HP,diesel,Cash,bangalore,2026,1,17,5,1,0,2432.7725,2432.7725,2218.2349
2026-01-17,HP,diesel,Cash,chennai,2026,1,17,5,1,0,1879.03,1879.03,1822.6879
2026-01-17,HP,diesel,Cash,delhi,2026,1,17,5,1,0,1638.6328571428571,1638.6328571428571,1685.0422
2026-01-17,HP,diesel,Cash,mumbai,2026,1,17,5,1,0,1707.6585714285716,1707.6585714285716,1646.1549
2026-01-17,HP,diesel,Cash,pune,2026,1,17,5,1,0,2379.6408333333334,2379.6408333333334,2005.0459
2026-01-17,HP,diesel,UPI,bangalore,2026,1,17,5,1,0,1802.21625,1802.21625,1822.3755
2026-01-17,HP,diesel,UPI,chennai,2026,1,17,5,1,0,2105.03125,2105.03125,1852.676
2026-01-17,HP,diesel,UPI,delhi,2026,1,17,5,1,0,1426.8066666666666,1426.8066666666666,1557.9487
2026-01-17,HP,diesel,UPI,mumbai,2026,1,17,5,1,0,2395.915,2395.915,2092.0334
2026-01-17,HP,diesel,UPI,pune,2026,1,17,5,1,0,2342.6475,2342.6475,2021.526
2026-01-17,HP,petrol,Card,bangalore,2026,1,17,5,1,0,1726.2966666666669,1726.2966666666669,1781.6721
2026-01-17,HP,petrol,Card,chennai,2026,1,17,5,1,0,2772.457,2772.457,3171.4023
2026-01-17,HP,petrol,Card,delhi,2026,1,17,5,1,0,1653.8880000000001,1653.8880000000001,1611.4606
2026-01-17,HP,petrol,Card,mumbai,2026,1,17,5,1,0,2676.4533333333334,2676.4533333333334,3307.7146
2026-01-17,HP,petrol,Card,pune,2026,1,17,5,1,0,2386.945,2386.945,1959.9277
2026-01-17,HP,petrol,Cash,bangalore,2026,1,17,5,1,0,2466.4616666666666,2466.4616666666666,2164.4705
2026-01-17,HP,petrol,Cash,chennai,2026,1,17,5,1,0,2243.4049999999997,2243.4049999999997,2018.4902
2026-01-17,HP,petrol,Cash,delhi,2026,1,17,5,1,0,2151.3700000000003,2151.3700000000003,1864.0002
2026-01-17,HP,petrol,Cash,mumbai,2026,1,17,5,1,0,1801.3799999999999,1801.3799999999999,1649.4143
2026-01-17,HP,petrol,Cash,pune,2026,1,17,5,1,0,1396.2544444444443,1396.2544444444443,1310.2106
2026-01-17,HP,petrol,UPI,bangalore,2026,1,17,5,1,0,1942.2,1942.2,1904.9507
2026-01-17,HP,petrol,UPI,chennai,2026,1,17,5,1,0,1994.8986666666667,1994.8986666666667,1783.7944
2026-01-17,HP,petrol,UPI,delhi,2026,1,17,5,1,0,1918.9264285714287,1918.9264285714287,1775.2266
2026-01-17,HP,petrol,UPI,mumbai,2026,1,17,5,1,0,2812.19,2812.19,2940.0308
2026-01-17,HP,petrol,UPI,pune,2026,1,17,5,1,0,1987.6850000000002,1987.6850000000002,1695.3112
2026-01-17,HP,power petrol,Card,bangalore,2026,1,17,5,1,0,3296.3419999999996,3296.3419999999996,3901.2395
2026-01-17,HP,power petrol,Card,chennai,2026,1,17,5,1,0,3017.558333333333,3017.558333333333,3897.3901
2026-01-17,HP,power petrol,Card,delhi,2026,1,17,5,1,0,1895.62375,1895.62375,2051.5452
2026-01-17,HP,power petrol,Card,mumbai,2026,1,17,5,1,0,2562.9829999999997,2562.9829999999997,3215.5293
2026-01-17,HP,power petrol,Card,pune,2026,1,17,5,1,0,1996.61,1996.61,1776.6663
2026-01-17,HP,power petrol,Cash,bangalore,2026,1,17,5,1,0,0.0,,605.8963
2026-01-17,HP,power petrol,Cash,chennai,2026,1,17,5,1,0,1808.9650000000001,1808.9650000000001,1635.9584
2026-01-17,HP,power petrol,Cash,delhi,2026,1,17,5,1,0,2445.5171428571425,2445.5171428571425,2423.768
2026-01-17,HP,power petrol,Cash,mumbai,2026,1,17,5,1,0,2096.4666666666667,2096.4666666666667,1820.5419
2026-01-17,HP,power petrol,Cash,pune,2026,1,17,5,1,0,2382.055,2382.055,1986.909
2026-01-17,HP,power petrol,UPI,bangalore,2026,1,17,5,1,0,1548.9699999999998,1548.9699999999998,1737.604
2026-01-17,HP,power petrol,UPI,chennai,2026,1,17,5,1,0,3449.875,3449.875,3896.3804
2026-01-17,HP,power petrol,UPI,delhi,2026,1,17,5,1,0,1322.702,1322.702,1620.4982
2026-01-17,HP,power petrol,UPI,mumbai,2026,1,17,5,1,0,1848.05,1848.05,1816.3008
2026-01-17,HP,power petrol,UPI,pune,2026,1,17,5,1,0,2527.307777777778,2527.307777777778,3089.5115
2026-01-17,IOCL,diesel,Card,bangalore,2026,1,17,5,1,0,4194.373333333334,4194.373333333334,3945.467
2026-01-17,IOCL,diesel,Card,chennai,2026,1,17,5,1,0,1461.5025,1461.5025,1674.0182
2026-01-17,IOCL,diesel,Card,delhi,2026,1,17,5,1,0,1884.988,1884.988,2046.618
2026-01-17,IOCL,diesel,Card,mumbai,2026,1,17,5,1,0,1978.7118181818184,1978.7118181818184,1825.2874
2026-01-17,IOCL,diesel,Card,pune,2026,1,17,5,1,0,1934.158888888889,1934.158888888889,1742.0905
2026-01-17,IOCL,diesel,Cash,bangalore,2026,1,17,5,1,0,1159.5700000000002,1159.5700000000002,1194.9163
2026-01-17,IOCL,diesel,Cash,chennai,2026,1,17,5,1,0,948.3340000000001,948.3340000000001,1147.9979
2026-01-17,IOCL,diesel,Cash,delhi,2026,1,17,5,1,0,1955.898,1955.898,2014.0547
2026-01-17,IOCL,diesel,Cash,mumbai,2026,1,17,5,1,0,1874.8266666666666,1874.8266666666666,1761.264
2026-01-17,IOCL,diesel,Cash,pune,2026,1,17,5,1,0,1985.75,1985.75,1686.6089
2026-01-17,IOCL,diesel,UPI,bangalore,2026,1,17,5,1,0,1737.5199999999998,1737.5199999999998,1862.0786
2026-01-17,IOCL,diesel,UPI,chennai,2026,1,17,5,1,0,1916.011,1916.011,1811.548
2026-01-17,IOCL,diesel,UPI,delhi,2026,1,17,5,1,0,2074.5945454545454,2074.5945454545454,2028.3887
2026-01-17,IOCL,diesel,UPI,mumbai,2026,1,17,5,1,0,1915.90125,1915.90125,1779.3488
2026-01-17,IOCL,diesel,UPI,pune,2026,1,17,5,1,0,1043.585,1043.585,1085.5747
2026-01-17,IOCL,petrol,Card,bangalore,2026,1,17,5,1,0,1443.8766666666668,1443.8766666666668,1547.9039
2026-01-17,IOCL,petrol,Card,chennai,2026,1,17,5,1,0,2473.17875,2473.17875,1889.2551
2026-01-17,IOCL,petrol,Card,delhi,2026,1,17,5,1,0,2645.5636363636363,2645.5636363636363,3801.8323
2026-01-17,IOCL,petrol,Card,mumbai,2026,1,17,5,1,0,1198.185714285714,1198.185714285714,1128.02
2026-01-17,IOCL,petrol,Card,pune,2026,1,17,5,1,0,2556.2799999999997,2556.2799999999997,3206.1953
2026-01-17,IOCL,petrol,Cash,bangalore,2026,1,17,5,1,0,2577.71,2577.71,3443.5212
2026-01-17,IOCL,petrol,Cash,chennai,2026,1,17,5,1,0,1951.1850000000002,1951.1850000000002,1638.5125
2026-01-17,IOCL,petrol,Cash,delhi,2026,1,17,5,1,0,2340.834,2340.834,2231.7786
2026-01-17,IOCL,petrol,Cash,mumbai,2026,1,17,5,1,0,2457.228888888889,2457.228888888889,2007.1638
2026-01-17,IOCL,petrol,Cash,pune,2026,1,17,5,1,0,2498.4,2498.4,1912.012
2026-01-17,IOCL,petrol,UPI,bangalore,2026,1,17,5,1,0,2599.9266666666667,2599.9266666666667,3488.8987
2026-01-17,IOCL,petrol,UPI,chennai,2026,1,17,5,1,0,1855.25,1855.25,1630.0145
2026-01-17,IOCL,petrol,UPI,delhi,2026,1,17,5,1,0,2062.8875,2062.8875,1848.6221
2026-01-17,IOCL,petrol,UPI,mumbai,2026,1,17,5,1,0,1764.125,1764.125,1601.8464
2026-01-17,IOCL,petrol,UPI,pune,2026,1,17,5,1,0,2083.22,2083.22,1571.5911
2026-01-17,IOCL,power petrol,Card,bangalore,2026,1,17,5,1,0,2473.382857142857,2473.382857142857,2178.381
2026-01-17,IOCL,power petrol,Card,chennai,2026,1,17,5,1,0,2190.233333333333,2190.233333333333,1973.4182
2026-01-17,IOCL,power petrol,Card,delhi,2026,1,17,5,1,0,1863.5766666666666,1863.5766666666666,2082.6824
2026-01-17,IOCL,power petrol,Card,mumbai,2026,1,17,5,1,0,2355.5714285714284,2355.5714285714284,2006.7634
2026-01-17,IOCL,power petrol,Card,pune,2026,1,17,5,1,0,2648.766153846154,2648.766153846154,3219.6758
2026-01-17,IOCL,power petrol,Cash,bangalore,2026,1,17,5,1,0,1865.993333333333,1865.993333333333,1862.6062
2026-01-17,IOCL,power petrol,Cash,chennai,2026,1,17,5,1,0,1671.87375,1671.87375,1573.4799
2026-01-17,IOCL,power petrol,Cash,delhi,2026,1,17,5,1,0,2514.805,2514.805,3919.8064
2026-01-17,IOCL,power petrol,Cash,mumbai,2026,1,17,5,1,0,2150.042857142857,2150.042857142857,1702.5582
2026-01-17,IOCL,power petrol,Cash,pune,2026,1,17,5,1,0,2724.98,2724.98,2877.5273
2026-01-17,IOCL,power petrol,UPI,bangalore,2026,1,17,5,1,0,2309.24,2309.24,2121.1084
2026-01-17,IOCL,power petrol,UPI,chennai,2026,1,17,5,1,0,2456.991666666667,2456.991666666667,1931.3756
2026-01-17,IOCL,power petrol,UPI,delhi,2026,1,17,5,1,0,2472.733846153846,2472.733846153846,2407.5442
2026-01-17,IOCL,power petrol,UPI,mumbai,2026,1,17,5,1,0,2099.7028571428573,2099.7028571428573,1706.3422
2026-01-17,IOCL,power petrol,UPI,pune,2026,1,17,5,1,0,2106.649,2106.649,1622.8732
2026-01-18,BPCL,diesel,Card,bangalore,2026,1,18,6,1,0,993.4040000000001,993.4040000000001,1228.0001
2026-01-18,BPCL,diesel,Card,chennai,2026,1,18,6,1,0,2301.473,2301.473,1674.0798
2026-01-18,BPCL,diesel,Card,delhi,2026,1,18,6,1,0,2874.375,2874.375,3859.482
2026-01-18,BPCL,diesel,Card,mumbai,2026,1,18,6,1,0,1289.77,1289.77,1454.4404
2026-01-18,BPCL,diesel,Card,pune,2026,1,18,6,1,0,1298.9855555555555,1298.9855555555555,1510.7632
2026-01-18,BPCL,diesel,Cash,bangalore,2026,1,18,6,1,0,1852.3433333333335,1852.3433333333335,1766.9026
2026-01-18,BPCL,diesel,Cash,chennai,2026,1,18,6,1,0,2704.081111111111,2704.081111111111,2970.39
2026-01-18,BPCL,diesel,Cash,delhi,2026,1,18,6,1,0,2138.9655555555555,2138.9655555555555,1695.4545
2026-01-18,BPCL,diesel,Cash,mumbai,2026,1,18,6,1,0,1864.2336363636364,1864.2336363636364,1561.8022
2026-01-18,BPCL,diesel,Cash,pune,2026,1,18,6,1,0,1948.3183333333334,1948.3183333333334,1541.3231
2026-01-18,BPCL,diesel,UPI,bangalore,2026,1,18,6,1,0,2066.0075,2066.0075,1694.263
2026-01-18,BPCL,diesel,UPI,chennai,2026,1,18,6,1,0,1813.2723076923078,1813.2723076923078,1537.1587
2026-01-18,BPCL,diesel,UPI,delhi,2026,1,18,6,1,0,1679.2490909090907,1679.2490909090907,1657.1251
2026-01-18,BPCL,diesel,UPI,mumbai,2026,1,18,6,1,0,1948.2766666666669,1948.2766666666669,1489.8171
2026-01-18,BPCL,diesel,UPI,pune,2026,1,18,6,1,0,1330.9773333333333,1330.9773333333333,1524.7192
2026-01-18,BPCL,petrol,Card,bangalore,2026,1,18,6,1,0,3095.5171428571425,3095.5171428571425,4075.931
2026-01-18,BPCL,petrol,Card,chennai,2026,1,18,6,1,0,2214.8877777777775,2214.8877777777775,1595.9524
2026-01-18,BPCL,petrol,Card,delhi,2026,1,18,6,1,0,2320.816875,2320.816875,1863.2458
2026-01-18,BPCL,petrol,Card,mumbai,2026,1,18,6,1,0,1882.6116666666667,1882.6116666666667,1576.4484
2026-01-18,BPCL,petrol,Card,pune,2026,1,18,6,1,0,2420.381,2420.381,1586.3508
2026-01-18,BPCL,petrol,Cash,bangalore,2026,1,18,6,1,0,2466.1639999999998,2466.1639999999998,1788.9425
2026-01-18,BPCL,petrol,Cash,chennai,2026,1,18,6,1,0,2086.0437500000003,2086.0437500000003,1491.9403
2026-01-18,BPCL,petrol,Cash,delhi,2026,1,18,6,1,0,1866.4633333333331,1866.4633333333331,1679.3652
2026-01-18,BPCL,petrol,Cash,mumbai,2026,1,18,6,1,0,1797.44125,1797.44125,1520.2606
2026-01-18,BPCL,petrol,Cash,pune,2026,1,18,6,1,0,2223.7366666666667,2223.7366666666667,1559.3964
2026-01-18,BPCL,petrol,UPI,bangalore,2026,1,18,6,1,0,2505.5628571428574,2505.5628571428574,1717.6255
2026-01-18,BPCL,petrol,UPI,chennai,2026,1,18,6,1,0,998.66,1973.3138461538463,1180.9924
2026-01-18,BPCL,petrol,UPI,delhi,2026,1,18,6,1,0,2617.1457142857143,2617.1457142857143,3598.7422
2026-01-18,BPCL,petrol,UPI,mumbai,2026,1,18,6,1,0,2047.079090909091,2047.079090909091,1513.9761
2026-01-18,BPCL,petrol,UPI,pune,2026,1,18,6,1,0,1997.163,1997.163,1449.9109
2026-01-18,BPCL,power petrol,Card,bangalore,2026,1,18,6,1,0,2145.02,2145.02,1903.4237
2026-01-18,BPCL,power petrol,Card,chennai,2026,1,18,6,1,0,1339.15,2133.150909090909,1619.8433
2026-01-18,BPCL,power petrol,Card,delhi,2026,1,18,6,1,0,2168.163333333333,2168.163333333333,1883.8287
2026-01-18,BPCL,power petrol,Card,mumbai,2026,1,18,6,1,0,1067.75,1784.5966666666668,1231.9905
2026-01-18,BPCL,power petrol,Card,pune,2026,1,18,6,1,0,2765.4100000000003,2765.4100000000003,3011.202
2026-01-18,BPCL,power petrol,Cash,bangalore,2026,1,18,6,1,0,3476.37,3476.37,4205.029
2026-01-18,BPCL,power petrol,Cash,chennai,2026,1,18,6,1,0,2002.8188888888888,2002.8188888888888,1639.2524
2026-01-18,BPCL,power petrol,Cash,delhi,2026,1,18,6,1,0,2305.334,2305.334,2043.1775
2026-01-18,BPCL,power petrol,Cash,mumbai,2026,1,18,6,1,0,2318.9137499999997,2318.9137499999997,1730.3667
2026-01-18,BPCL,power petrol,Cash,pune,2026,1,18,6,1,0,2600.3742857142856,2600.3742857142856,3175.159
2026-01-18,BPCL,power petrol,UPI,bangalore,2026,1,18,6,1,0,2434.395,2434.395,1918.4512
2026-01-18,BPCL,power petrol,UPI,chennai,2026,1,18,6,1,0,2866.3214285714284,2866.3214285714284,4058.4521
2026-01-18,BPCL,power petrol,UPI,delhi,2026,1,18,6,1,0,2315.961111111111,2315.961111111111,1970.2837
2026-01-18,BPCL,power petrol,UPI,mumbai,2026,1,18,6,1,0,1974.024,1974.024,1590.7134
2026-01-18,BPCL,power petrol,UPI,pune,2026,1,18,6,1,0,1944.9627272727273,1944.9627272727273,1667.0885
2026-01-18,HP,diesel,Card,bangalore,2026,1,18,6,1,0,2871.181666666667,2871.181666666667,3733.9182
2026-01-18,HP,diesel,Card,chennai,2026,1,18,6,1,0,1960.89125,1960.89125,1991.2988
2026-01-18,HP,diesel,Card,delhi,2026,1,18,6,1,0,1208.6833333333334,1208.6833333333334,1256.8953
2026-01-18,HP,diesel,Card,mumbai,2026,1,18,6,1,0,1786.7369999999999,1786.7369999999999,1790.8468
2026-01-18,HP,diesel,Card,pune,2026,1,18,6,1,0,1597.4957142857143,1597.4957142857143,1706.1244
2026-01-18,HP,diesel,Cash,bangalore,2026,1,18,6,1,0,2432.7725,2432.7725,2337.3027
2026-01-18,HP,diesel,Cash,chennai,2026,1,18,6,1,0,1879.03,1879.03,1921.6866
2026-01-18,HP,diesel,Cash,delhi,2026,1,18,6,1,0,1638.6328571428571,1638.6328571428571,1831.9174
2026-01-18,HP,diesel,Cash,mumbai,2026,1,18,6,1,0,1707.6585714285716,1707.6585714285716,1771.274
2026-01-18,HP,diesel,Cash,pune,2026,1,18,6,1,0,2379.6408333333334,2379.6408333333334,2116.0813
2026-01-18,HP,diesel,UPI,bangalore,2026,1,18,6,1,0,1802.21625,1802.21625,1971.7621
2026-01-18,HP,diesel,UPI,chennai,2026,1,18,6,1,0,2105.03125,2105.03125,1989.2667
2026-01-18,HP,diesel,UPI,delhi,2026,1,18,6,1,0,1426.8066666666666,1426.8066666666666,1736.3273
2026-01-18,HP,diesel,UPI,mumbai,2026,1,18,6,1,0,2395.915,2395.915,2251.6177
2026-01-18,HP,diesel,UPI,pune,2026,1,18,6,1,0,2718.09,2342.6475,2737.1
2026-01-18,HP,petrol,Card,bangalore,2026,1,18,6,1,0,1726.2966666666669,1726.2966666666669,1812.362
2026-01-18,HP,petrol,Card,chennai,2026,1,18,6,1,0,2772.457,2772.457,3180.3586
2026-01-18,HP,petrol,Card,delhi,2026,1,18,6,1,0,1653.8880000000001,1653.8880000000001,1656.4734
2026-01-18,HP,petrol,Card,mumbai,2026,1,18,6,1,0,2676.4533333333334,2676.4533333333334,3355.9915
2026-01-18,HP,petrol,Card,pune,2026,1,18,6,1,0,2386.945,2386.945,1989.4586
2026-01-18,HP,petrol,Cash,bangalore,2026,1,18,6,1,0,2466.4616666666666,2466.4616666666666,2184.673
2026-01-18,HP,petrol,Cash,chennai,2026,1,18,6,1,0,2243.4049999999997,2243.4049999999997,2011.9443
2026-01-18,HP,petrol,Cash,delhi,2026,1,18,6,1,0,2151.3700000000003,2151.3700000000003,1896.7976
2026-01-18,HP,petrol,Cash,mumbai,2026,1,18,6,1,0,1801.3799999999999,1801.3799999999999,1680.4924
2026-01-18,HP,petrol,Cash,pune,2026,1,18,6,1,0,1396.2544444444443,1396.2544444444443,1325.1979
2026-01-18,HP,petrol,UPI,bangalore,2026,1,18,6,1,0,1942.2,1942.2,1952.2822
2026-01-18,HP,petrol,UPI,chennai,2026,1,18,6,1,0,1994.8986666666667,1994.8986666666667,1804.1742
2026-01-18,HP,petrol,UPI,delhi,2026,1,18,6,1,0,1918.9264285714287,1918.9264285714287,1834.1558
2026-01-18,HP,petrol,UPI,mumbai,2026,1,18,6,1,0,2812.19,2812.19,3002.8032
2026-01-18,HP,petrol,UPI,pune,2026,1,18,6,1,0,1987.6850000000002,1987.6850000000002,1738.9061
2026-01-18,HP,power petrol,Card,bangalore,2026,1,18,6,1,0,3296.3419999999996,3296.3419999999996,4072.1467
2026-01-18,HP,power petrol,Card,chennai,2026,1,18,6,1,0,3017.558333333333,3017.558333333333,4045.1882
2026-01-18,HP,power petrol,Card,delhi,2026,1,18,6,1,0,1895.62375,1895.62375,2137.8625
2026-01-18,HP,power petrol,Card,mumbai,2026,1,18,6,1,0,2562.9829999999997,2562.9829999999997,3398.0664
2026-01-18,HP,power petrol,Card,pune,2026,1,18,6,1,0,1996.61,1996.61,1938.9575
2026-01-18,HP,power petrol,Cash,bangalore,2026,1,18,6,1,0,0.0,,773.9881
2026-01-18,HP,power petrol,Cash,chennai,2026,1,18,6,1,0,1808.9650000000001,1808.9650000000001,1769.2407
2026-01-18,HP,power petrol,Cash,delhi,2026,1,18,6,1,0,2445.5171428571425,2445.5171428571425,2497.9666
2026-01-18,HP,power petrol,Cash,mumbai,2026,1,18,6,1,0,2096.4666666666667,2096.4666666666667,1986.5244
2026-01-18,HP,power petrol,Cash,pune,2026,1,18,6,1,0,2382.055,2382.055,2135.8813
2026-01-18,HP,power petrol,UPI,bangalore,2026,1,18,6,1,0,1548.9699999999998,1548.9699999999998,1909.9745
2026-01-18,HP,power petrol,UPI,chennai,2026,1,18,6,1,0,3449.875,3449.875,4046.0088
2026-01-18,HP,power petrol,UPI,delhi,2026,1,18,6,1,0,1322.702,1322.702,1718.8792
2026-01-18,HP,power petrol,UPI,mumbai,2026,1,18,6,1,0,1848.05,1848.05,2003.2849
2026-01-18,HP,power petrol,UPI,pune,2026,1,18,6,1,0,2527.307777777778,2527.307777777778,3273.003
2026-01-18,IOCL,diesel,Card,bangalore,2026,1,18,6,1,0,4194.373333333334,4194.373333333334,4073.7922
2026-01-18,IOCL,diesel,Card,chennai,2026,1,18,6,1,0,1461.5025,1461.5025,1806.2772
2026-01-18,IOCL,diesel,Card,delhi,2026,1,18,6,1,0,1884.988,1884.988,2187.1199
2026-01-18,IOCL,diesel,Card,mumbai,2026,1,18,6,1,0,1978.7118181818184,1978.7118181818184,1961.0796
2026-01-18,IOCL,diesel,Card,pune,2026,1,18,6,1,0,1934.158888888889,1934.158888888889,1861.101
2026-01-18,IOCL,diesel,Cash,bangalore,2026,1,18,6,1,0,1159.5700000000002,1159.5700000000002,1295.198
2026-01-18,IOCL,diesel,Cash,chennai,2026,1,18,6,1,0,948.3340000000001,948.3340000000001,1256.0099
2026-01-18,IOCL,diesel,Cash,delhi,2026,1,18,6,1,0,1955.898,1955.898,2136.0435
2026-01-18,IOCL,diesel,Cash,mumbai,2026,1,18,6,1,0,1874.8266666666666,1874.8266666666666,1876.1493
2026-01-18,IOCL,diesel,Cash,pune,2026,1,18,6,1,0,1985.75,1985.75,1784.3965
2026-01-18,IOCL,diesel,UPI,bangalore,2026,1,18,6,1,0,1737.5199999999998,1737.5199999999998,1988.532
2026-01-18,IOCL,diesel,UPI,chennai,2026,1,18,6,1,0,1916.011,1916.011,1953.0145
2026-01-18,IOCL,diesel,UPI,delhi,2026,1,18,6,1,0,2074.5945454545454,2074.5945454545454,2175.923
2026-01-18,IOCL,diesel,UPI,mumbai,2026,1,18,6,1,0,1915.90125,1915.90125,1919.6434
2026-01-18,IOCL,diesel,UPI,pune,2026,1,18,6,1,0,1043.585,1043.585,1212.7114
2026-01-18,IOCL,petrol,Card,bangalore,2026,1,18,6,1,0,1443.8766666666668,1443.8766666666668,1597.3593
2026-01-18,IOCL,petrol,Card,chennai,2026,1,18,6,1,0,2473.17875,2473.17875,1944.625
2026-01-18,IOCL,petrol,Card,delhi,2026,1,18,6,1,0,2645.5636363636363,2645.5636363636363,3830.8843
2026-01-18,IOCL,petrol,Card,mumbai,2026,1,18,6,1,0,1198.185714285714,1198.185714285714,1160.3542
2026-01-18,IOCL,petrol,Card,pune,2026,1,18,6,1,0,2556.2799999999997,2556.2799999999997,3256.1746
2026-01-18,IOCL,petrol,Cash,bangalore,2026,1,18,6,1,0,2577.71,2577.71,3489.4421
2026-01-18,IOCL,petrol,Cash,chennai,2026,1,18,6,1,0,1951.1850000000002,1951.1850000000002,1686.4014
2026-01-18,IOCL,petrol,Cash,delhi,2026,1,18,6,1,0,2340.834,2340.834,2256.062
2026-01-18,IOCL,petrol,Cash,mumbai,2026,1,18,6,1,0,2457.228888888889,2457.228888888889,2036.0625
2026-01-18,IOCL,petrol,Cash,pune,2026,1,18,6,1,0,2498.4,2498.4,1946.4048
2026-01-18,IOCL,petrol,UPI,bangalore,2026,1,18,6,1,0,2599.9266666666667,2599.9266666666667,3555.6313
2026-01-18,IOCL,petrol,UPI,chennai,2026,1,18,6,1,0,1855.25,1855.25,1697.8102
2026-01-18,IOCL,petrol,UPI,delhi,2026,1,18,6,1,0,2062.8875,2062.8875,1893.9099
2026-01-18,IOCL,petrol,UPI,mumbai,2026,1,18,6,1,0,1764.125,1764.125,1649.3335
2026-01-18,IOCL,petrol,UPI,pune,2026,1,18,6,1,0,2083.22,2083.22,1626.8223
2026-01-18,IOCL,power petrol,Card,bangalore,2026,1,18,6,1,0,2473.382857142857,2473.382857142857,2356.7468
2026-01-18,IOCL,power petrol,Card,chennai,2026,1,18,6,1,0,2190.233333333333,2190.233333333333,2158.587
2026-01-18,IOCL,power petrol,Card,delhi,2026,1,18,6,1,0,1863.5766666666666,1863.5766666666666,2148.2703
2026-01-18,IOCL,power petrol,Card,mumbai,2026,1,18,6,1,0,2355.5714285714284,2355.5714285714284,2167.8462
2026-01-18,IOCL,power petrol,Card,pune,2026,1,18,6,1,0,2648.766153846154,2648.766153846154,3405.6062
2026-01-18,IOCL,power petrol,Cash,bangalore,2026,1,18,6,1,0,1865.993333333333,1865.993333333333,2035.6921
2026-01-18,IOCL,power petrol,Cash,chennai,2026,1,18,6,1,0,1671.87375,1671.87375,1753.3678
2026-01-18,IOCL,power petrol,Cash,delhi,2026,1,18,6,1,0,2514.805,2514.805,3980.6516
2026-01-18,IOCL,power petrol,Cash,mumbai,2026,1,18,6,1,0,2150.042857142857,2150.042857142857,1858.1766
2026-01-18,IOCL,power petrol,Cash,pune,2026,1,18,6,1,0,2724.98,2724.98,3056.8896
2026-01-18,IOCL,power petrol,UPI,bangalore,2026,1,18,6,1,0,2309.24,2309.24,2309.0723
2026-01-18,IOCL,power petrol,UPI,chennai,2026,1,18,6,1,0,2456.991666666667,2456.991666666667,2132.067
2026-01-18,IOCL,power petrol,UPI,delhi,2026,1,18,6,1,0,2472.733846153846,2472.733846153846,2482.9006
2026-01-18,IOCL,power petrol,UPI,mumbai,2026,1,18,6,1,0,2099.7028571428573,2099.7028571428573,1877.0419
2026-01-18,IOCL,power petrol,UPI,pune,2026,1,18,6,1,0,2106.649,2106.649,1809.5492
2026-01-19,BPCL,diesel,Card,bangalore,2026,1,19,0,0,0,993.4040000000001,993.4040000000001,1114.7698
2026-01-19,BPCL,diesel,Card,chennai,2026,1,19,0,0,0,2301.473,2301.473,1454.0657
2026-01-19,BPCL,diesel,Card,delhi,2026,1,19,0,0,0,2874.375,2874.375,3803.9678
2026-01-19,BPCL,diesel,Card,mumbai,2026,1,19,0,0,0,1289.77,1289.77,1427.4525
2026-01-19,BPCL,diesel,Card,pune,2026,1,19,0,0,0,1298.9855555555555,1298.9855555555555,1379.543
2026-01-19,BPCL,diesel,Cash,bangalore,2026,1,19,0,0,0,1852.3433333333335,1852.3433333333335,1664.4622
2026-01-19,BPCL,diesel,Cash,chennai,2026,1,19,0,0,0,2704.081111111111,2704.081111111111,2778.2058
2026-01-19,BPCL,diesel,Cash,delhi,2026,1,19,0,0,0,2138.9655555555555,2138.9655555555555,1623.9271
2026-01-19,BPCL,diesel,Cash,mumbai,2026,1,19,0,0,0,1864.2336363636364,1864.2336363636364,1606.0444
2026-01-19,BPCL,diesel,Cash,pune,2026,1,19,0,0,0,1948.3183333333334,1948.3183333333334,1404.2628
2026-01-19,BPCL,diesel,UPI,bangalore,2026,1,19,0,0,0,2066.0075,2066.0075,1617.6191
2026-01-19,BPCL,diesel,UPI,chennai,2026,1,19,0,0,0,1813.2723076923078,1813.2723076923078,1369.164
2026-01-19,BPCL,diesel,UPI,delhi,2026,1,19,0,0,0,2803.53,1679.2490909090907,2832.26
2026-01-19,BPCL,diesel,UPI,mumbai,2026,1,19,0,0,0,1948.2766666666669,1948.2766666666669,1544.9487
2026-01-19,BPCL,diesel,UPI,pune,2026,1,19,0,0,0,1330.9773333333333,1330.9773333333333,1428.2317
2026-01-19,BPCL,petrol,Card,bangalore,2026,1,19,0,0,0,3095.5171428571425,3095.5171428571425,3896.1604
2026-01-19,BPCL,petrol,Card,chennai,2026,1,19,0,0,0,2214.8877777777775,2214.8877777777775,1337.2134
2026-01-19,BPCL,petrol,Card,delhi,2026,1,19,0,0,0,2851.55,2320.816875,3135.6702
2026-01-19,BPCL,petrol,Card,mumbai,2026,1,19,0,0,0,1882.6116666666667,1882.6116666666667,1504.2377
2026-01-19,BPCL,petrol,Card,pune,2026,1,19,0,0,0,2420.381,2420.381,1326.9072
2026-01-19,BPCL,petrol,Cash,bangalore,2026,1,19,0,0,0,2466.1639999999998,2466.1639999999998,1574.4459
2026-01-19,BPCL,petrol,Cash,chennai,2026,1,19,0,0,0,2086.0437500000003,2086.0437500000003,1242.61
2026-01-19,BPCL,petrol,Cash,delhi,2026,1,19,0,0,0,1866.4633333333331,1866.4633333333331,1511.1357
2026-01-19,BPCL,petrol,Cash,mumbai,2026,1,19,0,0,0,1797.44125,1797.44125,1519.8671
2026-01-19,BPCL,petrol,Cash,pune,2026,1,19,0,0,0,2223.7366666666667,2223.7366666666667,1305.9703
2026-01-19,BPCL,petrol,UPI,bangalore,2026,1,19,0,0,0,2505.5628571428574,2505.5628571428574,1518.3689
2026-01-19,BPCL,petrol,UPI,chennai,2026,1,19,0,0,0,1973.3138461538463,1973.3138461538463,1230.3845
2026-01-19,BPCL,petrol,UPI,delhi,2026,1,19,0,0,0,2617.1457142857143,2617.1457142857143,3426.4907
2026-01-19,BPCL,petrol,UPI,mumbai,2026,1,19,0,0,0,2047.079090909091,2047.079090909091,1510.3013
2026-01-19,BPCL,petrol,UPI,pune,2026,1,19,0,0,0,1997.163,1997.163,1236.6145
2026-01-19,BPCL,power petrol,Card,bangalore,2026,1,19,0,0,0,2145.02,2145.02,1774.1646
2026-01-19,BPCL,power petrol,Card,chennai,2026,1,19,0,0,0,711.69,2133.150909090909,836.7332
2026-01-19,BPCL,power petrol,Card,delhi,2026,1,19,0,0,0,2168.163333333333,2168.163333333333,1840.0981
2026-01-19,BPCL,power petrol,Card,mumbai,2026,1,19,0,0,0,1784.5966666666668,1784.5966666666668,1600.1675
2026-01-19,BPCL,power petrol,Card,pune,2026,1,19,0,0,0,2765.4100000000003,2765.4100000000003,2849.087
2026-01-19,BPCL,power petrol,Cash,bangalore,2026,1,19,0,0,0,3476.37,3476.37,4147.4736
2026-01-19,BPCL,power petrol,Cash,chennai,2026,1,19,0,0,0,2002.8188888888888,2002.8188888888888,1423.9078
2026-01-19,BPCL,power petrol,Cash,delhi,2026,1,19,0,0,0,2305.334,2305.334,1986.8763
2026-01-19,BPCL,power petrol,Cash,mumbai,2026,1,19,0,0,0,1434.87,2318.9137499999997,1615.2144
2026-01-19,BPCL,power petrol,Cash,pune,2026,1,19,0,0,0,2600.3742857142856,2600.3742857142856,3018.6113
2026-01-19,BPCL,power petrol,UPI,bangalore,2026,1,19,0,0,0,2434.395,2434.395,1788.687
2026-01-19,BPCL,power petrol,UPI,chennai,2026,1,19,0,0,0,2866.3214285714284,2866.3214285714284,3941.4333
2026-01-19,BPCL,power petrol,UPI,delhi,2026,1,19,0,0,0,2315.961111111111,2315.961111111111,1904.0095
2026-01-19,BPCL,power petrol,UPI,mumbai,2026,1,19,0,0,0,1974.024,1974.024,1667.7302
2026-01-19,BPCL,power petrol,UPI,pune,2026,1,19,0,0,0,1944.9627272727273,1944.9627272727273,1523.7736
2026-01-19,HP,diesel,Card,bangalore,2026,1,19,0,0,0,2871.181666666667,2871.181666666667,3752.201
2026-01-19,HP,diesel,Card,chennai,2026,1,19,0,0,0,1960.89125,1960.89125,1970.4358
2026-01-19,HP,diesel,Card,delhi,2026,1,19,0,0,0,1208.6833333333334,1208.6833333333334,1268.993
2026-01-19,HP,diesel,Card,mumbai,2026,1,19,0,0,0,1786.7369999999999,1786.7369999999999,1828.7487
2026-01-19,HP,diesel,Card,pune,2026,1,19,0,0,0,1597.4957142857143,1597.4957142857143,1707.609
2026-01-19,HP,diesel,Cash,bangalore,2026,1,19,0,0,0,2432.7725,2432.7725,2349.2861
2026-01-19,HP,diesel,Cash,chennai,2026,1,19,0,0,0,1879.03,1879.03,1907.6381
2026-01-19,HP,diesel,Cash,delhi,2026,1,19,0,0,0,1638.6328571428571,1638.6328571428571,1882.2773
2026-01-19,HP,diesel,Cash,mumbai,2026,1,19,0,0,0,1707.6585714285716,1707.6585714285716,1886.9929
2026-01-19,HP,diesel,Cash,pune,2026,1,19,0,0,0,2379.6408333333334,2379.6408333333334,2090.0618
2026-01-19,HP,diesel,UPI,bangalore,2026,1,19,0,0,0,1802.21625,1802.21625,2043.5999
2026-01-19,HP,diesel,UPI,chennai,2026,1,19,0,0,0,2105.03125,2105.03125,1999.6595
2026-01-19,HP,diesel,UPI,delhi,2026,1,19,0,0,0,1426.8066666666666,1426.8066666666666,1766.701
2026-01-19,HP,diesel,UPI,mumbai,2026,1,19,0,0,0,2395.915,2395.915,2369.1714
2026-01-19,HP,diesel,UPI,pune,2026,1,19,0,0,0,2342.6475,2342.6475,2165.6985
2026-01-19,HP,petrol,Card,bangalore,2026,1,19,0,0,0,1726.2966666666669,1726.2966666666669,1809.0632
2026-01-19,HP,petrol,Card,chennai,2026,1,19,0,0,0,2772.457,2772.457,3173.8142
2026-01-19,HP,petrol,Card,delhi,2026,1,19,0,0,0,1653.8880000000001,1653.8880000000001,1680.5565
2026-01-19,HP,petrol,Card,mumbai,2026,1,19,0,0,0,2676.4533333333334,2676.4533333333334,3391.6978
2026-01-19,HP,petrol,Card,pune,2026,1,19,0,0,0,2386.945,2386.945,1901.4246
2026-01-19,HP,petrol,Cash,bangalore,2026,1,19,0,0,0,2466.4616666666666,2466.4616666666666,2159.5974
2026-01-19,HP,petrol,Cash,chennai,2026,1,19,0,0,0,2243.4049999999997,2243.4049999999997,1988.3827
2026-01-19,HP,petrol,Cash,delhi,2026,1,19,0,0,0,2151.3700000000003,2151.3700000000003,1906.3846
2026-01-19,HP,petrol,Cash,mumbai,2026,1,19,0,0,0,1801.3799999999999,1801.3799999999999,1775.1981
2026-01-19,HP,petrol,Cash,pune,2026,1,19,0,0,0,1396.2544444444443,1396.2544444444443,1262.7687
2026-01-19,HP,petrol,UPI,bangalore,2026,1,19,0,0,0,1942.2,1942.2,1958.7925
2026-01-19,HP,petrol,UPI,chennai,2026,1,19,0,0,0,1994.8986666666667,1994.8986666666667,1801.8154
2026-01-19,HP,petrol,UPI,delhi,2026,1,19,0,0,0,1918.9264285714287,1918.9264285714287,1839.959
2026-01-19,HP,petrol,UPI,mumbai,2026,1,19,0,0,0,2812.19,2812.19,3127.0288
2026-01-19,HP,petrol,UPI,pune,2026,1,19,0,0,0,1987.6850000000002,1987.6850000000002,1710.6129
2026-01-19,HP,power petrol,Card,bangalore,2026,1,19,0,0,0,3296.3419999999996,3296.3419999999996,4150.86
2026-01-19,HP,power petrol,Card,chennai,2026,1,19,0,0,0,3017.558333333333,3017.558333333333,4133.701
2026-01-19,HP,power petrol,Card,delhi,2026,1,19,0,0,0,1895.62375,1895.62375,2202.819
2026-01-19,HP,power petrol,Card,mumbai,2026,1,19,0,0,0,2562.9829999999997,2562.9829999999997,3474.7495
2026-01-19,HP,power petrol,Card,pune,2026,1,19,0,0,0,1996.61,1996.61,1912.0255
2026-01-19,HP,power petrol,Cash,bangalore,2026,1,19,0,0,0,0.0,,836.39795
2026-01-19,HP,power petrol,Cash,chennai,2026,1,19,0,0,0,1808.9650000000001,1808.9650000000001,1775.9518
2026-01-19,HP,power petrol,Cash,delhi,2026,1,19,0,0,0,2445.5171428571425,2445.5171428571425,2560.1792
2026-01-19,HP,power petrol,Cash,mumbai,2026,1,19,0,0,0,2096.4666666666667,2096.4666666666667,2126.5667
2026-01-19,HP,power petrol,Cash,pune,2026,1,19,0,0,0,2382.055,2382.055,2109.7305
2026-01-19,HP,power petrol,UPI,bangalore,2026,1,19,0,0,0,1548.9699999999998,1548.9699999999998,2002.9203
2026-01-19,HP,power petrol,UPI,chennai,2026,1,19,0,0,0,3449.875,3449.875,4193.496
2026-01-19,HP,power petrol,UPI,delhi,2026,1,19,0,0,0,1322.702,1322.702,1791.5405
2026-01-19,HP,power petrol,UPI,mumbai,2026,1,19,0,0,0,1848.05,1848.05,2171.1797
2026-01-19,HP,power petrol,UPI,pune,2026,1,19,0,0,0,2527.307777777778,2527.307777777778,3307.399
2026-01-19,IOCL,diesel,Card,bangalore,2026,1,19,0,0,0,4194.373333333334,4194.373333333334,4113.6016
2026-01-19,IOCL,diesel,Card,chennai,2026,1,19,0,0,0,1461.5025,1461.5025,1799.4979
2026-01-19,IOCL,diesel,Card,delhi,2026,1,19,0,0,0,1884.988,1884.988,2201.0476
2026-01-19,IOCL,diesel,Card,mumbai,2026,1,19,0,0,0,1978.7118181818184,1978.7118181818184,2008.3749
2026-01-19,IOCL,diesel,Card,pune,2026,1,19,0,0,0,1934.158888888889,1934.158888888889,1848.7812
2026-01-19,IOCL,diesel,Cash,bangalore,2026,1,19,0,0,0,1159.5700000000002,1159.5700000000002,1324.3004
2026-01-19,IOCL,diesel,Cash,chennai,2026,1,19,0,0,0,948.3340000000001,948.3340000000001,1302.9609
2026-01-19,IOCL,diesel,Cash,delhi,2026,1,19,0,0,0,1955.898,1955.898,2153.0781
2026-01-19,IOCL,diesel,Cash,mumbai,2026,1,19,0,0,0,1874.8266666666666,1874.8266666666666,1973.0728
2026-01-19,IOCL,diesel,Cash,pune,2026,1,19,0,0,0,1985.75,1985.75,1766.5544
2026-01-19,IOCL,diesel,UPI,bangalore,2026,1,19,0,0,0,1737.5199999999998,1737.5199999999998,2071.331
2026-01-19,IOCL,diesel,UPI,chennai,2026,1,19,0,0,0,1916.011,1916.011,1954.1638
2026-01-19,IOCL,diesel,UPI,delhi,2026,1,19,0,0,0,4195.88,2074.5945454545454,4369.314
2026-01-19,IOCL,diesel,UPI,mumbai,2026,1,19,0,0,0,1915.90125,1915.90125,2035.0884
2026-01-19,IOCL,diesel,UPI,pune,2026,1,19,0,0,0,1043.585,1043.585,1282.1582
2026-01-19,IOCL,petrol,Card,bangalore,2026,1,19,0,0,0,1443.8766666666668,1443.8766666666668,1569.0103
2026-01-19,IOCL,petrol,Card,chennai,2026,1,19,0,0,0,2473.17875,2473.17875,1862.8977
2026-01-19,IOCL,petrol,Card,delhi,2026,1,19,0,0,0,2645.5636363636363,2645.5636363636363,3837.6887
2026-01-19,IOCL,petrol,Card,mumbai,2026,1,19,0,0,0,1198.185714285714,1198.185714285714,1180.5035
2026-01-19,IOCL,petrol,Card,pune,2026,1,19,0,0,0,2556.2799999999997,2556.2799999999997,3213.0176
2026-01-19,IOCL,petrol,Cash,bangalore,2026,1,19,0,0,0,2577.71,2577.71,3477.6719
2026-01-19,IOCL,petrol,Cash,chennai,2026,1,19,0,0,0,1951.1850000000002,1951.1850000000002,1618.0522
2026-01-19,IOCL,petrol,Cash,delhi,2026,1,19,0,0,0,2340.834,2340.834,2199.1895
2026-01-19,IOCL,petrol,Cash,mumbai,2026,1,19,0,0,0,2457.228888888889,2457.228888888889,2096.2747
2026-01-19,IOCL,petrol,Cash,pune,2026,1,19,0,0,0,2498.4,2498.4,1858.5941
2026-01-19,IOCL,petrol,UPI,bangalore,2026,1,19,0,0,0,2599.9266666666667,2599.9266666666667,3514.895
2026-01-19,IOCL,petrol,UPI,chennai,2026,1,19,0,0,0,1855.25,1855.25,1647.1735
2026-01-19,IOCL,petrol,UPI,delhi,2026,1,19,0,0,0,2062.8875,2062.8875,1834.9053
2026-01-19,IOCL,petrol,UPI,mumbai,2026,1,19,0,0,0,1764.125,1764.125,1720.5471
2026-01-19,IOCL,petrol,UPI,pune,2026,1,19,0,0,0,2083.22,2083.22,1562.387
2026-01-19,IOCL,power petrol,Card,bangalore,2026,1,19,0,0,0,2473.382857142857,2473.382857142857,2363.2292
2026-01-19,IOCL,power petrol,Card,chennai,2026,1,19,0,0,0,2190.233333333333,2190.233333333333,2099.8865
2026-01-19,IOCL,power petrol,Card,delhi,2026,1,19,0,0,0,1863.5766666666666,1863.5766666666666,2208.06
2026-01-19,IOCL,power petrol,Card,mumbai,2026,1,19,0,0,0,2355.5714285714284,2355.5714285714284,2240.8765
2026-01-19,IOCL,power petrol,Card,pune,2026,1,19,0,0,0,2648.766153846154,2648.766153846154,3409.8281
2026-01-19,IOCL,power petrol,Cash,bangalore,2026,1,19,0,0,0,1865.993333333333,1865.993333333333,2065.4204
2026-01-19,IOCL,power petrol,Cash,chennai,2026,1,19,0,0,0,1671.87375,1671.87375,1728.527
2026-01-19,IOCL,power petrol,Cash,delhi,2026,1,19,0,0,0,2514.805,2514.805,4136.544
2026-01-19,IOCL,power petrol,Cash,mumbai,2026,1,19,0,0,0,2150.042857142857,2150.042857142857,1989.6174
2026-01-19,IOCL,power petrol,Cash,pune,2026,1,19,0,0,0,2724.98,2724.98,3100.5957
2026-01-19,IOCL,power petrol,UPI,bangalore,2026,1,19,0,0,0,2309.24,2309.24,2348.6084
2026-01-19,IOCL,power petrol,UPI,chennai,2026,1,19,0,0,0,2456.991666666667,2456.991666666667,2104.4802
2026-01-19,IOCL,power petrol,UPI,delhi,2026,1,19,0,0,0,2472.733846153846,2472.733846153846,2544.8948
2026-01-19,IOCL,power petrol,UPI,mumbai,2026,1,19,0,0,0,2099.7028571428573,2099.7028571428573,2025.2747
2026-01-19,IOCL,power petrol,UPI,pune,2026,1,19,0,0,0,2106.649,2106.649,1804.6372
2026-01-20,BPCL,diesel,Card,bangalore,2026,1,20,1,0,0,993.4040000000001,993.4040000000001,1108.1636
2026-01-20,BPCL,diesel,Card,chennai,2026,1,20,1,0,0,2301.473,2301.473,1447.9989
2026-01-20,BPCL,diesel,Card,delhi,2026,1,20,1,0,0,2874.375,2874.375,3675.8003
2026-01-20,BPCL,diesel,Card,mumbai,2026,1,20,1,0,0,1289.77,1289.77,1408.0653
2026-01-20,BPCL,diesel,Card,pune,2026,1,20,1,0,0,1298.9855555555555,1298.9855555555555,1371.2705
2026-01-20,BPCL,diesel,Cash,bangalore,2026,1,20,1,0,0,1852.3433333333335,1852.3433333333335,1661.5397
2026-01-20,BPCL,diesel,Cash,chennai,2026,1,20,1,0,0,2704.081111111111,2704.081111111111,2781.3577
2026-01-20,BPCL,diesel,Cash,delhi,2026,1,20,1,0,0,2138.9655555555555,2138.9655555555555,1563.8196
2026-01-20,BPCL,diesel,Cash,mumbai,2026,1,20,1,0,0,1864.2336363636364,1864.2336363636364,1590.4774
2026-01-20,BPCL,diesel,Cash,pune,2026,1,20,1,0,0,1948.3183333333334,1948.3183333333334,1399.4539
2026-01-20,BPCL,diesel,UPI,bangalore,2026,1,20,1,0,0,2066.0075,2066.0075,1623.7023
2026-01-20,BPCL,diesel,UPI,chennai,2026,1,20,1,0,0,1813.2723076923078,1813.2723076923078,1390.5559
2026-01-20,BPCL,diesel,UPI,delhi,2026,1,20,1,0,0,1679.2490909090907,1679.2490909090907,1549.4506
2026-01-20,BPCL,diesel,UPI,mumbai,2026,1,20,1,0,0,1948.2766666666669,1948.2766666666669,1538.3888
2026-01-20,BPCL,diesel,UPI,pune,2026,1,20,1,0,0,1330.9773333333333,1330.9773333333333,1429.1821
2026-01-20,BPCL,petrol,Card,bangalore,2026,1,20,1,0,0,3095.5171428571425,3095.5171428571425,3905.2314
2026-01-20,BPCL,petrol,Card,chennai,2026,1,20,1,0,0,2214.8877777777775,2214.8877777777775,1345.3727
2026-01-20,BPCL,petrol,Card,delhi,2026,1,20,1,0,0,2320.816875,2320.816875,1650.5853
2026-01-20,BPCL,petrol,Card,mumbai,2026,1,20,1,0,0,1882.6116666666667,1882.6116666666667,1504.2429
2026-01-20,BPCL,petrol,Card,pune,2026,1,20,1,0,0,2420.381,2420.381,1375.524
2026-01-20,BPCL,petrol,Cash,bangalore,2026,1,20,1,0,0,2466.1639999999998,2466.1639999999998,1625.499
2026-01-20,BPCL,petrol,Cash,chennai,2026,1,20,1,0,0,2086.0437500000003,2086.0437500000003,1274.4099
2026-01-20,BPCL,petrol,Cash,delhi,2026,1,20,1,0,0,1866.4633333333331,1866.4633333333331,1502.9296
2026-01-20,BPCL,petrol,Cash,mumbai,2026,1,20,1,0,0,1797.44125,1797.44125,1519.9456
2026-01-20,BPCL,petrol,Cash,pune,2026,1,20,1,0,0,2223.7366666666667,2223.7366666666667,1353.491
2026-01-20,BPCL,petrol,UPI,bangalore,2026,1,20,1,0,0,2505.5628571428574,2505.5628571428574,1568.4469
2026-01-20,BPCL,petrol,UPI,chennai,2026,1,20,1,0,0,1973.3138461538463,1973.3138461538463,1261.2094
2026-01-20,BPCL,petrol,UPI,delhi,2026,1,20,1,0,0,2617.1457142857143,2617.1457142857143,3392.5396
2026-01-20,BPCL,petrol,UPI,mumbai,2026,1,20,1,0,0,2047.079090909091,2047.079090909091,1509.1788
2026-01-20,BPCL,petrol,UPI,pune,2026,1,20,1,0,0,1997.163,1997.163,1306.7008
2026-01-20,BPCL,power petrol,Card,bangalore,2026,1,20,1,0,0,2145.02,2145.02,1740.1237
2026-01-20,BPCL,power petrol,Card,chennai,2026,1,20,1,0,0,2133.150909090909,2133.150909090909,1399.3737
2026-01-20,BPCL,power petrol,Card,delhi,2026,1,20,1,0,0,2168.163333333333,2168.163333333333,1731.0157
2026-01-20,BPCL,power petrol,Card,mumbai,2026,1,20,1,0,0,1784.5966666666668,1784.5966666666668,1530.8124
2026-01-20,BPCL,power petrol,Card,pune,2026,1,20,1,0,0,2765.4100000000003,2765.4100000000003,2842.9243
2026-01-20,BPCL,power petrol,Cash,bangalore,2026,1,20,1,0,0,3476.37,3476.37,4029.519
2026-01-20,BPCL,power petrol,Cash,chennai,2026,1,20,1,0,0,2002.8188888888888,2002.8188888888888,1373.7305
2026-01-20,BPCL,power petrol,Cash,delhi,2026,1,20,1,0,0,2305.334,2305.334,1859.7573
2026-01-20,BPCL,power petrol,Cash,mumbai,2026,1,20,1,0,0,2318.9137499999997,2318.9137499999997,1702.0818
2026-01-20,BPCL,power petrol,Cash,pune,2026,1,20,1,0,0,2600.3742857142856,2600.3742857142856,2965.5288
2026-01-20,BPCL,power petrol,UPI,bangalore,2026,1,20,1,0,0,2434.395,2434.395,1746.1349
2026-01-20,BPCL,power petrol,UPI,chennai,2026,1,20,1,0,0,2866.3214285714284,2866.3214285714284,3841.5251
2026-01-20,BPCL,power petrol,UPI,delhi,2026,1,20,1,0,0,2315.961111111111,2315.961111111111,1785.2379
2026-01-20,BPCL,power petrol,UPI,mumbai,2026,1,20,1,0,0,1974.024,1974.024,1608.2992
2026-01-20,BPCL,power petrol,UPI,pune,2026,1,20,1,0,0,1944.9627272727273,1944.9627272727273,1496.6252
2026-01-20,HP,diesel,Card,bangalore,2026,1,20,1,0,0,2871.181666666667,2871.181666666667,3692.7126
2026-01-20,HP,diesel,Card,chennai,2026,1,20,1,0,0,1960.89125,1960.89125,1982.944
2026-01-20,HP,diesel,Card,delhi,2026,1,20,1,0,0,1208.6833333333334,1208.6833333333334,1254.1102
2026-01-20,HP,diesel,Card,mumbai,2026,1,20,1,0,0,1786.7369999999999,1786.7369999999999,1818.8031
2026-01-20,HP,diesel,Card,pune,2026,1,20,1,0,0,4332.82,1597.4957142857143,3644.853
2026-01-20,HP,diesel,Cash,bangalore,2026,1,20,1,0,0,2432.7725,2432.7725,2332.8281
2026-01-20,HP,diesel,Cash,chennai,2026,1,20,1,0,0,1879.03,1879.03,1917.8364
2026-01-20,HP,diesel,Cash,delhi,2026,1,20,1,0,0,1638.6328571428571,1638.6328571428571,1865.719
2026-01-20,HP,diesel,Cash,mumbai,2026,1,20,1,0,0,1707.6585714285716,1707.6585714285716,1874.8938
2026-01-20,HP,diesel,Cash,pune,2026,1,20,1,0,0,2379.6408333333334,2379.6408333333334,2071.7012
2026-01-20,HP,diesel,UPI,bangalore,2026,1,20,1,0,0,1802.21625,1802.21625,2056.9084
2026-01-20,HP,diesel,UPI,chennai,2026,1,20,1,0,0,2105.03125,2105.03125,2022.1794
2026-01-20,HP,diesel,UPI,delhi,2026,1,20,1,0,0,1426.8066666666666,1426.8066666666666,1760.0024
2026-01-20,HP,diesel,UPI,mumbai,2026,1,20,1,0,0,2395.915,2395.915,2351.9463
2026-01-20,HP,diesel,UPI,pune,2026,1,20,1,0,0,2342.6475,2342.6475,2159.7698
2026-01-20,HP,petrol,Card,bangalore,2026,1,20,1,0,0,887.84,1726.2966666666669,1005.51105
2026-01-20,HP,petrol,Card,chennai,2026,1,20,1,0,0,2772.457,2772.457,3208.432
2026-01-20,HP,petrol,Card,delhi,2026,1,20,1,0,0,1653.8880000000001,1653.8880000000001,1717.1975
2026-01-20,HP,petrol,Card,mumbai,2026,1,20,1,0,0,2676.4533333333334,2676.4533333333334,3337.4255
2026-01-20,HP,petrol,Card,pune,2026,1,20,1,0,0,2386.945,2386.945,1953.6958
2026-01-20,HP,petrol,Cash,bangalore,2026,1,20,1,0,0,2466.4616666666666,2466.4616666666666,2215.917
2026-01-20,HP,petrol,Cash,chennai,2026,1,20,1,0,0,2243.4049999999997,2243.4049999999997,1995.3362
2026-01-20,HP,petrol,Cash,delhi,2026,1,20,1,0,0,2151.3700000000003,2151.3700000000003,1945.6753
2026-01-20,HP,petrol,Cash,mumbai,2026,1,20,1,0,0,1162.64,1801.3799999999999,1257.4996
2026-01-20,HP,petrol,Cash,pune,2026,1,20,1,0,0,1396.2544444444443,1396.2544444444443,1333.0112
2026-01-20,HP,petrol,UPI,bangalore,2026,1,20,1,0,0,1942.2,1942.2,2038.6128
2026-01-20,HP,petrol,UPI,chennai,2026,1,20,1,0,0,1994.8986666666667,1994.8986666666667,1832.2606
2026-01-20,HP,petrol,UPI,delhi,2026,1,20,1,0,0,1918.9264285714287,1918.9264285714287,1879.2421
2026-01-20,HP,petrol,UPI,mumbai,2026,1,20,1,0,0,2812.19,2812.19,3089.7073
2026-01-20,HP,petrol,UPI,pune,2026,1,20,1,0,0,1987.6850000000002,1987.6850000000002,1785.4275
2026-01-20,HP,power petrol,Card,bangalore,2026,1,20,1,0,0,3296.3419999999996,3296.3419999999996,4069.2349
2026-01-20,HP,power petrol,Card,chennai,2026,1,20,1,0,0,3017.558333333333,3017.558333333333,4036.877
2026-01-20,HP,power petrol,Card,delhi,2026,1,20,1,0,0,1895.62375,1895.62375,2142.816
2026-01-20,HP,power petrol,Card,mumbai,2026,1,20,1,0,0,2562.9829999999997,2562.9829999999997,3338.009
2026-01-20,HP,power petrol,Card,pune,2026,1,20,1,0,0,1996.61,1996.61,1881.0272
2026-01-20,HP,power petrol,Cash,bangalore,2026,1,20,1,0,0,0.0,,803.191
2026-01-20,HP,power petrol,Cash,chennai,2026,1,20,1,0,0,1808.9650000000001,1808.9650000000001,1730.7489
2026-01-20,HP,power petrol,Cash,delhi,2026,1,20,1,0,0,2445.5171428571425,2445.5171428571425,2481.9524
2026-01-20,HP,power petrol,Cash,mumbai,2026,1,20,1,0,0,2096.4666666666667,2096.4666666666667,2061.7808
2026-01-20,HP,power petrol,Cash,pune,2026,1,20,1,0,0,2382.055,2382.055,2059.7937
2026-01-20,HP,power petrol,UPI,bangalore,2026,1,20,1,0,0,1548.9699999999998,1548.9699999999998,1980.6692
2026-01-20,HP,power petrol,UPI,chennai,2026,1,20,1,0,0,3449.875,3449.875,4097.596
2026-01-20,HP,power petrol,UPI,delhi,2026,1,20,1,0,0,1322.702,1322.702,1733.887
2026-01-20,HP,power petrol,UPI,mumbai,2026,1,20,1,0,0,958.06,1848.05,1278.1902
2026-01-20,HP,power petrol,UPI,pune,2026,1,20,1,0,0,2527.307777777778,2527.307777777778,3280.759
2026-01-20,IOCL,diesel,Card,bangalore,2026,1,20,1,0,0,4194.373333333334,4194.373333333334,4049.5015
2026-01-20,IOCL,diesel,Card,chennai,2026,1,20,1,0,0,1461.5025,1461.5025,1803.8269
2026-01-20,IOCL,diesel,Card,delhi,2026,1,20,1,0,0,1884.988,1884.988,2132.0715
2026-01-20,IOCL,diesel,Card,mumbai,2026,1,20,1,0,0,1978.7118181818184,1978.7118181818184,1988.8387
2026-01-20,IOCL,diesel,Card,pune,2026,1,20,1,0,0,1934.158888888889,1934.158888888889,1842.1846
2026-01-20,IOCL,diesel,Cash,bangalore,2026,1,20,1,0,0,1159.5700000000002,1159.5700000000002,1311.9343
2026-01-20,IOCL,diesel,Cash,chennai,2026,1,20,1,0,0,948.3340000000001,948.3340000000001,1305.1271
2026-01-20,IOCL,diesel,Cash,delhi,2026,1,20,1,0,0,1955.898,1955.898,2080.3186
2026-01-20,IOCL,diesel,Cash,mumbai,2026,1,20,1,0,0,1874.8266666666666,1874.8266666666666,1951.7693
2026-01-20,IOCL,diesel,Cash,pune,2026,1,20,1,0,0,1985.75,1985.75,1756.2223
2026-01-20,IOCL,diesel,UPI,bangalore,2026,1,20,1,0,0,1737.5199999999998,1737.5199999999998,2075.1472
2026-01-20,IOCL,diesel,UPI,chennai,2026,1,20,1,0,0,1916.011,1916.011,1972.8113
2026-01-20,IOCL,diesel,UPI,delhi,2026,1,20,1,0,0,2074.5945454545454,2074.5945454545454,2143.4065
2026-01-20,IOCL,diesel,UPI,mumbai,2026,1,20,1,0,0,1915.90125,1915.90125,2026.0957
2026-01-20,IOCL,diesel,UPI,pune,2026,1,20,1,0,0,1043.585,1043.585,1280.3262
2026-01-20,IOCL,petrol,Card,bangalore,2026,1,20,1,0,0,1443.8766666666668,1443.8766666666668,1632.7299
2026-01-20,IOCL,petrol,Card,chennai,2026,1,20,1,0,0,2473.17875,2473.17875,1863.0011
2026-01-20,IOCL,petrol,Card,delhi,2026,1,20,1,0,0,2645.5636363636363,2645.5636363636363,3793.4807
2026-01-20,IOCL,petrol,Card,mumbai,2026,1,20,1,0,0,1198.185714285714,1198.185714285714,1169.225
2026-01-20,IOCL,petrol,Card,pune,2026,1,20,1,0,0,2556.2799999999997,2556.2799999999997,3264.6567
2026-01-20,IOCL,petrol,Cash,bangalore,2026,1,20,1,0,0,2577.71,2577.71,3489.2288
2026-01-20,IOCL,petrol,Cash,chennai,2026,1,20,1,0,0,1951.1850000000002,1951.1850000000002,1641.2552
2026-01-20,IOCL,petrol,Cash,delhi,2026,1,20,1,0,0,2340.834,2340.834,2151.4492
2026-01-20,IOCL,petrol,Cash,mumbai,2026,1,20,1,0,0,2457.228888888889,2457.228888888889,2065.0808
2026-01-20,IOCL,petrol,Cash,pune,2026,1,20,1,0,0,2498.4,2498.4,1898.0021
2026-01-20,IOCL,petrol,UPI,bangalore,2026,1,20,1,0,0,2599.9266666666667,2599.9266666666667,3539.6516
2026-01-20,IOCL,petrol,UPI,chennai,2026,1,20,1,0,0,1855.25,1855.25,1670.439
2026-01-20,IOCL,petrol,UPI,delhi,2026,1,20,1,0,0,2062.8875,2062.8875,1810.0573
2026-01-20,IOCL,petrol,UPI,mumbai,2026,1,20,1,0,0,1764.125,1764.125,1712.9521
2026-01-20,IOCL,petrol,UPI,pune,2026,1,20,1,0,0,2083.22,2083.22,1625.4481
2026-01-20,IOCL,power petrol,Card,bangalore,2026,1,20,1,0,0,2473.382857142857,2473.382857142857,2305.1797
2026-01-20,IOCL,power petrol,Card,chennai,2026,1,20,1,0,0,2190.233333333333,2190.233333333333,2026.1805
2026-01-20,IOCL,power petrol,Card,delhi,2026,1,20,1,0,0,1863.5766666666666,1863.5766666666666,2090.754
2026-01-20,IOCL,power petrol,Card,mumbai,2026,1,20,1,0,0,2355.5714285714284,2355.5714285714284,2147.2917
2026-01-20,IOCL,power petrol,Card,pune,2026,1,20,1,0,0,2648.766153846154,2648.766153846154,3378.81
2026-01-20,IOCL,power petrol,Cash,bangalore,2026,1,20,1,0,0,1865.993333333333,1865.993333333333,2023.1512
2026-01-20,IOCL,power petrol,Cash,chennai,2026,1,20,1,0,0,1671.87375,1671.87375,1666.8488
2026-01-20,IOCL,power petrol,Cash,delhi,2026,1,20,1,0,0,2514.805,2514.805,3968.7712
2026-01-20,IOCL,power petrol,Cash,mumbai,2026,1,20,1,0,0,2150.042857142857,2150.042857142857,1913.1389
2026-01-20,IOCL,power petrol,Cash,pune,2026,1,20,1,0,0,2724.98,2724.98,3077.9812
2026-01-20,IOCL,power petrol,UPI,bangalore,2026,1,20,1,0,0,2309.24,2309.24,2299.2498
2026-01-20,IOCL,power petrol,UPI,chennai,2026,1,20,1,0,0,2456.991666666667,2456.991666666667,2039.4456
2026-01-20,IOCL,power petrol,UPI,delhi,2026,1,20,1,0,0,2472.733846153846,2472.733846153846,2417.1555
2026-01-20,IOCL,power petrol,UPI,mumbai,2026,1,20,1,0,0,2099.7028571428573,2099.7028571428573,1959.2219
2026-01-20,IOCL,power petrol,UPI,pune,2026,1,20,1,0,0,2106.649,2106.649,1770.3325
2026-01-21,BPCL,diesel,Card,bangalore,2026,1,21,2,0,0,993.4040000000001,993.4040000000001,1042.133
2026-01-21,BPCL,diesel,Card,chennai,2026,1,21,2,0,0,2301.473,2301.473,1352.4073
2026-01-21,BPCL,diesel,Card,delhi,2026,1,21,2,0,0,2874.375,2874.375,3600.6436
2026-01-21,BPCL,diesel,Card,mumbai,2026,1,21,2,0,0,1289.77,1289.77,1328.4596
2026-01-21,BPCL,diesel,Card,pune,2026,1,21,2,0,0,1298.9855555555555,1298.9855555555555,1289.3208
2026-01-21,BPCL,diesel,Cash,bangalore,2026,1,21,2,0,0,1852.3433333333335,1852.3433333333335,1583.5355
2026-01-21,BPCL,diesel,Cash,chennai,2026,1,21,2,0,0,2704.081111111111,2704.081111111111,2692.554
2026-01-21,BPCL,diesel,Cash,delhi,2026,1,21,2,0,0,2138.9655555555555,2138.9655555555555,1476.5464
2026-01-21,BPCL,diesel,Cash,mumbai,2026,1,21,2,0,0,1864.2336363636364,1864.2336363636364,1515.5009
2026-01-21,BPCL,diesel,Cash,pune,2026,1,21,2,0,0,1948.3183333333334,1948.3183333333334,1321.4814
2026-01-21,BPCL,diesel,UPI,bangalore,2026,1,21,2,0,0,2066.0075,2066.0075,1514.5712
2026-01-21,BPCL,diesel,UPI,chennai,2026,1,21,2,0,0,1813.2723076923078,1813.2723076923078,1254.3777
2026-01-21,BPCL,diesel,UPI,delhi,2026,1,21,2,0,0,1679.2490909090907,1679.2490909090907,1444.8046
2026-01-21,BPCL,diesel,UPI,mumbai,2026,1,21,2,0,0,1948.2766666666669,1948.2766666666669,1450.6813
2026-01-21,BPCL,diesel,UPI,pune,2026,1,21,2,0,0,1330.9773333333333,1330.9773333333333,1314.0107
2026-01-21,BPCL,petrol,Card,bangalore,2026,1,21,2,0,0,3095.5171428571425,3095.5171428571425,3898.295
2026-01-21,BPCL,petrol,Card,chennai,2026,1,21,2,0,0,2214.8877777777775,2214.8877777777775,1309.0812
2026-01-21,BPCL,petrol,Card,delhi,2026,1,21,2,0,0,2320.816875,2320.816875,1638.8021
2026-01-21,BPCL,petrol,Card,mumbai,2026,1,21,2,0,0,1882.6116666666667,1882.6116666666667,1492.874
2026-01-21,BPCL,petrol,Card,pune,2026,1,21,2,0,0,2420.381,2420.381,1360.3202
2026-01-21,BPCL,petrol,Cash,bangalore,2026,1,21,2,0,0,2466.1639999999998,2466.1639999999998,1679.4453
2026-01-21,BPCL,petrol,Cash,chennai,2026,1,21,2,0,0,2086.0437500000003,2086.0437500000003,1305.0344
2026-01-21,BPCL,petrol,Cash,delhi,2026,1,21,2,0,0,1866.4633333333331,1866.4633333333331,1557.8424
2026-01-21,BPCL,petrol,Cash,mumbai,2026,1,21,2,0,0,1797.44125,1797.44125,1502.7261
2026-01-21,BPCL,petrol,Cash,pune,2026,1,21,2,0,0,2223.7366666666667,2223.7366666666667,1406.78
2026-01-21,BPCL,petrol,UPI,bangalore,2026,1,21,2,0,0,2505.5628571428574,2505.5628571428574,1525.1783
2026-01-21,BPCL,petrol,UPI,chennai,2026,1,21,2,0,0,1973.3138461538463,1973.3138461538463,1193.4752
2026-01-21,BPCL,petrol,UPI,delhi,2026,1,21,2,0,0,2617.1457142857143,2617.1457142857143,3378.465
2026-01-21,BPCL,petrol,UPI,mumbai,2026,1,21,2,0,0,2047.079090909091,2047.079090909091,1488.1395
2026-01-21,BPCL,petrol,UPI,pune,2026,1,21,2,0,0,1997.163,1997.163,1260.805
2026-01-21,BPCL,power petrol,Card,bangalore,2026,1,21,2,0,0,2145.02,2145.02,1632.0836
2026-01-21,BPCL,power petrol,Card,chennai,2026,1,21,2,0,0,2133.150909090909,2133.150909090909,1269.8849
2026-01-21,BPCL,power petrol,Card,delhi,2026,1,21,2,0,0,2168.163333333333,2168.163333333333,1714.214
2026-01-21,BPCL,power petrol,Card,mumbai,2026,1,21,2,0,0,1784.5966666666668,1784.5966666666668,1418.267
2026-01-21,BPCL,power petrol,Card,pune,2026,1,21,2,0,0,2765.4100000000003,2765.4100000000003,2743.7295
2026-01-21,BPCL,power petrol,Cash,bangalore,2026,1,21,2,0,0,3476.37,3476.37,3928.9995
2026-01-21,BPCL,power petrol,Cash,chennai,2026,1,21,2,0,0,2002.8188888888888,2002.8188888888888,1242.2642
2026-01-21,BPCL,power petrol,Cash,delhi,2026,1,21,2,0,0,2305.334,2305.334,1842.6838
2026-01-21,BPCL,power petrol,Cash,mumbai,2026,1,21,2,0,0,2318.9137499999997,2318.9137499999997,1594.2424
2026-01-21,BPCL,power petrol,Cash,pune,2026,1,21,2,0,0,2600.3742857142856,2600.3742857142856,2865.0513
2026-01-21,BPCL,power petrol,UPI,bangalore,2026,1,21,2,0,0,2434.395,2434.395,1615.7902
2026-01-21,BPCL,power petrol,UPI,chennai,2026,1,21,2,0,0,2866.3214285714284,2866.3214285714284,3711.7922
2026-01-21,BPCL,power petrol,UPI,delhi,2026,1,21,2,0,0,2315.961111111111,2315.961111111111,1764.4017
2026-01-21,BPCL,power petrol,UPI,mumbai,2026,1,21,2,0,0,1974.024,1974.024,1495.2643
2026-01-21,BPCL,power petrol,UPI,pune,2026,1,21,2,0,0,1944.9627272727273,1944.9627272727273,1364.3625
2026-01-21,HP,diesel,Card,bangalore,2026,1,21,2,0,0,2871.181666666667,2871.181666666667,3630.4624
2026-01-21,HP,diesel,Card,chennai,2026,1,21,2,0,0,1960.89125,1960.89125,1904.2153
2026-01-21,HP,diesel,Card,delhi,2026,1,21,2,0,0,1208.6833333333334,1208.6833333333334,1179.3236
2026-01-21,HP,diesel,Card,mumbai,2026,1,21,2,0,0,1786.7369999999999,1786.7369999999999,1759.7263
2026-01-21,HP,diesel,Card,pune,2026,1,21,2,0,0,1597.4957142857143,1597.4957142857143,1637.4249
2026-01-21,HP,diesel,Cash,bangalore,2026,1,21,2,0,0,2432.7725,2432.7725,2275.387
2026-01-21,HP,diesel,Cash,chennai,2026,1,21,2,0,0,1879.03,1879.03,1837.4387
2026-01-21,HP,diesel,Cash,delhi,2026,1,21,2,0,0,1638.6328571428571,1638.6328571428571,1782.6306
2026-01-21,HP,diesel,Cash,mumbai,2026,1,21,2,0,0,1707.6585714285716,1707.6585714285716,1813.8207
2026-01-21,HP,diesel,Cash,pune,2026,1,21,2,0,0,2379.6408333333334,2379.6408333333334,2013.7522
2026-01-21,HP,diesel,UPI,bangalore,2026,1,21,2,0,0,1802.21625,1802.21625,1968.3706
2026-01-21,HP,diesel,UPI,chennai,2026,1,21,2,0,0,2105.03125,2105.03125,1915.51
2026-01-21,HP,diesel,UPI,delhi,2026,1,21,2,0,0,1426.8066666666666,1426.8066666666666,1675.206
2026-01-21,HP,diesel,UPI,mumbai,2026,1,21,2,0,0,2395.915,2395.915,2290.179
2026-01-21,HP,diesel,UPI,pune,2026,1,21,2,0,0,2342.6475,2342.6475,2076.7285
2026-01-21,HP,petrol,Card,bangalore,2026,1,21,2,0,0,1726.2966666666669,1726.2966666666669,1887.6091
2026-01-21,HP,petrol,Card,chennai,2026,1,21,2,0,0,2772.457,2772.457,3184.1802
2026-01-21,HP,petrol,Card,delhi,2026,1,21,2,0,0,1653.8880000000001,1653.8880000000001,1706.7776
2026-01-21,HP,petrol,Card,mumbai,2026,1,21,2,0,0,2676.4533333333334,2676.4533333333334,3338.7732
2026-01-21,HP,petrol,Card,pune,2026,1,21,2,0,0,2386.945,2386.945,1956.1548
2026-01-21,HP,petrol,Cash,bangalore,2026,1,21,2,0,0,2466.4616666666666,2466.4616666666666,2287.9133
2026-01-21,HP,petrol,Cash,chennai,2026,1,21,2,0,0,2243.4049999999997,2243.4049999999997,2046.1014
2026-01-21,HP,petrol,Cash,delhi,2026,1,21,2,0,0,2151.3700000000003,2151.3700000000003,2015.1495
2026-01-21,HP,petrol,Cash,mumbai,2026,1,21,2,0,0,1801.3799999999999,1801.3799999999999,1778.8406
2026-01-21,HP,petrol,Cash,pune,2026,1,21,2,0,0,1396.2544444444443,1396.2544444444443,1395.8854
2026-01-21,HP,petrol,UPI,bangalore,2026,1,21,2,0,0,1942.2,1942.2,2014.9766
2026-01-21,HP,petrol,UPI,chennai,2026,1,21,2,0,0,1994.8986666666667,1994.8986666666667,1786.276
2026-01-21,HP,petrol,UPI,delhi,2026,1,21,2,0,0,1918.9264285714287,1918.9264285714287,1873.1542
2026-01-21,HP,petrol,UPI,mumbai,2026,1,21,2,0,0,2812.19,2812.19,3085.0964
2026-01-21,HP,petrol,UPI,pune,2026,1,21,2,0,0,1987.6850000000002,1987.6850000000002,1761.0793
2026-01-21,HP,power petrol,Card,bangalore,2026,1,21,2,0,0,3296.3419999999996,3296.3419999999996,3973.273
2026-01-21,HP,power petrol,Card,chennai,2026,1,21,2,0,0,3017.558333333333,3017.558333333333,3935.2744
2026-01-21,HP,power petrol,Card,delhi,2026,1,21,2,0,0,1895.62375,1895.62375,2140.2876
2026-01-21,HP,power petrol,Card,mumbai,2026,1,21,2,0,0,2562.9829999999997,2562.9829999999997,3242.0808
2026-01-21,HP,power petrol,Card,pune,2026,1,21,2,0,0,1996.61,1996.61,1790.5781
2026-01-21,HP,power petrol,Cash,bangalore,2026,1,21,2,0,0,0.0,,705.8681
2026-01-21,HP,power petrol,Cash,chennai,2026,1,21,2,0,0,1808.9650000000001,1808.9650000000001,1613.4545
2026-01-21,HP,power petrol,Cash,delhi,2026,1,21,2,0,0,2445.5171428571425,2445.5171428571425,2479.4734
2026-01-21,HP,power petrol,Cash,mumbai,2026,1,21,2,0,0,2096.4666666666667,2096.4666666666667,1969.6315
2026-01-21,HP,power petrol,Cash,pune,2026,1,21,2,0,0,2382.055,2382.055,1969.3851
2026-01-21,HP,power petrol,UPI,bangalore,2026,1,21,2,0,0,1548.9699999999998,1548.9699999999998,1858.4325
2026-01-21,HP,power petrol,UPI,chennai,2026,1,21,2,0,0,3449.875,3449.875,3975.2476
2026-01-21,HP,power petrol,UPI,delhi,2026,1,21,2,0,0,1322.702,1322.702,1722.9221
2026-01-21,HP,power petrol,UPI,mumbai,2026,1,21,2,0,0,1848.05,1848.05,2024.5184
2026-01-21,HP,power petrol,UPI,pune,2026,1,21,2,0,0,2527.307777777778,2527.307777777778,3165.467
2026-01-21,IOCL,diesel,Card,bangalore,2026,1,21,2,0,0,4194.373333333334,4194.373333333334,3987.0972
2026-01-21,IOCL,diesel,Card,chennai,2026,1,21,2,0,0,1461.5025,1461.5025,1714.8071
2026-01-21,IOCL,diesel,Card,delhi,2026,1,21,2,0,0,1884.988,1884.988,2064.972
2026-01-21,IOCL,diesel,Card,mumbai,2026,1,21,2,0,0,1978.7118181818184,1978.7118181818184,1930.9823
2026-01-21,IOCL,diesel,Card,pune,2026,1,21,2,0,0,1934.158888888889,1934.158888888889,1784.5366
2026-01-21,IOCL,diesel,Cash,bangalore,2026,1,21,2,0,0,1159.5700000000002,1159.5700000000002,1247.8293
2026-01-21,IOCL,diesel,Cash,chennai,2026,1,21,2,0,0,948.3340000000001,948.3340000000001,1236.7421
2026-01-21,IOCL,diesel,Cash,delhi,2026,1,21,2,0,0,1955.898,1955.898,2010.5121
2026-01-21,IOCL,diesel,Cash,mumbai,2026,1,21,2,0,0,1874.8266666666666,1874.8266666666666,1891.7556
2026-01-21,IOCL,diesel,Cash,pune,2026,1,21,2,0,0,1985.75,1985.75,1695.765
2026-01-21,IOCL,diesel,UPI,bangalore,2026,1,21,2,0,0,1737.5199999999998,1737.5199999999998,1987.1702
2026-01-21,IOCL,diesel,UPI,chennai,2026,1,21,2,0,0,1916.011,1916.011,1867.698
2026-01-21,IOCL,diesel,UPI,delhi,2026,1,21,2,0,0,2074.5945454545454,2074.5945454545454,2068.5
2026-01-21,IOCL,diesel,UPI,mumbai,2026,1,21,2,0,0,1915.90125,1915.90125,1961.2864
2026-01-21,IOCL,diesel,UPI,pune,2026,1,21,2,0,0,1043.585,1043.585,1193.133
2026-01-21,IOCL,petrol,Card,bangalore,2026,1,21,2,0,0,1443.8766666666668,1443.8766666666668,1623.516
2026-01-21,IOCL,petrol,Card,chennai,2026,1,21,2,0,0,2473.17875,2473.17875,1842.0165
2026-01-21,IOCL,petrol,Card,delhi,2026,1,21,2,0,0,2645.5636363636363,2645.5636363636363,3789.0244
2026-01-21,IOCL,petrol,Card,mumbai,2026,1,21,2,0,0,1198.185714285714,1198.185714285714,1166.9828
2026-01-21,IOCL,petrol,Card,pune,2026,1,21,2,0,0,2556.2799999999997,2556.2799999999997,3256.8953
2026-01-21,IOCL,petrol,Cash,bangalore,2026,1,21,2,0,0,2577.71,2577.71,3550.8855
2026-01-21,IOCL,petrol,Cash,chennai,2026,1,21,2,0,0,1951.1850000000002,1951.1850000000002,1687.3119
2026-01-21,IOCL,petrol,Cash,delhi,2026,1,21,2,0,0,2340.834,2340.834,2221.9192
2026-01-21,IOCL,petrol,Cash,mumbai,2026,1,21,2,0,0,2797.44,2457.228888888889,3200.3157
2026-01-21,IOCL,petrol,Cash,pune,2026,1,21,2,0,0,2498.4,2498.4,1965.4489
2026-01-21,IOCL,petrol,UPI,bangalore,2026,1,21,2,0,0,2599.9266666666667,2599.9266666666667,3507.097
2026-01-21,IOCL,petrol,UPI,chennai,2026,1,21,2,0,0,1855.25,1855.25,1621.1206
2026-01-21,IOCL,petrol,UPI,delhi,2026,1,21,2,0,0,2062.8875,2062.8875,1802.8671
2026-01-21,IOCL,petrol,UPI,mumbai,2026,1,21,2,0,0,1764.125,1764.125,1704.9231
2026-01-21,IOCL,petrol,UPI,pune,2026,1,21,2,0,0,2083.22,2083.22,1596.9052
2026-01-21,IOCL,power petrol,Card,bangalore,2026,1,21,2,0,0,2473.382857142857,2473.382857142857,2213.2976
2026-01-21,IOCL,power petrol,Card,chennai,2026,1,21,2,0,0,2190.233333333333,2190.233333333333,1913.9078
2026-01-21,IOCL,power petrol,Card,delhi,2026,1,21,2,0,0,1863.5766666666666,1863.5766666666666,2088.1858
2026-01-21,IOCL,power petrol,Card,mumbai,2026,1,21,2,0,0,2355.5714285714284,2355.5714285714284,2055.4116
2026-01-21,IOCL,power petrol,Card,pune,2026,1,21,2,0,0,2648.766153846154,2648.766153846154,3279.9172
2026-01-21,IOCL,power petrol,Cash,bangalore,2026,1,21,2,0,0,1382.03,1865.993333333333,1649.1932
2026-01-21,IOCL,power petrol,Cash,chennai,2026,1,21,2,0,0,1671.87375,1671.87375,1546.693
2026-01-21,IOCL,power petrol,Cash,delhi,2026,1,21,2,0,0,2514.805,2514.805,3959.3066
2026-01-21,IOCL,power petrol,Cash,mumbai,2026,1,21,2,0,0,2150.042857142857,2150.042857142857,1817.8079
2026-01-21,IOCL,power petrol,Cash,pune,2026,1,21,2,0,0,2724.98,2724.98,2977.3982
2026-01-21,IOCL,power petrol,UPI,bangalore,2026,1,21,2,0,0,2309.24,2309.24,2186.098
2026-01-21,IOCL,power petrol,UPI,chennai,2026,1,21,2,0,0,2456.991666666667,2456.991666666667,1905.2886
2026-01-21,IOCL,power petrol,UPI,delhi,2026,1,21,2,0,0,2472.733846153846,2472.733846153846,2413.4905
2026-01-21,IOCL,power petrol,UPI,mumbai,2026,1,21,2,0,0,2099.7028571428573,2099.7028571428573,1863.6191
2026-01-21,IOCL,power petrol,UPI,pune,2026,1,21,2,0,0,2106.649,2106.649,1655.4836
2026-01-22,BPCL,diesel,Card,bangalore,2026,1,22,3,0,0,993.4040000000001,993.4040000000001,1068.0479
2026-01-22,BPCL,diesel,Card,chennai,2026,1,22,3,0,0,2301.473,2301.473,1432.3046
2026-01-22,BPCL,diesel,Card,delhi,2026,1,22,3,0,0,2874.375,2874.375,3601.4119
2026-01-22,BPCL,diesel,Card,mumbai,2026,1,22,3,0,0,1289.77,1289.77,1320.979
2026-01-22,BPCL,diesel,Card,pune,2026,1,22,3,0,0,1298.9855555555555,1298.9855555555555,1312.0092
2026-01-22,BPCL,diesel,Cash,bangalore,2026,1,22,3,0,0,1852.3433333333335,1852.3433333333335,1600.7701
2026-01-22,BPCL,diesel,Cash,chennai,2026,1,22,3,0,0,2704.081111111111,2704.081111111111,2765.1436
2026-01-22,BPCL,diesel,Cash,delhi,2026,1,22,3,0,0,2138.9655555555555,2138.9655555555555,1495.4663
2026-01-22,BPCL,diesel,Cash,mumbai,2026,1,22,3,0,0,1864.2336363636364,1864.2336363636364,1503.5045
2026-01-22,BPCL,diesel,Cash,pune,2026,1,22,3,0,0,1948.3183333333334,1948.3183333333334,1340.6401
2026-01-22,BPCL,diesel,UPI,bangalore,2026,1,22,3,0,0,2066.0075,2066.0075,1532.0897
2026-01-22,BPCL,diesel,UPI,chennai,2026,1,22,3,0,0,1813.2723076923078,1813.2723076923078,1345.4258
2026-01-22,BPCL,diesel,UPI,delhi,2026,1,22,3,0,0,1679.2490909090907,1679.2490909090907,1461.6366
2026-01-22,BPCL,diesel,UPI,mumbai,2026,1,22,3,0,0,1948.2766666666669,1948.2766666666669,1440.7457
2026-01-22,BPCL,diesel,UPI,pune,2026,1,22,3,0,0,1330.9773333333333,1330.9773333333333,1334.7549
2026-01-22,BPCL,petrol,Card,bangalore,2026,1,22,3,0,0,3095.5171428571425,3095.5171428571425,3885.4595
2026-01-22,BPCL,petrol,Card,chennai,2026,1,22,3,0,0,2214.8877777777775,2214.8877777777775,1345.5304
2026-01-22,BPCL,petrol,Card,delhi,2026,1,22,3,0,0,2320.816875,2320.816875,1667.2567
2026-01-22,BPCL,petrol,Card,mumbai,2026,1,22,3,0,0,1882.6116666666667,1882.6116666666667,1471.5359
2026-01-22,BPCL,petrol,Card,pune,2026,1,22,3,0,0,1299.85,2420.381,1185.5344
2026-01-22,BPCL,petrol,Cash,bangalore,2026,1,22,3,0,0,2466.1639999999998,2466.1639999999998,1609.8103
2026-01-22,BPCL,petrol,Cash,chennai,2026,1,22,3,0,0,2086.0437500000003,2086.0437500000003,1282.2583
2026-01-22,BPCL,petrol,Cash,delhi,2026,1,22,3,0,0,1866.4633333333331,1866.4633333333331,1523.0743
2026-01-22,BPCL,petrol,Cash,mumbai,2026,1,22,3,0,0,1797.44125,1797.44125,1495.3132
2026-01-22,BPCL,petrol,Cash,pune,2026,1,22,3,0,0,2223.7366666666667,2223.7366666666667,1336.1665
2026-01-22,BPCL,petrol,UPI,bangalore,2026,1,22,3,0,0,2505.5628571428574,2505.5628571428574,1525.8942
2026-01-22,BPCL,petrol,UPI,chennai,2026,1,22,3,0,0,1973.3138461538463,1973.3138461538463,1248.2797
2026-01-22,BPCL,petrol,UPI,delhi,2026,1,22,3,0,0,2617.1457142857143,2617.1457142857143,3421.291
2026-01-22,BPCL,petrol,UPI,mumbai,2026,1,22,3,0,0,2047.079090909091,2047.079090909091,1490.0521
2026-01-22,BPCL,petrol,UPI,pune,2026,1,22,3,0,0,1997.163,1997.163,1259.9523
2026-01-22,BPCL,power petrol,Card,bangalore,2026,1,22,3,0,0,2145.02,2145.02,1631.7638
2026-01-22,BPCL,power petrol,Card,chennai,2026,1,22,3,0,0,2133.150909090909,2133.150909090909,1330.557
2026-01-22,BPCL,power petrol,Card,delhi,2026,1,22,3,0,0,2168.163333333333,2168.163333333333,1713.7609
2026-01-22,BPCL,power petrol,Card,mumbai,2026,1,22,3,0,0,1784.5966666666668,1784.5966666666668,1378.0377
2026-01-22,BPCL,power petrol,Card,pune,2026,1,22,3,0,0,2765.4100000000003,2765.4100000000003,2749.7627
2026-01-22,BPCL,power petrol,Cash,bangalore,2026,1,22,3,0,0,3476.37,3476.37,3939.7368
2026-01-22,BPCL,power petrol,Cash,chennai,2026,1,22,3,0,0,2002.8188888888888,2002.8188888888888,1309.2888
2026-01-22,BPCL,power petrol,Cash,delhi,2026,1,22,3,0,0,2305.334,2305.334,1854.626
2026-01-22,BPCL,power petrol,Cash,mumbai,2026,1,22,3,0,0,2318.9137499999997,2318.9137499999997,1569.8745
2026-01-22,BPCL,power petrol,Cash,pune,2026,1,22,3,0,0,2600.3742857142856,2600.3742857142856,2878.7876
2026-01-22,BPCL,power petrol,UPI,bangalore,2026,1,22,3,0,0,2434.395,2434.395,1616.4354
2026-01-22,BPCL,power petrol,UPI,chennai,2026,1,22,3,0,0,2866.3214285714284,2866.3214285714284,3720.964
2026-01-22,BPCL,power petrol,UPI,delhi,2026,1,22,3,0,0,2315.961111111111,2315.961111111111,1768.1305
2026-01-22,BPCL,power petrol,UPI,mumbai,2026,1,22,3,0,0,1974.024,1974.024,1458.348
2026-01-22,BPCL,power petrol,UPI,pune,2026,1,22,3,0,0,1944.9627272727273,1944.9627272727273,1365.5947
2026-01-22,HP,diesel,Card,bangalore,2026,1,22,3,0,0,2871.181666666667,2871.181666666667,3652.3347
2026-01-22,HP,diesel,Card,chennai,2026,1,22,3,0,0,1960.89125,1960.89125,2024.4976
2026-01-22,HP,diesel,Card,delhi,2026,1,22,3,0,0,1208.6833333333334,1208.6833333333334,1252.3323
2026-01-22,HP,diesel,Card,mumbai,2026,1,22,3,0,0,1786.7369999999999,1786.7369999999999,1779.2532
2026-01-22,HP,diesel,Card,pune,2026,1,22,3,0,0,1597.4957142857143,1597.4957142857143,1685.8608
2026-01-22,HP,diesel,Cash,bangalore,2026,1,22,3,0,0,2432.7725,2432.7725,2332.5042
2026-01-22,HP,diesel,Cash,chennai,2026,1,22,3,0,0,1879.03,1879.03,1959.7307
2026-01-22,HP,diesel,Cash,delhi,2026,1,22,3,0,0,1638.6328571428571,1638.6328571428571,1832.2882
2026-01-22,HP,diesel,Cash,mumbai,2026,1,22,3,0,0,1707.6585714285716,1707.6585714285716,1839.7145
2026-01-22,HP,diesel,Cash,pune,2026,1,22,3,0,0,2379.6408333333334,2379.6408333333334,2076.8682
2026-01-22,HP,diesel,UPI,bangalore,2026,1,22,3,0,0,1802.21625,1802.21625,2022.3767
2026-01-22,HP,diesel,UPI,chennai,2026,1,22,3,0,0,2105.03125,2105.03125,2048.6987
2026-01-22,HP,diesel,UPI,delhi,2026,1,22,3,0,0,1426.8066666666666,1426.8066666666666,1746.4507
2026-01-22,HP,diesel,UPI,mumbai,2026,1,22,3,0,0,2395.915,2395.915,2325.0354
2026-01-22,HP,diesel,UPI,pune,2026,1,22,3,0,0,2342.6475,2342.6475,2140.4749
2026-01-22,HP,petrol,Card,bangalore,2026,1,22,3,0,0,1726.2966666666669,1726.2966666666669,1908.6046
2026-01-22,HP,petrol,Card,chennai,2026,1,22,3,0,0,2772.457,2772.457,3227.3345
2026-01-22,HP,petrol,Card,delhi,2026,1,22,3,0,0,1653.8880000000001,1653.8880000000001,1724.0195
2026-01-22,HP,petrol,Card,mumbai,2026,1,22,3,0,0,2676.4533333333334,2676.4533333333334,3362.9436
2026-01-22,HP,petrol,Card,pune,2026,1,22,3,0,0,2386.945,2386.945,1987.4742
2026-01-22,HP,petrol,Cash,bangalore,2026,1,22,3,0,0,2466.4616666666666,2466.4616666666666,2251.6958
2026-01-22,HP,petrol,Cash,chennai,2026,1,22,3,0,0,2243.4049999999997,2243.4049999999997,2059.9104
2026-01-22,HP,petrol,Cash,delhi,2026,1,22,3,0,0,2151.3700000000003,2151.3700000000003,1975.7603
2026-01-22,HP,petrol,Cash,mumbai,2026,1,22,3,0,0,1801.3799999999999,1801.3799999999999,1808.4573
2026-01-22,HP,petrol,Cash,pune,2026,1,22,3,0,0,1396.2544444444443,1396.2544444444443,1364.1458
2026-01-22,HP,petrol,UPI,bangalore,2026,1,22,3,0,0,1942.2,1942.2,2053.0415
2026-01-22,HP,petrol,UPI,chennai,2026,1,22,3,0,0,1994.8986666666667,1994.8986666666667,1877.5874
2026-01-22,HP,petrol,UPI,delhi,2026,1,22,3,0,0,1918.9264285714287,1918.9264285714287,1910.4508
2026-01-22,HP,petrol,UPI,mumbai,2026,1,22,3,0,0,2812.19,2812.19,3124.277
2026-01-22,HP,petrol,UPI,pune,2026,1,22,3,0,0,1987.6850000000002,1987.6850000000002,1799.7057
2026-01-22,HP,power petrol,Card,bangalore,2026,1,22,3,0,0,3296.3419999999996,3296.3419999999996,3987.774
2026-01-22,HP,power petrol,Card,chennai,2026,1,22,3,0,0,3017.558333333333,3017.558333333333,3952.7778
2026-01-22,HP,power petrol,Card,delhi,2026,1,22,3,0,0,1895.62375,1895.62375,2183.9976
2026-01-22,HP,power petrol,Card,mumbai,2026,1,22,3,0,0,2562.9829999999997,2562.9829999999997,3256.3909
2026-01-22,HP,power petrol,Card,pune,2026,1,22,3,0,0,1996.61,1996.61,1845.9895
2026-01-22,HP,power petrol,Cash,bangalore,2026,1,22,3,0,0,0.0,,732.642
2026-01-22,HP,power petrol,Cash,chennai,2026,1,22,3,0,0,1808.9650000000001,1808.9650000000001,1722.756
2026-01-22,HP,power petrol,Cash,delhi,2026,1,22,3,0,0,2445.5171428571425,2445.5171428571425,2534.3108
2026-01-22,HP,power petrol,Cash,mumbai,2026,1,22,3,0,0,2096.4666666666667,2096.4666666666667,1984.64
2026-01-22,HP,power petrol,Cash,pune,2026,1,22,3,0,0,2382.055,2382.055,2032.6538
2026-01-22,HP,power petrol,UPI,bangalore,2026,1,22,3,0,0,1548.9699999999998,1548.9699999999998,1897.2396
2026-01-22,HP,power petrol,UPI,chennai,2026,1,22,3,0,0,3449.875,3449.875,3997.1526
2026-01-22,HP,power petrol,UPI,delhi,2026,1,22,3,0,0,1322.702,1322.702,1776.0084
2026-01-22,HP,power petrol,UPI,mumbai,2026,1,22,3,0,0,1848.05,1848.05,2031.1471
2026-01-22,HP,power petrol,UPI,pune,2026,1,22,3,0,0,2527.307777777778,2527.307777777778,3194.8794
2026-01-22,IOCL,diesel,Card,bangalore,2026,1,22,3,0,0,4194.373333333334,4194.373333333334,4026.6553
2026-01-22,IOCL,diesel,Card,chennai,2026,1,22,3,0,0,1461.5025,1461.5025,1848.7683
2026-01-22,IOCL,diesel,Card,delhi,2026,1,22,3,0,0,1884.988,1884.988,2133.442
2026-01-22,IOCL,diesel,Card,mumbai,2026,1,22,3,0,0,1978.7118181818184,1978.7118181818184,1969.6154
2026-01-22,IOCL,diesel,Card,pune,2026,1,22,3,0,0,1934.158888888889,1934.158888888889,1850.5872
2026-01-22,IOCL,diesel,Cash,bangalore,2026,1,22,3,0,0,1159.5700000000002,1159.5700000000002,1327.439
2026-01-22,IOCL,diesel,Cash,chennai,2026,1,22,3,0,0,948.3340000000001,948.3340000000001,1295.3536
2026-01-22,IOCL,diesel,Cash,delhi,2026,1,22,3,0,0,1955.898,1955.898,2081.2747
2026-01-22,IOCL,diesel,Cash,mumbai,2026,1,22,3,0,0,1874.8266666666666,1874.8266666666666,1934.7168
2026-01-22,IOCL,diesel,Cash,pune,2026,1,22,3,0,0,1985.75,1985.75,1765.891
2026-01-22,IOCL,diesel,UPI,bangalore,2026,1,22,3,0,0,1737.5199999999998,1737.5199999999998,2056.8718
2026-01-22,IOCL,diesel,UPI,chennai,2026,1,22,3,0,0,1916.011,1916.011,2014.7288
2026-01-22,IOCL,diesel,UPI,delhi,2026,1,22,3,0,0,2074.5945454545454,2074.5945454545454,2143.9229
2026-01-22,IOCL,diesel,UPI,mumbai,2026,1,22,3,0,0,1915.90125,1915.90125,2008.4114
2026-01-22,IOCL,diesel,UPI,pune,2026,1,22,3,0,0,1043.585,1043.585,1223.5437
2026-01-22,IOCL,petrol,Card,bangalore,2026,1,22,3,0,0,1443.8766666666668,1443.8766666666668,1647.2426
2026-01-22,IOCL,petrol,Card,chennai,2026,1,22,3,0,0,2473.17875,2473.17875,1921.6068
2026-01-22,IOCL,petrol,Card,delhi,2026,1,22,3,0,0,2645.5636363636363,2645.5636363636363,3830.4583
2026-01-22,IOCL,petrol,Card,mumbai,2026,1,22,3,0,0,1198.185714285714,1198.185714285714,1196.8883
2026-01-22,IOCL,petrol,Card,pune,2026,1,22,3,0,0,2556.2799999999997,2556.2799999999997,3252.6306
2026-01-22,IOCL,petrol,Cash,bangalore,2026,1,22,3,0,0,2577.71,2577.71,3501.2986
2026-01-22,IOCL,petrol,Cash,chennai,2026,1,22,3,0,0,1951.1850000000002,1951.1850000000002,1698.6498
2026-01-22,IOCL,petrol,Cash,delhi,2026,1,22,3,0,0,2340.834,2340.834,2230.3542
2026-01-22,IOCL,petrol,Cash,mumbai,2026,1,22,3,0,0,2457.228888888889,2457.228888888889,2111.5435
2026-01-22,IOCL,petrol,Cash,pune,2026,1,22,3,0,0,1190.51,2498.4,1070.2164
2026-01-22,IOCL,petrol,UPI,bangalore,2026,1,22,3,0,0,2599.9266666666667,2599.9266666666667,3538.87
2026-01-22,IOCL,petrol,UPI,chennai,2026,1,22,3,0,0,1855.25,1855.25,1714.6321
2026-01-22,IOCL,petrol,UPI,delhi,2026,1,22,3,0,0,2062.8875,2062.8875,1887.0548
2026-01-22,IOCL,petrol,UPI,mumbai,2026,1,22,3,0,0,1764.125,1764.125,1752.6294
2026-01-22,IOCL,petrol,UPI,pune,2026,1,22,3,0,0,2083.22,2083.22,1635.7333
2026-01-22,IOCL,power petrol,Card,bangalore,2026,1,22,3,0,0,2473.382857142857,2473.382857142857,2265.369
2026-01-22,IOCL,power petrol,Card,chennai,2026,1,22,3,0,0,2190.233333333333,2190.233333333333,2033.2511
2026-01-22,IOCL,power petrol,Card,delhi,2026,1,22,3,0,0,1863.5766666666666,1863.5766666666666,2142.7441
2026-01-22,IOCL,power petrol,Card,mumbai,2026,1,22,3,0,0,2355.5714285714284,2355.5714285714284,2086.6086
2026-01-22,IOCL,power petrol,Card,pune,2026,1,22,3,0,0,1963.56,2648.766153846154,1724.3441
2026-01-22,IOCL,power petrol,Cash,bangalore,2026,1,22,3,0,0,1865.993333333333,1865.993333333333,1981.9874
2026-01-22,IOCL,power petrol,Cash,chennai,2026,1,22,3,0,0,1671.87375,1671.87375,1661.9777
2026-01-22,IOCL,power petrol,Cash,delhi,2026,1,22,3,0,0,4724.01,2514.805,4671.6245
2026-01-22,IOCL,power petrol,Cash,mumbai,2026,1,22,3,0,0,2150.042857142857,2150.042857142857,1847.7039
2026-01-22,IOCL,power petrol,Cash,pune,2026,1,22,3,0,0,2724.98,2724.98,3018.3677
2026-01-22,IOCL,power petrol,UPI,bangalore,2026,1,22,3,0,0,2309.24,2309.24,2237.7266
2026-01-22,IOCL,power petrol,UPI,chennai,2026,1,22,3,0,0,2456.991666666667,2456.991666666667,2026.3533
2026-01-22,IOCL,power petrol,UPI,delhi,2026,1,22,3,0,0,2472.733846153846,2472.733846153846,2470.1348
2026-01-22,IOCL,power petrol,UPI,mumbai,2026,1,22,3,0,0,2099.7028571428573,2099.7028571428573,1889.0469
2026-01-22,IOCL,power petrol,UPI,pune,2026,1,22,3,0,0,2106.649,2106.649,1712.6897
2026-01-23,BPCL,diesel,Card,bangalore,2026,1,23,4,0,0,993.4040000000001,993.4040000000001,1068.6263
2026-01-23,BPCL,diesel,Card,chennai,2026,1,23,4,0,0,2301.473,2301.473,1469.5499
2026-01-23,BPCL,diesel,Card,delhi,2026,1,23,4,0,0,2874.375,2874.375,3388.0054
2026-01-23,BPCL,diesel,Card,mumbai,2026,1,23,4,0,0,1289.77,1289.77,1327.7573
2026-01-23,BPCL,diesel,Card,pune,2026,1,23,4,0,0,1298.9855555555555,1298.9855555555555,1306.892
2026-01-23,BPCL,diesel,Cash,bangalore,2026,1,23,4,0,0,1852.3433333333335,1852.3433333333335,1616.2516
2026-01-23,BPCL,diesel,Cash,chennai,2026,1,23,4,0,0,2704.081111111111,2704.081111111111,2530.304
2026-01-23,BPCL,diesel,Cash,delhi,2026,1,23,4,0,0,2138.9655555555555,2138.9655555555555,1558.177
2026-01-23,BPCL,diesel,Cash,mumbai,2026,1,23,4,0,0,1864.2336363636364,1864.2336363636364,1508.4857
2026-01-23,BPCL,diesel,Cash,pune,2026,1,23,4,0,0,1948.3183333333334,1948.3183333333334,1355.2207
2026-01-23,BPCL,diesel,UPI,bangalore,2026,1,23,4,0,0,2066.0075,2066.0075,1547.6427
2026-01-23,BPCL,diesel,UPI,chennai,2026,1,23,4,0,0,1813.2723076923078,1813.2723076923078,1349.6118
2026-01-23,BPCL,diesel,UPI,delhi,2026,1,23,4,0,0,1679.2490909090907,1679.2490909090907,1512.6798
2026-01-23,BPCL,diesel,UPI,mumbai,2026,1,23,4,0,0,1948.2766666666669,1948.2766666666669,1454.7535
2026-01-23,BPCL,diesel,UPI,pune,2026,1,23,4,0,0,1330.9773333333333,1330.9773333333333,1331.0504
2026-01-23,BPCL,petrol,Card,bangalore,2026,1,23,4,0,0,3095.5171428571425,3095.5171428571425,3514.8333
2026-01-23,BPCL,petrol,Card,chennai,2026,1,23,4,0,0,2214.8877777777775,2214.8877777777775,1403.0922
2026-01-23,BPCL,petrol,Card,delhi,2026,1,23,4,0,0,2320.816875,2320.816875,1773.9425
2026-01-23,BPCL,petrol,Card,mumbai,2026,1,23,4,0,0,1882.6116666666667,1882.6116666666667,1519.5029
2026-01-23,BPCL,petrol,Card,pune,2026,1,23,4,0,0,2420.381,2420.381,1405.1129
2026-01-23,BPCL,petrol,Cash,bangalore,2026,1,23,4,0,0,2466.1639999999998,2466.1639999999998,1647.2107
2026-01-23,BPCL,petrol,Cash,chennai,2026,1,23,4,0,0,2086.0437500000003,2086.0437500000003,1319.1321
2026-01-23,BPCL,petrol,Cash,delhi,2026,1,23,4,0,0,1866.4633333333331,1866.4633333333331,1605.2574
2026-01-23,BPCL,petrol,Cash,mumbai,2026,1,23,4,0,0,1797.44125,1797.44125,1505.5518
2026-01-23,BPCL,petrol,Cash,pune,2026,1,23,4,0,0,2223.7366666666667,2223.7366666666667,1374.5034
2026-01-23,BPCL,petrol,UPI,bangalore,2026,1,23,4,0,0,2505.5628571428574,2505.5628571428574,1566.399
2026-01-23,BPCL,petrol,UPI,chennai,2026,1,23,4,0,0,1973.3138461538463,1973.3138461538463,1286.9808
2026-01-23,BPCL,petrol,UPI,delhi,2026,1,23,4,0,0,2617.1457142857143,2617.1457142857143,3117.4954
2026-01-23,BPCL,petrol,UPI,mumbai,2026,1,23,4,0,0,2047.079090909091,2047.079090909091,1525.0409
2026-01-23,BPCL,petrol,UPI,pune,2026,1,23,4,0,0,1997.163,1997.163,1298.6417
2026-01-23,BPCL,power petrol,Card,bangalore,2026,1,23,4,0,0,2145.02,2145.02,1651.42
2026-01-23,BPCL,power petrol,Card,chennai,2026,1,23,4,0,0,2133.150909090909,2133.150909090909,1351.6466
2026-01-23,BPCL,power petrol,Card,delhi,2026,1,23,4,0,0,2168.163333333333,2168.163333333333,1773.5997
2026-01-23,BPCL,power petrol,Card,mumbai,2026,1,23,4,0,0,1784.5966666666668,1784.5966666666668,1392.0228
2026-01-23,BPCL,power petrol,Card,pune,2026,1,23,4,0,0,2765.4100000000003,2765.4100000000003,2460.2964
2026-01-23,BPCL,power petrol,Cash,bangalore,2026,1,23,4,0,0,3476.37,3476.37,3528.563
2026-01-23,BPCL,power petrol,Cash,chennai,2026,1,23,4,0,0,2002.8188888888888,2002.8188888888888,1324.605
2026-01-23,BPCL,power petrol,Cash,delhi,2026,1,23,4,0,0,2305.334,2305.334,1907.3965
2026-01-23,BPCL,power petrol,Cash,mumbai,2026,1,23,4,0,0,2318.9137499999997,2318.9137499999997,1570.0972
2026-01-23,BPCL,power petrol,Cash,pune,2026,1,23,4,0,0,2600.3742857142856,2600.3742857142856,2626.2593
2026-01-23,BPCL,power petrol,UPI,bangalore,2026,1,23,4,0,0,2434.395,2434.395,1650.6923
2026-01-23,BPCL,power petrol,UPI,chennai,2026,1,23,4,0,0,2866.3214285714284,2866.3214285714284,3332.036
2026-01-23,BPCL,power petrol,UPI,delhi,2026,1,23,4,0,0,2315.961111111111,2315.961111111111,1843.1195
2026-01-23,BPCL,power petrol,UPI,mumbai,2026,1,23,4,0,0,1974.024,1974.024,1470.1469
2026-01-23,BPCL,power petrol,UPI,pune,2026,1,23,4,0,0,1944.9627272727273,1944.9627272727273,1383.1326
2026-01-23,HP,diesel,Card,bangalore,2026,1,23,4,0,0,2871.181666666667,2871.181666666667,3473.1587
2026-01-23,HP,diesel,Card,chennai,2026,1,23,4,0,0,1960.89125,1960.89125,2035.5079
2026-01-23,HP,diesel,Card,delhi,2026,1,23,4,0,0,1208.6833333333334,1208.6833333333334,1202.0063
2026-01-23,HP,diesel,Card,mumbai,2026,1,23,4,0,0,1786.7369999999999,1786.7369999999999,1794.2012
2026-01-23,HP,diesel,Card,pune,2026,1,23,4,0,0,1597.4957142857143,1597.4957142857143,1692.0592
2026-01-23,HP,diesel,Cash,bangalore,2026,1,23,4,0,0,2432.7725,2432.7725,2333.4636
2026-01-23,HP,diesel,Cash,chennai,2026,1,23,4,0,0,1879.03,1879.03,1965.8394
2026-01-23,HP,diesel,Cash,delhi,2026,1,23,4,0,0,1638.6328571428571,1638.6328571428571,1783.726
2026-01-23,HP,diesel,Cash,mumbai,2026,1,23,4,0,0,1707.6585714285716,1707.6585714285716,1828.5834
2026-01-23,HP,diesel,Cash,pune,2026,1,23,4,0,0,2379.6408333333334,2379.6408333333334,2079.223
2026-01-23,HP,diesel,UPI,bangalore,2026,1,23,4,0,0,1802.21625,1802.21625,2018.8589
2026-01-23,HP,diesel,UPI,chennai,2026,1,23,4,0,0,2105.03125,2105.03125,2051.9146
2026-01-23,HP,diesel,UPI,delhi,2026,1,23,4,0,0,1426.8066666666666,1426.8066666666666,1691.7668
2026-01-23,HP,diesel,UPI,mumbai,2026,1,23,4,0,0,2395.915,2395.915,2320.679
2026-01-23,HP,diesel,UPI,pune,2026,1,23,4,0,0,2342.6475,2342.6475,2155.4563
2026-01-23,HP,petrol,Card,bangalore,2026,1,23,4,0,0,1726.2966666666669,1726.2966666666669,1933.5967
2026-01-23,HP,petrol,Card,chennai,2026,1,23,4,0,0,2772.457,2772.457,2963.2427
2026-01-23,HP,petrol,Card,delhi,2026,1,23,4,0,0,1653.8880000000001,1653.8880000000001,1707.3562
2026-01-23,HP,petrol,Card,mumbai,2026,1,23,4,0,0,2676.4533333333334,2676.4533333333334,3144.3708
2026-01-23,HP,petrol,Card,pune,2026,1,23,4,0,0,2386.945,2386.945,2040.8423
2026-01-23,HP,petrol,Cash,bangalore,2026,1,23,4,0,0,2466.4616666666666,2466.4616666666666,2274.026
2026-01-23,HP,petrol,Cash,chennai,2026,1,23,4,0,0,2243.4049999999997,2243.4049999999997,2084.89
2026-01-23,HP,petrol,Cash,delhi,2026,1,23,4,0,0,2151.3700000000003,2151.3700000000003,1959.1573
2026-01-23,HP,petrol,Cash,mumbai,2026,1,23,4,0,0,1801.3799999999999,1801.3799999999999,1819.2909
2026-01-23,HP,petrol,Cash,pune,2026,1,23,4,0,0,1396.2544444444443,1396.2544444444443,1380.444
2026-01-23,HP,petrol,UPI,bangalore,2026,1,23,4,0,0,1942.2,1942.2,2080.8083
2026-01-23,HP,petrol,UPI,chennai,2026,1,23,4,0,0,1994.8986666666667,1994.8986666666667,1908.454
2026-01-23,HP,petrol,UPI,delhi,2026,1,23,4,0,0,1918.9264285714287,1918.9264285714287,1897.0021
2026-01-23,HP,petrol,UPI,mumbai,2026,1,23,4,0,0,2812.19,2812.19,2870.8293
2026-01-23,HP,petrol,UPI,pune,2026,1,23,4,0,0,1987.6850000000002,1987.6850000000002,1829.7594
2026-01-23,HP,power petrol,Card,bangalore,2026,1,23,4,0,0,3296.3419999999996,3296.3419999999996,3679.5513
2026-01-23,HP,power petrol,Card,chennai,2026,1,23,4,0,0,3017.558333333333,3017.558333333333,3646.565
2026-01-23,HP,power petrol,Card,delhi,2026,1,23,4,0,0,1895.62375,1895.62375,2146.2188
2026-01-23,HP,power petrol,Card,mumbai,2026,1,23,4,0,0,2562.9829999999997,2562.9829999999997,3049.535
2026-01-23,HP,power petrol,Card,pune,2026,1,23,4,0,0,1996.61,1996.61,1867.261
2026-01-23,HP,power petrol,Cash,bangalore,2026,1,23,4,0,0,0.0,,730.7646
2026-01-23,HP,power petrol,Cash,chennai,2026,1,23,4,0,0,1808.9650000000001,1808.9650000000001,1720.9249
2026-01-23,HP,power petrol,Cash,delhi,2026,1,23,4,0,0,2445.5171428571425,2445.5171428571425,2476.8562
2026-01-23,HP,power petrol,Cash,mumbai,2026,1,23,4,0,0,2096.4666666666667,2096.4666666666667,1977.8326
2026-01-23,HP,power petrol,Cash,pune,2026,1,23,4,0,0,2382.055,2382.055,2036.576
2026-01-23,HP,power petrol,UPI,bangalore,2026,1,23,4,0,0,1548.9699999999998,1548.9699999999998,1894.7383
2026-01-23,HP,power petrol,UPI,chennai,2026,1,23,4,0,0,3449.875,3449.875,3680.3586
2026-01-23,HP,power petrol,UPI,delhi,2026,1,23,4,0,0,1322.702,1322.702,1714.4669
2026-01-23,HP,power petrol,UPI,mumbai,2026,1,23,4,0,0,1848.05,1848.05,2032.3539
2026-01-23,HP,power petrol,UPI,pune,2026,1,23,4,0,0,2527.307777777778,2527.307777777778,3034.4392
2026-01-23,IOCL,diesel,Card,bangalore,2026,1,23,4,0,0,4194.373333333334,4194.373333333334,3823.1543
2026-01-23,IOCL,diesel,Card,chennai,2026,1,23,4,0,0,1461.5025,1461.5025,1841.4543
2026-01-23,IOCL,diesel,Card,delhi,2026,1,23,4,0,0,1884.988,1884.988,2182.3115
2026-01-23,IOCL,diesel,Card,mumbai,2026,1,23,4,0,0,1978.7118181818184,1978.7118181818184,1979.6207
2026-01-23,IOCL,diesel,Card,pune,2026,1,23,4,0,0,1934.158888888889,1934.158888888889,1861.5715
2026-01-23,IOCL,diesel,Cash,bangalore,2026,1,23,4,0,0,1159.5700000000002,1159.5700000000002,1316.0447
2026-01-23,IOCL,diesel,Cash,chennai,2026,1,23,4,0,0,948.3340000000001,948.3340000000001,1277.1674
2026-01-23,IOCL,diesel,Cash,delhi,2026,1,23,4,0,0,1955.898,1955.898,2124.3477
2026-01-23,IOCL,diesel,Cash,mumbai,2026,1,23,4,0,0,1874.8266666666666,1874.8266666666666,1919.6702
2026-01-23,IOCL,diesel,Cash,pune,2026,1,23,4,0,0,1985.75,1985.75,1773.5592
2026-01-23,IOCL,diesel,UPI,bangalore,2026,1,23,4,0,0,1737.5199999999998,1737.5199999999998,2045.9153
2026-01-23,IOCL,diesel,UPI,chennai,2026,1,23,4,0,0,1916.011,1916.011,2009.7568
2026-01-23,IOCL,diesel,UPI,delhi,2026,1,23,4,0,0,2074.5945454545454,2074.5945454545454,2188.1907
2026-01-23,IOCL,diesel,UPI,mumbai,2026,1,23,4,0,0,1915.90125,1915.90125,2000.456
2026-01-23,IOCL,diesel,UPI,pune,2026,1,23,4,0,0,1043.585,1043.585,1218.9866
2026-01-23,IOCL,petrol,Card,bangalore,2026,1,23,4,0,0,1443.8766666666668,1443.8766666666668,1645.3036
2026-01-23,IOCL,petrol,Card,chennai,2026,1,23,4,0,0,2473.17875,2473.17875,1949.5204
2026-01-23,IOCL,petrol,Card,delhi,2026,1,23,4,0,0,2645.5636363636363,2645.5636363636363,3576.7952
2026-01-23,IOCL,petrol,Card,mumbai,2026,1,23,4,0,0,1198.185714285714,1198.185714285714,1208.1605
2026-01-23,IOCL,petrol,Card,pune,2026,1,23,4,0,0,2556.2799999999997,2556.2799999999997,3103.3804
2026-01-23,IOCL,petrol,Cash,bangalore,2026,1,23,4,0,0,2577.71,2577.71,3224.1035
2026-01-23,IOCL,petrol,Cash,chennai,2026,1,23,4,0,0,1951.1850000000002,1951.1850000000002,1710.2882
2026-01-23,IOCL,petrol,Cash,delhi,2026,1,23,4,0,0,2340.834,2340.834,2274.0183
2026-01-23,IOCL,petrol,Cash,mumbai,2026,1,23,4,0,0,2457.228888888889,2457.228888888889,2097.0027
2026-01-23,IOCL,petrol,Cash,pune,2026,1,23,4,0,0,2498.4,2498.4,1942.7719
2026-01-23,IOCL,petrol,UPI,bangalore,2026,1,23,4,0,0,2599.9266666666667,2599.9266666666667,3280.2163
2026-01-23,IOCL,petrol,UPI,chennai,2026,1,23,4,0,0,1855.25,1855.25,1724.8464
2026-01-23,IOCL,petrol,UPI,delhi,2026,1,23,4,0,0,2062.8875,2062.8875,1946.3302
2026-01-23,IOCL,petrol,UPI,mumbai,2026,1,23,4,0,0,1764.125,1764.125,1752.2834
2026-01-23,IOCL,petrol,UPI,pune,2026,1,23,4,0,0,2083.22,2083.22,1659.703
2026-01-23,IOCL,power petrol,Card,bangalore,2026,1,23,4,0,0,2473.382857142857,2473.382857142857,2270.8655
2026-01-23,IOCL,power petrol,Card,chennai,2026,1,23,4,0,0,2190.233333333333,2190.233333333333,2037.4313
2026-01-23,IOCL,power petrol,Card,delhi,2026,1,23,4,0,0,1863.5766666666666,1863.5766666666666,2172.9575
2026-01-23,IOCL,power petrol,Card,mumbai,2026,1,23,4,0,0,2355.5714285714284,2355.5714285714284,2084.5146
2026-01-23,IOCL,power petrol,Card,pune,2026,1,23,4,0,0,2648.766153846154,2648.766153846154,3118.7039
2026-01-23,IOCL,power petrol,Cash,bangalore,2026,1,23,4,0,0,1865.993333333333,1865.993333333333,1964.9476
2026-01-23,IOCL,power petrol,Cash,chennai,2026,1,23,4,0,0,1671.87375,1671.87375,1637.2106
2026-01-23,IOCL,power petrol,Cash,delhi,2026,1,23,4,0,0,2514.805,2514.805,3721.2783
2026-01-23,IOCL,power petrol,Cash,mumbai,2026,1,23,4,0,0,3371.91,2150.042857142857,3258.3848
2026-01-23,IOCL,power petrol,Cash,pune,2026,1,23,4,0,0,2724.98,2724.98,2773.5845
2026-01-23,IOCL,power petrol,UPI,bangalore,2026,1,23,4,0,0,2309.24,2309.24,2226.1208
2026-01-23,IOCL,power petrol,UPI,chennai,2026,1,23,4,0,0,2456.991666666667,2456.991666666667,2013.5615
2026-01-23,IOCL,power petrol,UPI,delhi,2026,1,23,4,0,0,2472.733846153846,2472.733846153846,2497.5002
2026-01-23,IOCL,power petrol,UPI,mumbai,2026,1,23,4,0,0,2099.7028571428573,2099.7028571428573,1869.7258
2026-01-23,IOCL,power petrol,UPI,pune,2026,1,23,4,0,0,2106.649,2106.649,1715.5859
2026-01-24,BPCL,diesel,Card,bangalore,2026,1,24,5,1,0,993.4040000000001,993.4040000000001,1062.5034
2026-01-24,BPCL,diesel,Card,chennai,2026,1,24,5,1,0,2301.473,2301.473,1481.2875
2026-01-24,BPCL,diesel,Card,delhi,2026,1,24,5,1,0,2874.375,2874.375,3363.8887
2026-01-24,BPCL,diesel,Card,mumbai,2026,1,24,5,1,0,1289.77,1289.77,1302.7551
2026-01-24,BPCL,diesel,Card,pune,2026,1,24,5,1,0,1298.9855555555555,1298.9855555555555,1295.2408
2026-01-24,BPCL,diesel,Cash,bangalore,2026,1,24,5,1,0,1852.3433333333335,1852.3433333333335,1602.485
2026-01-24,BPCL,diesel,Cash,chennai,2026,1,24,5,1,0,2704.081111111111,2704.081111111111,2540.5554
2026-01-24,BPCL,diesel,Cash,delhi,2026,1,24,5,1,0,2138.9655555555555,2138.9655555555555,1532.9917
2026-01-24,BPCL,diesel,Cash,mumbai,2026,1,24,5,1,0,1864.2336363636364,1864.2336363636364,1420.7572
2026-01-24,BPCL,diesel,Cash,pune,2026,1,24,5,1,0,1253.6,1948.3183333333334,1271.1528
2026-01-24,BPCL,diesel,UPI,bangalore,2026,1,24,5,1,0,2066.0075,2066.0075,1533.8463
2026-01-24,BPCL,diesel,UPI,chennai,2026,1,24,5,1,0,1813.2723076923078,1813.2723076923078,1362.2927
2026-01-24,BPCL,diesel,UPI,delhi,2026,1,24,5,1,0,1679.2490909090907,1679.2490909090907,1490.5548
2026-01-24,BPCL,diesel,UPI,mumbai,2026,1,24,5,1,0,1948.2766666666669,1948.2766666666669,1355.7592
2026-01-24,BPCL,diesel,UPI,pune,2026,1,24,5,1,0,1330.9773333333333,1330.9773333333333,1314.3354
2026-01-24,BPCL,petrol,Card,bangalore,2026,1,24,5,1,0,3095.5171428571425,3095.5171428571425,3484.8176
2026-01-24,BPCL,petrol,Card,chennai,2026,1,24,5,1,0,2214.8877777777775,2214.8877777777775,1425.5704
2026-01-24,BPCL,petrol,Card,delhi,2026,1,24,5,1,0,2320.816875,2320.816875,1762.4999
2026-01-24,BPCL,petrol,Card,mumbai,2026,1,24,5,1,0,1882.6116666666667,1882.6116666666667,1501.033
2026-01-24,BPCL,petrol,Card,pune,2026,1,24,5,1,0,2420.381,2420.381,1400.2806
2026-01-24,BPCL,petrol,Cash,bangalore,2026,1,24,5,1,0,2466.1639999999998,2466.1639999999998,1643.9707
2026-01-24,BPCL,petrol,Cash,chennai,2026,1,24,5,1,0,2086.0437500000003,2086.0437500000003,1338.6841
2026-01-24,BPCL,petrol,Cash,delhi,2026,1,24,5,1,0,1866.4633333333331,1866.4633333333331,1589.5458
2026-01-24,BPCL,petrol,Cash,mumbai,2026,1,24,5,1,0,1797.44125,1797.44125,1432.1753
2026-01-24,BPCL,petrol,Cash,pune,2026,1,24,5,1,0,2223.7366666666667,2223.7366666666667,1365.6079
2026-01-24,BPCL,petrol,UPI,bangalore,2026,1,24,5,1,0,2505.5628571428574,2505.5628571428574,1556.3717
2026-01-24,BPCL,petrol,UPI,chennai,2026,1,24,5,1,0,1973.3138461538463,1973.3138461538463,1306.8734
2026-01-24,BPCL,petrol,UPI,delhi,2026,1,24,5,1,0,2617.1457142857143,2617.1457142857143,3087.4617
2026-01-24,BPCL,petrol,UPI,mumbai,2026,1,24,5,1,0,2047.079090909091,2047.079090909091,1436.9503
2026-01-24,BPCL,petrol,UPI,pune,2026,1,24,5,1,0,4424.56,1997.163,3397.7341
2026-01-24,BPCL,power petrol,Card,bangalore,2026,1,24,5,1,0,2145.02,2145.02,1633.8766
2026-01-24,BPCL,power petrol,Card,chennai,2026,1,24,5,1,0,2133.150909090909,2133.150909090909,1356.2565
2026-01-24,BPCL,power petrol,Card,delhi,2026,1,24,5,1,0,2168.163333333333,2168.163333333333,1741.0448
2026-01-24,BPCL,power petrol,Card,mumbai,2026,1,24,5,1,0,1784.5966666666668,1784.5966666666668,1360.848
2026-01-24,BPCL,power petrol,Card,pune,2026,1,24,5,1,0,2765.4100000000003,2765.4100000000003,2433.1777
2026-01-24,BPCL,power petrol,Cash,bangalore,2026,1,24,5,1,0,3476.37,3476.37,3487.3667
2026-01-24,BPCL,power petrol,Cash,chennai,2026,1,24,5,1,0,2002.8188888888888,2002.8188888888888,1326.3335
2026-01-24,BPCL,power petrol,Cash,delhi,2026,1,24,5,1,0,2305.334,2305.334,1872.2654
2026-01-24,BPCL,power petrol,Cash,mumbai,2026,1,24,5,1,0,2318.9137499999997,2318.9137499999997,1475.8398
2026-01-24,BPCL,power petrol,Cash,pune,2026,1,24,5,1,0,1796.86,2600.3742857142856,1282.9272
2026-01-24,BPCL,power petrol,UPI,bangalore,2026,1,24,5,1,0,2434.395,2434.395,1629.9647
2026-01-24,BPCL,power petrol,UPI,chennai,2026,1,24,5,1,0,2866.3214285714284,2866.3214285714284,3312.5374
2026-01-24,BPCL,power petrol,UPI,delhi,2026,1,24,5,1,0,2315.961111111111,2315.961111111111,1806.1132
2026-01-24,BPCL,power petrol,UPI,mumbai,2026,1,24,5,1,0,1974.024,1974.024,1363.5128
2026-01-24,BPCL,power petrol,UPI,pune,2026,1,24,5,1,0,1944.9627272727273,1944.9627272727273,1355.6787
2026-01-24,HP,diesel,Card,bangalore,2026,1,24,5,1,0,2871.181666666667,2871.181666666667,3399.7302
2026-01-24,HP,diesel,Card,chennai,2026,1,24,5,1,0,1960.89125,1960.89125,1958.5117
2026-01-24,HP,diesel,Card,delhi,2026,1,24,5,1,0,1208.6833333333334,1208.6833333333334,1129.2094
2026-01-24,HP,diesel,Card,mumbai,2026,1,24,5,1,0,1786.7369999999999,1786.7369999999999,1702.4274
2026-01-24,HP,diesel,Card,pune,2026,1,24,5,1,0,1597.4957142857143,1597.4957142857143,1613.8674
2026-01-24,HP,diesel,Cash,bangalore,2026,1,24,5,1,0,2432.7725,2432.7725,2250.9978
2026-01-24,HP,diesel,Cash,chennai,2026,1,24,5,1,0,1879.03,1879.03,1879.3413
2026-01-24,HP,diesel,Cash,delhi,2026,1,24,5,1,0,1638.6328571428571,1638.6328571428571,1699.9385
2026-01-24,HP,diesel,Cash,mumbai,2026,1,24,5,1,0,1707.6585714285716,1707.6585714285716,1671.2241
2026-01-24,HP,diesel,Cash,pune,2026,1,24,5,1,0,2379.6408333333334,2379.6408333333334,1992.0306
2026-01-24,HP,diesel,UPI,bangalore,2026,1,24,5,1,0,1802.21625,1802.21625,1917.811
2026-01-24,HP,diesel,UPI,chennai,2026,1,24,5,1,0,2105.03125,2105.03125,1954.4712
2026-01-24,HP,diesel,UPI,delhi,2026,1,24,5,1,0,1426.8066666666666,1426.8066666666666,1596.5247
2026-01-24,HP,diesel,UPI,mumbai,2026,1,24,5,1,0,2395.915,2395.915,2134.7046
2026-01-24,HP,diesel,UPI,pune,2026,1,24,5,1,0,2342.6475,2342.6475,2052.8733
2026-01-24,HP,petrol,Card,bangalore,2026,1,24,5,1,0,2115.43,1726.2966666666669,2041.0947
2026-01-24,HP,petrol,Card,chennai,2026,1,24,5,1,0,2772.457,2772.457,2879.5205
2026-01-24,HP,petrol,Card,delhi,2026,1,24,5,1,0,1653.8880000000001,1653.8880000000001,1615.5126
2026-01-24,HP,petrol,Card,mumbai,2026,1,24,5,1,0,2676.4533333333334,2676.4533333333334,3028.885
2026-01-24,HP,petrol,Card,pune,2026,1,24,5,1,0,2386.945,2386.945,1944.6503
2026-01-24,HP,petrol,Cash,bangalore,2026,1,24,5,1,0,2466.4616666666666,2466.4616666666666,2168.7793
2026-01-24,HP,petrol,Cash,chennai,2026,1,24,5,1,0,2243.4049999999997,2243.4049999999997,1997.9003
2026-01-24,HP,petrol,Cash,delhi,2026,1,24,5,1,0,2151.3700000000003,2151.3700000000003,1852.9546
2026-01-24,HP,petrol,Cash,mumbai,2026,1,24,5,1,0,1801.3799999999999,1801.3799999999999,1639.6289
2026-01-24,HP,petrol,Cash,pune,2026,1,24,5,1,0,1396.2544444444443,1396.2544444444443,1273.2866
2026-01-24,HP,petrol,UPI,bangalore,2026,1,24,5,1,0,1942.2,1942.2,1969.8174
2026-01-24,HP,petrol,UPI,chennai,2026,1,24,5,1,0,1994.8986666666667,1994.8986666666667,1823.4474
2026-01-24,HP,petrol,UPI,delhi,2026,1,24,5,1,0,1918.9264285714287,1918.9264285714287,1792.1305
2026-01-24,HP,petrol,UPI,mumbai,2026,1,24,5,1,0,2812.19,2812.19,2673.1936
2026-01-24,HP,petrol,UPI,pune,2026,1,24,5,1,0,1987.6850000000002,1987.6850000000002,1711.7765
2026-01-24,HP,power petrol,Card,bangalore,2026,1,24,5,1,0,3296.3419999999996,3296.3419999999996,3551.0747
2026-01-24,HP,power petrol,Card,chennai,2026,1,24,5,1,0,3017.558333333333,3017.558333333333,3540.0854
2026-01-24,HP,power petrol,Card,delhi,2026,1,24,5,1,0,1895.62375,1895.62375,2037.9073
2026-01-24,HP,power petrol,Card,mumbai,2026,1,24,5,1,0,2562.9829999999997,2562.9829999999997,2925.1843
2026-01-24,HP,power petrol,Card,pune,2026,1,24,5,1,0,1996.61,1996.61,1760.1226
2026-01-24,HP,power petrol,Cash,bangalore,2026,1,24,5,1,0,0.0,,614.23395
2026-01-24,HP,power petrol,Cash,chennai,2026,1,24,5,1,0,1808.9650000000001,1808.9650000000001,1622.7297
2026-01-24,HP,power petrol,Cash,delhi,2026,1,24,5,1,0,2445.5171428571425,2445.5171428571425,2356.5857
2026-01-24,HP,power petrol,Cash,mumbai,2026,1,24,5,1,0,2096.4666666666667,2096.4666666666667,1786.6278
2026-01-24,HP,power petrol,Cash,pune,2026,1,24,5,1,0,1243.85,2382.055,1218.3538
2026-01-24,HP,power petrol,UPI,bangalore,2026,1,24,5,1,0,1548.9699999999998,1548.9699999999998,1761.5027
2026-01-24,HP,power petrol,UPI,chennai,2026,1,24,5,1,0,3449.875,3449.875,3551.2634
2026-01-24,HP,power petrol,UPI,delhi,2026,1,24,5,1,0,1322.702,1322.702,1584.3553
2026-01-24,HP,power petrol,UPI,mumbai,2026,1,24,5,1,0,1848.05,1848.05,1813.3036
2026-01-24,HP,power petrol,UPI,pune,2026,1,24,5,1,0,2527.307777777778,2527.307777777778,2898.389
2026-01-24,IOCL,diesel,Card,bangalore,2026,1,24,5,1,0,4194.373333333334,4194.373333333334,3748.7283
2026-01-24,IOCL,diesel,Card,chennai,2026,1,24,5,1,0,1461.5025,1461.5025,1761.8325
2026-01-24,IOCL,diesel,Card,delhi,2026,1,24,5,1,0,1884.988,1884.988,2105.3665
2026-01-24,IOCL,diesel,Card,mumbai,2026,1,24,5,1,0,1978.7118181818184,1978.7118181818184,1888.0309
2026-01-24,IOCL,diesel,Card,pune,2026,1,24,5,1,0,1934.158888888889,1934.158888888889,1785.7603
2026-01-24,IOCL,diesel,Cash,bangalore,2026,1,24,5,1,0,1159.5700000000002,1159.5700000000002,1241.6946
2026-01-24,IOCL,diesel,Cash,chennai,2026,1,24,5,1,0,948.3340000000001,948.3340000000001,1205.7789
2026-01-24,IOCL,diesel,Cash,delhi,2026,1,24,5,1,0,1955.898,1955.898,2041.7296
2026-01-24,IOCL,diesel,Cash,mumbai,2026,1,24,5,1,0,1874.8266666666666,1874.8266666666666,1795.8916
2026-01-24,IOCL,diesel,Cash,pune,2026,1,24,5,1,0,1985.75,1985.75,1701.2516
2026-01-24,IOCL,diesel,UPI,bangalore,2026,1,24,5,1,0,1737.5199999999998,1737.5199999999998,1954.1558
2026-01-24,IOCL,diesel,UPI,chennai,2026,1,24,5,1,0,1916.011,1916.011,1917.3835
2026-01-24,IOCL,diesel,UPI,delhi,2026,1,24,5,1,0,2074.5945454545454,2074.5945454545454,2087.7185
2026-01-24,IOCL,diesel,UPI,mumbai,2026,1,24,5,1,0,1915.90125,1915.90125,1848.675
2026-01-24,IOCL,diesel,UPI,pune,2026,1,24,5,1,0,1043.585,1043.585,1132.8389
2026-01-24,IOCL,petrol,Card,bangalore,2026,1,24,5,1,0,1443.8766666666668,1443.8766666666668,1560.9281
2026-01-24,IOCL,petrol,Card,chennai,2026,1,24,5,1,0,2473.17875,2473.17875,1884.2833
2026-01-24,IOCL,petrol,Card,delhi,2026,1,24,5,1,0,2645.5636363636363,2645.5636363636363,3461.889
2026-01-24,IOCL,petrol,Card,mumbai,2026,1,24,5,1,0,1198.185714285714,1198.185714285714,1112.0685
2026-01-24,IOCL,petrol,Card,pune,2026,1,24,5,1,0,2556.2799999999997,2556.2799999999997,3010.4355
2026-01-24,IOCL,petrol,Cash,bangalore,2026,1,24,5,1,0,2577.71,2577.71,3126.7085
2026-01-24,IOCL,petrol,Cash,chennai,2026,1,24,5,1,0,1951.1850000000002,1951.1850000000002,1644.0319
2026-01-24,IOCL,petrol,Cash,delhi,2026,1,24,5,1,0,2340.834,2340.834,2176.6084
2026-01-24,IOCL,petrol,Cash,mumbai,2026,1,24,5,1,0,2457.228888888889,2457.228888888889,1959.8212
2026-01-24,IOCL,petrol,Cash,pune,2026,1,24,5,1,0,2498.4,2498.4,1855.247
2026-01-24,IOCL,petrol,UPI,bangalore,2026,1,24,5,1,0,2599.9266666666667,2599.9266666666667,3181.4138
2026-01-24,IOCL,petrol,UPI,chennai,2026,1,24,5,1,0,1855.25,1855.25,1656.1367
2026-01-24,IOCL,petrol,UPI,delhi,2026,1,24,5,1,0,1453.96,2062.8875,1535.8254
2026-01-24,IOCL,petrol,UPI,mumbai,2026,1,24,5,1,0,1764.125,1764.125,1602.5991
2026-01-24,IOCL,petrol,UPI,pune,2026,1,24,5,1,0,2083.22,2083.22,1569.2714
2026-01-24,IOCL,power petrol,Card,bangalore,2026,1,24,5,1,0,2473.382857142857,2473.382857142857,2178.8362
2026-01-24,IOCL,power petrol,Card,chennai,2026,1,24,5,1,0,2190.233333333333,2190.233333333333,1966.961
2026-01-24,IOCL,power petrol,Card,delhi,2026,1,24,5,1,0,1863.5766666666666,1863.5766666666666,2073.348
2026-01-24,IOCL,power petrol,Card,mumbai,2026,1,24,5,1,0,2355.5714285714284,2355.5714285714284,1979.329
2026-01-24,IOCL,power petrol,Card,pune,2026,1,24,5,1,0,2648.766153846154,2648.766153846154,3024.5212
2026-01-24,IOCL,power petrol,Cash,bangalore,2026,1,24,5,1,0,1865.993333333333,1865.993333333333,1870.996
2026-01-24,IOCL,power petrol,Cash,chennai,2026,1,24,5,1,0,1671.87375,1671.87375,1566.0599
2026-01-24,IOCL,power petrol,Cash,delhi,2026,1,24,5,1,0,2514.805,2514.805,3588.3123
2026-01-24,IOCL,power petrol,Cash,mumbai,2026,1,24,5,1,0,2150.042857142857,2150.042857142857,1676.5347
2026-01-24,IOCL,power petrol,Cash,pune,2026,1,24,5,1,0,2724.98,2724.98,2677.8015
2026-01-24,IOCL,power petrol,UPI,bangalore,2026,1,24,5,1,0,2309.24,2309.24,2119.9475
2026-01-24,IOCL,power petrol,UPI,chennai,2026,1,24,5,1,0,2456.991666666667,2456.991666666667,1929.044
2026-01-24,IOCL,power petrol,UPI,delhi,2026,1,24,5,1,0,2472.733846153846,2472.733846153846,2373.0413
2026-01-24,IOCL,power petrol,UPI,mumbai,2026,1,24,5,1,0,2099.7028571428573,2099.7028571428573,1704.1528
2026-01-24,IOCL,power petrol,UPI,pune,2026,1,24,5,1,0,2106.649,2106.649,1614.7466
2026-01-25,BPCL,diesel,Card,bangalore,2026,1,25,6,1,0,993.4040000000001,993.4040000000001,1333.7881
2026-01-25,BPCL,diesel,Card,chennai,2026,1,25,6,1,0,2301.473,2301.473,1784.5765
2026-01-25,BPCL,diesel,Card,delhi,2026,1,25,6,1,0,2874.375,2874.375,3513.0298
2026-01-25,BPCL,diesel,Card,mumbai,2026,1,25,6,1,0,1289.77,1289.77,1594.8544
2026-01-25,BPCL,diesel,Card,pune,2026,1,25,6,1,0,1298.9855555555555,1298.9855555555555,1638.0901
2026-01-25,BPCL,diesel,Cash,bangalore,2026,1,25,6,1,0,1852.3433333333335,1852.3433333333335,1869.1849
2026-01-25,BPCL,diesel,Cash,chennai,2026,1,25,6,1,0,2704.081111111111,2704.081111111111,2781.4563
2026-01-25,BPCL,diesel,Cash,delhi,2026,1,25,6,1,0,2138.9655555555555,2138.9655555555555,1812.3792
2026-01-25,BPCL,diesel,Cash,mumbai,2026,1,25,6,1,0,1864.2336363636364,1864.2336363636364,1695.3541
2026-01-25,BPCL,diesel,Cash,pune,2026,1,25,6,1,0,1948.3183333333334,1948.3183333333334,1660.2373
2026-01-25,BPCL,diesel,UPI,bangalore,2026,1,25,6,1,0,2066.0075,2066.0075,1789.1954
2026-01-25,BPCL,diesel,UPI,chennai,2026,1,25,6,1,0,1813.2723076923078,1813.2723076923078,1710.4773
2026-01-25,BPCL,diesel,UPI,delhi,2026,1,25,6,1,0,1679.2490909090907,1679.2490909090907,1790.3717
2026-01-25,BPCL,diesel,UPI,mumbai,2026,1,25,6,1,0,1948.2766666666669,1948.2766666666669,1618.7572
2026-01-25,BPCL,diesel,UPI,pune,2026,1,25,6,1,0,1330.9773333333333,1330.9773333333333,1659.6356
2026-01-25,BPCL,petrol,Card,bangalore,2026,1,25,6,1,0,3095.5171428571425,3095.5171428571425,3619.7683
2026-01-25,BPCL,petrol,Card,chennai,2026,1,25,6,1,0,2214.8877777777775,2214.8877777777775,1629.5477
2026-01-25,BPCL,petrol,Card,delhi,2026,1,25,6,1,0,2320.816875,2320.816875,1841.4967
2026-01-25,BPCL,petrol,Card,mumbai,2026,1,25,6,1,0,1882.6116666666667,1882.6116666666667,1624.9626
2026-01-25,BPCL,petrol,Card,pune,2026,1,25,6,1,0,2420.381,2420.381,1590.9891
2026-01-25,BPCL,petrol,Cash,bangalore,2026,1,25,6,1,0,2466.1639999999998,2466.1639999999998,1787.3799
2026-01-25,BPCL,petrol,Cash,chennai,2026,1,25,6,1,0,2086.0437500000003,2086.0437500000003,1560.0383
2026-01-25,BPCL,petrol,Cash,delhi,2026,1,25,6,1,0,1866.4633333333331,1866.4633333333331,1701.9154
2026-01-25,BPCL,petrol,Cash,mumbai,2026,1,25,6,1,0,1797.44125,1797.44125,1583.3999
2026-01-25,BPCL,petrol,Cash,pune,2026,1,25,6,1,0,2223.7366666666667,2223.7366666666667,1560.0906
2026-01-25,BPCL,petrol,UPI,bangalore,2026,1,25,6,1,0,2505.5628571428574,2505.5628571428574,1708.8324
2026-01-25,BPCL,petrol,UPI,chennai,2026,1,25,6,1,0,1973.3138461538463,1973.3138461538463,1527.6869
2026-01-25,BPCL,petrol,UPI,delhi,2026,1,25,6,1,0,2617.1457142857143,2617.1457142857143,3141.8022
2026-01-25,BPCL,petrol,UPI,mumbai,2026,1,25,6,1,0,2047.079090909091,2047.079090909091,1566.2084
2026-01-25,BPCL,petrol,UPI,pune,2026,1,25,6,1,0,1997.163,1997.163,1496.7819
2026-01-25,BPCL,power petrol,Card,bangalore,2026,1,25,6,1,0,2145.02,2145.02,1953.4471
2026-01-25,BPCL,power petrol,Card,chennai,2026,1,25,6,1,0,2133.150909090909,2133.150909090909,1751.8734
2026-01-25,BPCL,power petrol,Card,delhi,2026,1,25,6,1,0,2168.163333333333,2168.163333333333,1938.5314
2026-01-25,BPCL,power petrol,Card,mumbai,2026,1,25,6,1,0,1784.5966666666668,1784.5966666666668,1686.9452
2026-01-25,BPCL,power petrol,Card,pune,2026,1,25,6,1,0,2765.4100000000003,2765.4100000000003,2725.23
2026-01-25,BPCL,power petrol,Cash,bangalore,2026,1,25,6,1,0,3476.37,3476.37,3767.2998
2026-01-25,BPCL,power petrol,Cash,chennai,2026,1,25,6,1,0,2002.8188888888888,2002.8188888888888,1727.9119
2026-01-25,BPCL,power petrol,Cash,delhi,2026,1,25,6,1,0,2305.334,2305.334,2036.7954
2026-01-25,BPCL,power petrol,Cash,mumbai,2026,1,25,6,1,0,2318.9137499999997,2318.9137499999997,1761.4407
2026-01-25,BPCL,power petrol,Cash,pune,2026,1,25,6,1,0,2600.3742857142856,2600.3742857142856,2894.2056
2026-01-25,BPCL,power petrol,UPI,bangalore,2026,1,25,6,1,0,2434.395,2434.395,1945.316
2026-01-25,BPCL,power petrol,UPI,chennai,2026,1,25,6,1,0,2866.3214285714284,2866.3214285714284,3605.5957
2026-01-25,BPCL,power petrol,UPI,delhi,2026,1,25,6,1,0,2315.961111111111,2315.961111111111,1973.7645
2026-01-25,BPCL,power petrol,UPI,mumbai,2026,1,25,6,1,0,1974.024,1974.024,1673.08
2026-01-25,BPCL,power petrol,UPI,pune,2026,1,25,6,1,0,1944.9627272727273,1944.9627272727273,1742.5767
2026-01-25,HP,diesel,Card,bangalore,2026,1,25,6,1,0,2871.181666666667,2871.181666666667,3511.018
2026-01-25,HP,diesel,Card,chennai,2026,1,25,6,1,0,1960.89125,1960.89125,2261.7305
2026-01-25,HP,diesel,Card,delhi,2026,1,25,6,1,0,1208.6833333333334,1208.6833333333334,1438.5195
2026-01-25,HP,diesel,Card,mumbai,2026,1,25,6,1,0,1786.7369999999999,1786.7369999999999,2058.5134
2026-01-25,HP,diesel,Card,pune,2026,1,25,6,1,0,1597.4957142857143,1597.4957142857143,1983.4265
2026-01-25,HP,diesel,Cash,bangalore,2026,1,25,6,1,0,2432.7725,2432.7725,2461.952
2026-01-25,HP,diesel,Cash,chennai,2026,1,25,6,1,0,1879.03,1879.03,2202.3093
2026-01-25,HP,diesel,Cash,delhi,2026,1,25,6,1,0,1638.6328571428571,1638.6328571428571,2114.5173
2026-01-25,HP,diesel,Cash,mumbai,2026,1,25,6,1,0,1707.6585714285716,1707.6585714285716,2048.513
2026-01-25,HP,diesel,Cash,pune,2026,1,25,6,1,0,2379.6408333333334,2379.6408333333334,2247.9902
2026-01-25,HP,diesel,UPI,bangalore,2026,1,25,6,1,0,1802.21625,1802.21625,2210.0134
2026-01-25,HP,diesel,UPI,chennai,2026,1,25,6,1,0,2105.03125,2105.03125,2263.3496
2026-01-25,HP,diesel,UPI,delhi,2026,1,25,6,1,0,1426.8066666666666,1426.8066666666666,2002.8967
2026-01-25,HP,diesel,UPI,mumbai,2026,1,25,6,1,0,2395.915,2395.915,2388.7146
2026-01-25,HP,diesel,UPI,pune,2026,1,25,6,1,0,2342.6475,2342.6475,2295.963
2026-01-25,HP,petrol,Card,bangalore,2026,1,25,6,1,0,1726.2966666666669,1726.2966666666669,1975.29
2026-01-25,HP,petrol,Card,chennai,2026,1,25,6,1,0,2772.457,2772.457,2875.9617
2026-01-25,HP,petrol,Card,delhi,2026,1,25,6,1,0,1653.8880000000001,1653.8880000000001,1845.5225
2026-01-25,HP,petrol,Card,mumbai,2026,1,25,6,1,0,2676.4533333333334,2676.4533333333334,3058.5989
2026-01-25,HP,petrol,Card,pune,2026,1,25,6,1,0,2386.945,2386.945,2043.0176
2026-01-25,HP,petrol,Cash,bangalore,2026,1,25,6,1,0,2466.4616666666666,2466.4616666666666,2223.412
2026-01-25,HP,petrol,Cash,chennai,2026,1,25,6,1,0,2243.4049999999997,2243.4049999999997,2078.7263
2026-01-25,HP,petrol,Cash,delhi,2026,1,25,6,1,0,2151.3700000000003,2151.3700000000003,2031.4546
2026-01-25,HP,petrol,Cash,mumbai,2026,1,25,6,1,0,1801.3799999999999,1801.3799999999999,1860.8228
2026-01-25,HP,petrol,Cash,pune,2026,1,25,6,1,0,1396.2544444444443,1396.2544444444443,1513.6643
2026-01-25,HP,petrol,UPI,bangalore,2026,1,25,6,1,0,1942.2,1942.2,2088.2957
2026-01-25,HP,petrol,UPI,chennai,2026,1,25,6,1,0,1994.8986666666667,1994.8986666666667,1983.6362
2026-01-25,HP,petrol,UPI,delhi,2026,1,25,6,1,0,1918.9264285714287,1918.9264285714287,1975.1256
2026-01-25,HP,petrol,UPI,mumbai,2026,1,25,6,1,0,2812.19,2812.19,2708.034
2026-01-25,HP,petrol,UPI,pune,2026,1,25,6,1,0,1987.6850000000002,1987.6850000000002,1895.3337
2026-01-25,HP,power petrol,Card,bangalore,2026,1,25,6,1,0,3296.3419999999996,3296.3419999999996,3729.833
2026-01-25,HP,power petrol,Card,chennai,2026,1,25,6,1,0,3017.558333333333,3017.558333333333,3694.06
2026-01-25,HP,power petrol,Card,delhi,2026,1,25,6,1,0,1895.62375,1895.62375,2313.4941
2026-01-25,HP,power petrol,Card,mumbai,2026,1,25,6,1,0,2562.9829999999997,2562.9829999999997,3130.027
2026-01-25,HP,power petrol,Card,pune,2026,1,25,6,1,0,1996.61,1996.61,2137.012
2026-01-25,HP,power petrol,Cash,bangalore,2026,1,25,6,1,0,0.0,,859.83
2026-01-25,HP,power petrol,Cash,chennai,2026,1,25,6,1,0,1808.9650000000001,1808.9650000000001,2014.937
2026-01-25,HP,power petrol,Cash,delhi,2026,1,25,6,1,0,2445.5171428571425,2445.5171428571425,2541.5276
2026-01-25,HP,power petrol,Cash,mumbai,2026,1,25,6,1,0,2096.4666666666667,2096.4666666666667,2183.6787
2026-01-25,HP,power petrol,Cash,pune,2026,1,25,6,1,0,2382.055,2382.055,2218.2688
2026-01-25,HP,power petrol,UPI,bangalore,2026,1,25,6,1,0,1548.9699999999998,1548.9699999999998,2138.7344
2026-01-25,HP,power petrol,UPI,chennai,2026,1,25,6,1,0,3449.875,3449.875,3707.9482
2026-01-25,HP,power petrol,UPI,delhi,2026,1,25,6,1,0,1322.702,1322.702,1935.9675
2026-01-25,HP,power petrol,UPI,mumbai,2026,1,25,6,1,0,1848.05,1848.05,2210.6658
2026-01-25,HP,power petrol,UPI,pune,2026,1,25,6,1,0,2527.307777777778,2527.307777777778,3098.0312
2026-01-25,IOCL,diesel,Card,bangalore,2026,1,25,6,1,0,4194.373333333334,4194.373333333334,3849.3958
2026-01-25,IOCL,diesel,Card,chennai,2026,1,25,6,1,0,1461.5025,1461.5025,2141.9133
2026-01-25,IOCL,diesel,Card,delhi,2026,1,25,6,1,0,1884.988,1884.988,2433.163
2026-01-25,IOCL,diesel,Card,mumbai,2026,1,25,6,1,0,1978.7118181818184,1978.7118181818184,2220.1013
2026-01-25,IOCL,diesel,Card,pune,2026,1,25,6,1,0,1934.158888888889,1934.158888888889,2105.3843
2026-01-25,IOCL,diesel,Cash,bangalore,2026,1,25,6,1,0,1159.5700000000002,1159.5700000000002,1510.5852
2026-01-25,IOCL,diesel,Cash,chennai,2026,1,25,6,1,0,948.3340000000001,948.3340000000001,1474.0188
2026-01-25,IOCL,diesel,Cash,delhi,2026,1,25,6,1,0,1955.898,1955.898,2393.46
2026-01-25,IOCL,diesel,Cash,mumbai,2026,1,25,6,1,0,1874.8266666666666,1874.8266666666666,2150.4236
2026-01-25,IOCL,diesel,Cash,pune,2026,1,25,6,1,0,1985.75,1985.75,2042.8801
2026-01-25,IOCL,diesel,UPI,bangalore,2026,1,25,6,1,0,2857.87,1737.5199999999998,3025.177
2026-01-25,IOCL,diesel,UPI,chennai,2026,1,25,6,1,0,2387.81,1916.011,2386.2588
2026-01-25,IOCL,diesel,UPI,delhi,2026,1,25,6,1,0,2074.5945454545454,2074.5945454545454,2424.0066
2026-01-25,IOCL,diesel,UPI,mumbai,2026,1,25,6,1,0,1915.90125,1915.90125,2185.9507
2026-01-25,IOCL,diesel,UPI,pune,2026,1,25,6,1,0,1043.585,1043.585,1387.345
2026-01-25,IOCL,petrol,Card,bangalore,2026,1,25,6,1,0,1443.8766666666668,1443.8766666666668,1766.4235
2026-01-25,IOCL,petrol,Card,chennai,2026,1,25,6,1,0,2473.17875,2473.17875,2029.3469
2026-01-25,IOCL,petrol,Card,delhi,2026,1,25,6,1,0,2645.5636363636363,2645.5636363636363,3473.7449
2026-01-25,IOCL,petrol,Card,mumbai,2026,1,25,6,1,0,1198.185714285714,1198.185714285714,1267.2899
2026-01-25,IOCL,petrol,Card,pune,2026,1,25,6,1,0,2556.2799999999997,2556.2799999999997,3047.9639
2026-01-25,IOCL,petrol,Cash,bangalore,2026,1,25,6,1,0,2577.71,2577.71,3166.9043
2026-01-25,IOCL,petrol,Cash,chennai,2026,1,25,6,1,0,1951.1850000000002,1951.1850000000002,1870.8788
2026-01-25,IOCL,petrol,Cash,delhi,2026,1,25,6,1,0,2340.834,2340.834,2270.319
2026-01-25,IOCL,petrol,Cash,mumbai,2026,1,25,6,1,0,2457.228888888889,2457.228888888889,2085.2595
2026-01-25,IOCL,petrol,Cash,pune,2026,1,25,6,1,0,2498.4,2498.4,1998.9159
2026-01-25,IOCL,petrol,UPI,bangalore,2026,1,25,6,1,0,2599.9266666666667,2599.9266666666667,3224.3435
2026-01-25,IOCL,petrol,UPI,chennai,2026,1,25,6,1,0,1855.25,1855.25,1884.9353
2026-01-25,IOCL,petrol,UPI,delhi,2026,1,25,6,1,0,2062.8875,2062.8875,2034.4976
2026-01-25,IOCL,petrol,UPI,mumbai,2026,1,25,6,1,0,1764.125,1764.125,1836.0333
2026-01-25,IOCL,petrol,UPI,pune,2026,1,25,6,1,0,2083.22,2083.22,1782.5175
2026-01-25,IOCL,power petrol,Card,bangalore,2026,1,25,6,1,0,2473.382857142857,2473.382857142857,2440.2524
2026-01-25,IOCL,power petrol,Card,chennai,2026,1,25,6,1,0,2190.233333333333,2190.233333333333,2285.4683
2026-01-25,IOCL,power petrol,Card,delhi,2026,1,25,6,1,0,1863.5766666666666,1863.5766666666666,2343.7534
2026-01-25,IOCL,power petrol,Card,mumbai,2026,1,25,6,1,0,2355.5714285714284,2355.5714285714284,2272.8125
2026-01-25,IOCL,power petrol,Card,pune,2026,1,25,6,1,0,2648.766153846154,2648.766153846154,3229.0674
2026-01-25,IOCL,power petrol,Cash,bangalore,2026,1,25,6,1,0,1865.993333333333,1865.993333333333,2213.0632
2026-01-25,IOCL,power petrol,Cash,chennai,2026,1,25,6,1,0,1671.87375,1671.87375,2020.6355
2026-01-25,IOCL,power petrol,Cash,delhi,2026,1,25,6,1,0,2514.805,2514.805,3672.9014
2026-01-25,IOCL,power petrol,Cash,mumbai,2026,1,25,6,1,0,2150.042857142857,2150.042857142857,2065.6406
2026-01-25,IOCL,power petrol,Cash,pune,2026,1,25,6,1,0,2724.98,2724.98,2887.9736
2026-01-25,IOCL,power petrol,UPI,bangalore,2026,1,25,6,1,0,2309.24,2309.24,2392.702
2026-01-25,IOCL,power petrol,UPI,chennai,2026,1,25,6,1,0,2456.991666666667,2456.991666666667,2258.954
2026-01-25,IOCL,power petrol,UPI,delhi,2026,1,25,6,1,0,2472.733846153846,2472.733846153846,2557.3843
2026-01-25,IOCL,power petrol,UPI,mumbai,2026,1,25,6,1,0,2099.7028571428573,2099.7028571428573,2093.331
2026-01-25,IOCL,power petrol,UPI,pune,2026,1,25,6,1,0,2106.649,2106.649,2024.7932
2026-01-26,BPCL,diesel,Card,bangalore,2026,1,26,0,0,1,993.4040000000001,993.4040000000001,1285.7947
2026-01-26,BPCL,diesel,Card,chennai,2026,1,26,0,0,1,2301.473,2301.473,1642.7667
2026-01-26,BPCL,diesel,Card,delhi,2026,1,26,0,0,1,2874.375,2874.375,3257.855
2026-01-26,BPCL,diesel,Card,mumbai,2026,1,26,0,0,1,1289.77,1289.77,1615.8583
2026-01-26,BPCL,diesel,Card,pune,2026,1,26,0,0,1,1298.9855555555555,1298.9855555555555,1593.9454
2026-01-26,BPCL,diesel,Cash,bangalore,2026,1,26,0,0,1,1852.3433333333335,1852.3433333333335,1854.4789
2026-01-26,BPCL,diesel,Cash,chennai,2026,1,26,0,0,1,2704.081111111111,2704.081111111111,2524.4543
2026-01-26,BPCL,diesel,Cash,delhi,2026,1,26,0,0,1,2138.9655555555555,2138.9655555555555,1723.9597
2026-01-26,BPCL,diesel,Cash,mumbai,2026,1,26,0,0,1,1864.2336363636364,1864.2336363636364,1794.8756
2026-01-26,BPCL,diesel,Cash,pune,2026,1,26,0,0,1,1948.3183333333334,1948.3183333333334,1624.2644
2026-01-26,BPCL,diesel,UPI,bangalore,2026,1,26,0,0,1,2066.0075,2066.0075,1768.3497
2026-01-26,BPCL,diesel,UPI,chennai,2026,1,26,0,0,1,1813.2723076923078,1813.2723076923078,1605.2078
2026-01-26,BPCL,diesel,UPI,delhi,2026,1,26,0,0,1,1679.2490909090907,1679.2490909090907,1712.017
2026-01-26,BPCL,diesel,UPI,mumbai,2026,1,26,0,0,1,1948.2766666666669,1948.2766666666669,1717.4486
2026-01-26,BPCL,diesel,UPI,pune,2026,1,26,0,0,1,1330.9773333333333,1330.9773333333333,1628.4601
2026-01-26,BPCL,petrol,Card,bangalore,2026,1,26,0,0,1,3095.5171428571425,3095.5171428571425,3329.1077
2026-01-26,BPCL,petrol,Card,chennai,2026,1,26,0,0,1,2214.8877777777775,2214.8877777777775,1455.8146
2026-01-26,BPCL,petrol,Card,delhi,2026,1,26,0,0,1,638.15,2320.816875,638.3268
2026-01-26,BPCL,petrol,Card,mumbai,2026,1,26,0,0,1,1882.6116666666667,1882.6116666666667,1609.0493
2026-01-26,BPCL,petrol,Card,pune,2026,1,26,0,0,1,2420.381,2420.381,1425.0175
2026-01-26,BPCL,petrol,Cash,bangalore,2026,1,26,0,0,1,2466.1639999999998,2466.1639999999998,1659.3293
2026-01-26,BPCL,petrol,Cash,chennai,2026,1,26,0,0,1,2086.0437500000003,2086.0437500000003,1406.7251
2026-01-26,BPCL,petrol,Cash,delhi,2026,1,26,0,0,1,1866.4633333333331,1866.4633333333331,1499.2955
2026-01-26,BPCL,petrol,Cash,mumbai,2026,1,26,0,0,1,1797.44125,1797.44125,1646.6218
2026-01-26,BPCL,petrol,Cash,pune,2026,1,26,0,0,1,2223.7366666666667,2223.7366666666667,1411.5222
2026-01-26,BPCL,petrol,UPI,bangalore,2026,1,26,0,0,1,2505.5628571428574,2505.5628571428574,1565.0729
2026-01-26,BPCL,petrol,UPI,chennai,2026,1,26,0,0,1,1973.3138461538463,1973.3138461538463,1375.4213
2026-01-26,BPCL,petrol,UPI,delhi,2026,1,26,0,0,1,2617.1457142857143,2617.1457142857143,2730.5886
2026-01-26,BPCL,petrol,UPI,mumbai,2026,1,26,0,0,1,2047.079090909091,2047.079090909091,1620.1627
2026-01-26,BPCL,petrol,UPI,pune,2026,1,26,0,0,1,1997.163,1997.163,1361.453
2026-01-26,BPCL,power petrol,Card,bangalore,2026,1,26,0,0,1,2145.02,2145.02,1904.9684
2026-01-26,BPCL,power petrol,Card,chennai,2026,1,26,0,0,1,2133.150909090909,2133.150909090909,1629.9996
2026-01-26,BPCL,power petrol,Card,delhi,2026,1,26,0,0,1,2168.163333333333,2168.163333333333,1872.4811
2026-01-26,BPCL,power petrol,Card,mumbai,2026,1,26,0,0,1,1784.5966666666668,1784.5966666666668,1754.9755
2026-01-26,BPCL,power petrol,Card,pune,2026,1,26,0,0,1,2765.4100000000003,2765.4100000000003,2628.1616
2026-01-26,BPCL,power petrol,Cash,bangalore,2026,1,26,0,0,1,3476.37,3476.37,3577.8384
2026-01-26,BPCL,power petrol,Cash,chennai,2026,1,26,0,0,1,2002.8188888888888,2002.8188888888888,1609.6731
2026-01-26,BPCL,power petrol,Cash,delhi,2026,1,26,0,0,1,2684.0,2305.334,2752.7612
2026-01-26,BPCL,power petrol,Cash,mumbai,2026,1,26,0,0,1,2318.9137499999997,2318.9137499999997,1880.8167
2026-01-26,BPCL,power petrol,Cash,pune,2026,1,26,0,0,1,2600.3742857142856,2600.3742857142856,2760.6685
2026-01-26,BPCL,power petrol,UPI,bangalore,2026,1,26,0,0,1,2434.395,2434.395,1866.4948
2026-01-26,BPCL,power petrol,UPI,chennai,2026,1,26,0,0,1,2866.3214285714284,2866.3214285714284,3355.8464
2026-01-26,BPCL,power petrol,UPI,delhi,2026,1,26,0,0,1,2315.961111111111,2315.961111111111,1885.2924
2026-01-26,BPCL,power petrol,UPI,mumbai,2026,1,26,0,0,1,1974.024,1974.024,1795.9366
2026-01-26,BPCL,power petrol,UPI,pune,2026,1,26,0,0,1,1944.9627272727273,1944.9627272727273,1665.9883
2026-01-26,HP,diesel,Card,bangalore,2026,1,26,0,0,1,2871.181666666667,2871.181666666667,3428.8215
2026-01-26,HP,diesel,Card,chennai,2026,1,26,0,0,1,1960.89125,1960.89125,2300.8477
2026-01-26,HP,diesel,Card,delhi,2026,1,26,0,0,1,1208.6833333333334,1208.6833333333334,1463.6172
2026-01-26,HP,diesel,Card,mumbai,2026,1,26,0,0,1,1786.7369999999999,1786.7369999999999,2129.818
2026-01-26,HP,diesel,Card,pune,2026,1,26,0,0,1,1597.4957142857143,1597.4957142857143,2053.7942
2026-01-26,HP,diesel,Cash,bangalore,2026,1,26,0,0,1,2432.7725,2432.7725,2541.9097
2026-01-26,HP,diesel,Cash,chennai,2026,1,26,0,0,1,1879.03,1879.03,2259.1655
2026-01-26,HP,diesel,Cash,delhi,2026,1,26,0,0,1,1638.6328571428571,1638.6328571428571,2184.2512
2026-01-26,HP,diesel,Cash,mumbai,2026,1,26,0,0,1,1707.6585714285716,1707.6585714285716,2202.57
2026-01-26,HP,diesel,Cash,pune,2026,1,26,0,0,1,2379.6408333333334,2379.6408333333334,2305.8457
2026-01-26,HP,diesel,UPI,bangalore,2026,1,26,0,0,1,1802.21625,1802.21625,2317.3384
2026-01-26,HP,diesel,UPI,chennai,2026,1,26,0,0,1,2105.03125,2105.03125,2316.069
2026-01-26,HP,diesel,UPI,delhi,2026,1,26,0,0,1,1426.8066666666666,1426.8066666666666,2048.2014
2026-01-26,HP,diesel,UPI,mumbai,2026,1,26,0,0,1,2395.915,2395.915,2531.0442
2026-01-26,HP,diesel,UPI,pune,2026,1,26,0,0,1,2342.6475,2342.6475,2341.3086
2026-01-26,HP,petrol,Card,bangalore,2026,1,26,0,0,1,1726.2966666666669,1726.2966666666669,2031.8933
2026-01-26,HP,petrol,Card,chennai,2026,1,26,0,0,1,2772.457,2772.457,2772.1777
2026-01-26,HP,petrol,Card,delhi,2026,1,26,0,0,1,1653.8880000000001,1653.8880000000001,1881.6189
2026-01-26,HP,petrol,Card,mumbai,2026,1,26,0,0,1,2676.4533333333334,2676.4533333333334,2952.4739
2026-01-26,HP,petrol,Card,pune,2026,1,26,0,0,1,2386.945,2386.945,2031.0236
2026-01-26,HP,petrol,Cash,bangalore,2026,1,26,0,0,1,2466.4616666666666,2466.4616666666666,2264.6404
2026-01-26,HP,petrol,Cash,chennai,2026,1,26,0,0,1,2243.4049999999997,2243.4049999999997,2130.859
2026-01-26,HP,petrol,Cash,delhi,2026,1,26,0,0,1,2151.3700000000003,2151.3700000000003,2059.804
2026-01-26,HP,petrol,Cash,mumbai,2026,1,26,0,0,1,1801.3799999999999,1801.3799999999999,2000.9473
2026-01-26,HP,petrol,Cash,pune,2026,1,26,0,0,1,1396.2544444444443,1396.2544444444443,1535.5519
2026-01-26,HP,petrol,UPI,bangalore,2026,1,26,0,0,1,1942.2,1942.2,2137.998
2026-01-26,HP,petrol,UPI,chennai,2026,1,26,0,0,1,1994.8986666666667,1994.8986666666667,2031.6289
2026-01-26,HP,petrol,UPI,delhi,2026,1,26,0,0,1,1918.9264285714287,1918.9264285714287,2010.3441
2026-01-26,HP,petrol,UPI,mumbai,2026,1,26,0,0,1,2812.19,2812.19,2729.0134
2026-01-26,HP,petrol,UPI,pune,2026,1,26,0,0,1,1987.6850000000002,1987.6850000000002,1925.0543
2026-01-26,HP,power petrol,Card,bangalore,2026,1,26,0,0,1,3296.3419999999996,3296.3419999999996,3686.352
2026-01-26,HP,power petrol,Card,chennai,2026,1,26,0,0,1,3017.558333333333,3017.558333333333,3663.791
2026-01-26,HP,power petrol,Card,delhi,2026,1,26,0,0,1,1895.62375,1895.62375,2399.7505
2026-01-26,HP,power petrol,Card,mumbai,2026,1,26,0,0,1,2562.9829999999997,2562.9829999999997,3071.028
2026-01-26,HP,power petrol,Card,pune,2026,1,26,0,0,1,1996.61,1996.61,2194.4377
2026-01-26,HP,power petrol,Cash,bangalore,2026,1,26,0,0,1,0.0,,963.27936
2026-01-26,HP,power petrol,Cash,chennai,2026,1,26,0,0,1,1808.9650000000001,1808.9650000000001,2103.1406
2026-01-26,HP,power petrol,Cash,delhi,2026,1,26,0,0,1,2445.5171428571425,2445.5171428571425,2623.8562
2026-01-26,HP,power petrol,Cash,mumbai,2026,1,26,0,0,1,2096.4666666666667,2096.4666666666667,2369.291
2026-01-26,HP,power petrol,Cash,pune,2026,1,26,0,0,1,2382.055,2382.055,2281.597
2026-01-26,HP,power petrol,UPI,bangalore,2026,1,26,0,0,1,1548.9699999999998,1548.9699999999998,2264.2346
2026-01-26,HP,power petrol,UPI,chennai,2026,1,26,0,0,1,3449.875,3449.875,3692.986
2026-01-26,HP,power petrol,UPI,delhi,2026,1,26,0,0,1,1322.702,1322.702,2026.1184
2026-01-26,HP,power petrol,UPI,mumbai,2026,1,26,0,0,1,1848.05,1848.05,2408.5608
2026-01-26,HP,power petrol,UPI,pune,2026,1,26,0,0,1,3772.85,2527.307777777778,3819.626
2026-01-26,IOCL,diesel,Card,bangalore,2026,1,26,0,0,1,4194.373333333334,4194.373333333334,3768.8347
2026-01-26,IOCL,diesel,Card,chennai,2026,1,26,0,0,1,1461.5025,1461.5025,2172.2256
2026-01-26,IOCL,diesel,Card,delhi,2026,1,26,0,0,1,1884.988,1884.988,2384.1428
2026-01-26,IOCL,diesel,Card,mumbai,2026,1,26,0,0,1,1978.7118181818184,1978.7118181818184,2282.7588
2026-01-26,IOCL,diesel,Card,pune,2026,1,26,0,0,1,1934.158888888889,1934.158888888889,2159.478
2026-01-26,IOCL,diesel,Cash,bangalore,2026,1,26,0,0,1,1159.5700000000002,1159.5700000000002,1585.2527
2026-01-26,IOCL,diesel,Cash,chennai,2026,1,26,0,0,1,948.3340000000001,948.3340000000001,1556.7882
2026-01-26,IOCL,diesel,Cash,delhi,2026,1,26,0,0,1,1955.898,1955.898,2348.1575
2026-01-26,IOCL,diesel,Cash,mumbai,2026,1,26,0,0,1,1874.8266666666666,1874.8266666666666,2262.8782
2026-01-26,IOCL,diesel,Cash,pune,2026,1,26,0,0,1,1985.75,1985.75,2098.4976
2026-01-26,IOCL,diesel,UPI,bangalore,2026,1,26,0,0,1,1737.5199999999998,1737.5199999999998,2342.2195
2026-01-26,IOCL,diesel,UPI,chennai,2026,1,26,0,0,1,1916.011,1916.011,2274.2705
2026-01-26,IOCL,diesel,UPI,delhi,2026,1,26,0,0,1,2074.5945454545454,2074.5945454545454,2385.6138
2026-01-26,IOCL,diesel,UPI,mumbai,2026,1,26,0,0,1,1915.90125,1915.90125,2306.413
2026-01-26,IOCL,diesel,UPI,pune,2026,1,26,0,0,1,1043.585,1043.585,1486.6616
2026-01-26,IOCL,petrol,Card,bangalore,2026,1,26,0,0,1,1443.8766666666668,1443.8766666666668,1781.6089
2026-01-26,IOCL,petrol,Card,chennai,2026,1,26,0,0,1,2473.17875,2473.17875,1995.3453
2026-01-26,IOCL,petrol,Card,delhi,2026,1,26,0,0,1,2645.5636363636363,2645.5636363636363,3175.436
2026-01-26,IOCL,petrol,Card,mumbai,2026,1,26,0,0,1,1198.185714285714,1198.185714285714,1303.6937
2026-01-26,IOCL,petrol,Card,pune,2026,1,26,0,0,1,2556.2799999999997,2556.2799999999997,2998.43
2026-01-26,IOCL,petrol,Cash,bangalore,2026,1,26,0,0,1,2577.71,2577.71,2987.693
2026-01-26,IOCL,petrol,Cash,chennai,2026,1,26,0,0,1,1951.1850000000002,1951.1850000000002,1856.1158
2026-01-26,IOCL,petrol,Cash,delhi,2026,1,26,0,0,1,2340.834,2340.834,2145.4326
2026-01-26,IOCL,petrol,Cash,mumbai,2026,1,26,0,0,1,2457.228888888889,2457.228888888889,2167.5247
2026-01-26,IOCL,petrol,Cash,pune,2026,1,26,0,0,1,2498.4,2498.4,1988.5054
2026-01-26,IOCL,petrol,UPI,bangalore,2026,1,26,0,0,1,2599.9266666666667,2599.9266666666667,3003.959
2026-01-26,IOCL,petrol,UPI,chennai,2026,1,26,0,0,1,1855.25,1855.25,1865.2369
2026-01-26,IOCL,petrol,UPI,delhi,2026,1,26,0,0,1,2062.8875,2062.8875,1909.2383
2026-01-26,IOCL,petrol,UPI,mumbai,2026,1,26,0,0,1,1764.125,1764.125,1930.504
2026-01-26,IOCL,petrol,UPI,pune,2026,1,26,0,0,1,2083.22,2083.22,1773.0869
2026-01-26,IOCL,power petrol,Card,bangalore,2026,1,26,0,0,1,2473.382857142857,2473.382857142857,2501.5125
2026-01-26,IOCL,power petrol,Card,chennai,2026,1,26,0,0,1,2190.233333333333,2190.233333333333,2283.8472
2026-01-26,IOCL,power petrol,Card,delhi,2026,1,26,0,0,1,1863.5766666666666,1863.5766666666666,2351.9683
2026-01-26,IOCL,power petrol,Card,mumbai,2026,1,26,0,0,1,2355.5714285714284,2355.5714285714284,2376.1946
2026-01-26,IOCL,power petrol,Card,pune,2026,1,26,0,0,1,2648.766153846154,2648.766153846154,3233.66
2026-01-26,IOCL,power petrol,Cash,bangalore,2026,1,26,0,0,1,1865.993333333333,1865.993333333333,2295.7407
2026-01-26,IOCL,power petrol,Cash,chennai,2026,1,26,0,0,1,1671.87375,1671.87375,2052.356
2026-01-26,IOCL,power petrol,Cash,delhi,2026,1,26,0,0,1,2514.805,2514.805,3511.5496
2026-01-26,IOCL,power petrol,Cash,mumbai,2026,1,26,0,0,1,2150.042857142857,2150.042857142857,2222.1707
2026-01-26,IOCL,power petrol,Cash,pune,2026,1,26,0,0,1,2724.98,2724.98,2960.2332
2026-01-26,IOCL,power petrol,UPI,bangalore,2026,1,26,0,0,1,2309.24,2309.24,2453.4207
2026-01-26,IOCL,power petrol,UPI,chennai,2026,1,26,0,0,1,2456.991666666667,2456.991666666667,2260.8828
2026-01-26,IOCL,power petrol,UPI,delhi,2026,1,26,0,0,1,2472.733846153846,2472.733846153846,2555.7485
2026-01-26,IOCL,power petrol,UPI,mumbai,2026,1,26,0,0,1,2099.7028571428573,2099.7028571428573,2253.6177
2026-01-26,IOCL,power petrol,UPI,pune,2026,1,26,0,0,1,2106.649,2106.649,2066.2207
2026-01-27,BPCL,diesel,Card,bangalore,2026,1,27,1,0,0,993.4040000000001,993.4040000000001,1237.0991
2026-01-27,BPCL,diesel,Card,chennai,2026,1,27,1,0,0,2301.473,2301.473,1600.8182
2026-01-27,BPCL,diesel,Card,delhi,2026,1,27,1,0,0,2874.375,2874.375,3410.9595
2026-01-27,BPCL,diesel,Card,mumbai,2026,1,27,1,0,0,1289.77,1289.77,1584.5133
2026-01-27,BPCL,diesel,Card,pune,2026,1,27,1,0,0,1298.9855555555555,1298.9855555555555,1540.3712
2026-01-27,BPCL,diesel,Cash,bangalore,2026,1,27,1,0,0,1852.3433333333335,1852.3433333333335,1796.2406
2026-01-27,BPCL,diesel,Cash,chennai,2026,1,27,1,0,0,2704.081111111111,2704.081111111111,2636.9739
2026-01-27,BPCL,diesel,Cash,delhi,2026,1,27,1,0,0,2138.9655555555555,2138.9655555555555,1702.0559
2026-01-27,BPCL,diesel,Cash,mumbai,2026,1,27,1,0,0,1864.2336363636364,1864.2336363636364,1760.5734
2026-01-27,BPCL,diesel,Cash,pune,2026,1,27,1,0,0,1948.3183333333334,1948.3183333333334,1560.9197
2026-01-27,BPCL,diesel,UPI,bangalore,2026,1,27,1,0,0,2066.0075,2066.0075,1743.9161
2026-01-27,BPCL,diesel,UPI,chennai,2026,1,27,1,0,0,1813.2723076923078,1813.2723076923078,1588.2734
2026-01-27,BPCL,diesel,UPI,delhi,2026,1,27,1,0,0,1679.2490909090907,1679.2490909090907,1697.097
2026-01-27,BPCL,diesel,UPI,mumbai,2026,1,27,1,0,0,1948.2766666666669,1948.2766666666669,1695.1842
2026-01-27,BPCL,diesel,UPI,pune,2026,1,27,1,0,0,1330.9773333333333,1330.9773333333333,1599.287
2026-01-27,BPCL,petrol,Card,bangalore,2026,1,27,1,0,0,3095.5171428571425,3095.5171428571425,3549.8726
2026-01-27,BPCL,petrol,Card,chennai,2026,1,27,1,0,0,2214.8877777777775,2214.8877777777775,1447.6276
2026-01-27,BPCL,petrol,Card,delhi,2026,1,27,1,0,0,2320.816875,2320.816875,1689.8575
2026-01-27,BPCL,petrol,Card,mumbai,2026,1,27,1,0,0,1882.6116666666667,1882.6116666666667,1606.9729
2026-01-27,BPCL,petrol,Card,pune,2026,1,27,1,0,0,2420.381,2420.381,1461.9164
2026-01-27,BPCL,petrol,Cash,bangalore,2026,1,27,1,0,0,2466.1639999999998,2466.1639999999998,1692.3279
2026-01-27,BPCL,petrol,Cash,chennai,2026,1,27,1,0,0,2086.0437500000003,2086.0437500000003,1389.009
2026-01-27,BPCL,petrol,Cash,delhi,2026,1,27,1,0,0,1866.4633333333331,1866.4633333333331,1567.3788
2026-01-27,BPCL,petrol,Cash,mumbai,2026,1,27,1,0,0,1797.44125,1797.44125,1641.2861
2026-01-27,BPCL,petrol,Cash,pune,2026,1,27,1,0,0,2223.7366666666667,2223.7366666666667,1437.7747
2026-01-27,BPCL,petrol,UPI,bangalore,2026,1,27,1,0,0,2505.5628571428574,2505.5628571428574,1628.7816
2026-01-27,BPCL,petrol,UPI,chennai,2026,1,27,1,0,0,1973.3138461538463,1973.3138461538463,1381.5194
2026-01-27,BPCL,petrol,UPI,delhi,2026,1,27,1,0,0,2617.1457142857143,2617.1457142857143,2996.6868
2026-01-27,BPCL,petrol,UPI,mumbai,2026,1,27,1,0,0,2047.079090909091,2047.079090909091,1616.8407
2026-01-27,BPCL,petrol,UPI,pune,2026,1,27,1,0,0,1997.163,1997.163,1411.1552
2026-01-27,BPCL,power petrol,Card,bangalore,2026,1,27,1,0,0,2145.02,2145.02,1842.3124
2026-01-27,BPCL,power petrol,Card,chennai,2026,1,27,1,0,0,2133.150909090909,2133.150909090909,1555.3446
2026-01-27,BPCL,power petrol,Card,delhi,2026,1,27,1,0,0,2168.163333333333,2168.163333333333,1824.3427
2026-01-27,BPCL,power petrol,Card,mumbai,2026,1,27,1,0,0,1784.5966666666668,1784.5966666666668,1687.097
2026-01-27,BPCL,power petrol,Card,pune,2026,1,27,1,0,0,2765.4100000000003,2765.4100000000003,2582.499
2026-01-27,BPCL,power petrol,Cash,bangalore,2026,1,27,1,0,0,3476.37,3476.37,3665.6943
2026-01-27,BPCL,power petrol,Cash,chennai,2026,1,27,1,0,0,2002.8188888888888,2002.8188888888888,1524.206
2026-01-27,BPCL,power petrol,Cash,delhi,2026,1,27,1,0,0,2305.334,2305.334,1910.4912
2026-01-27,BPCL,power petrol,Cash,mumbai,2026,1,27,1,0,0,1068.84,2318.9137499999997,1363.4684
2026-01-27,BPCL,power petrol,Cash,pune,2026,1,27,1,0,0,2600.3742857142856,2600.3742857142856,2735.8965
2026-01-27,BPCL,power petrol,UPI,bangalore,2026,1,27,1,0,0,2434.395,2434.395,1828.3702
2026-01-27,BPCL,power petrol,UPI,chennai,2026,1,27,1,0,0,2866.3214285714284,2866.3214285714284,3482.5398
2026-01-27,BPCL,power petrol,UPI,delhi,2026,1,27,1,0,0,2315.961111111111,2315.961111111111,1836.1613
2026-01-27,BPCL,power petrol,UPI,mumbai,2026,1,27,1,0,0,1974.024,1974.024,1738.0939
2026-01-27,BPCL,power petrol,UPI,pune,2026,1,27,1,0,0,1944.9627272727273,1944.9627272727273,1622.3005
2026-01-27,HP,diesel,Card,bangalore,2026,1,27,1,0,0,2871.181666666667,2871.181666666667,3557.918
2026-01-27,HP,diesel,Card,chennai,2026,1,27,1,0,0,1960.89125,1960.89125,2265.3435
2026-01-27,HP,diesel,Card,delhi,2026,1,27,1,0,0,1208.6833333333334,1208.6833333333334,1434.1
2026-01-27,HP,diesel,Card,mumbai,2026,1,27,1,0,0,1786.7369999999999,1786.7369999999999,2104.8499
2026-01-27,HP,diesel,Card,pune,2026,1,27,1,0,0,1597.4957142857143,1597.4957142857143,2007.8605
2026-01-27,HP,diesel,Cash,bangalore,2026,1,27,1,0,0,2432.7725,2432.7725,2488.4949
2026-01-27,HP,diesel,Cash,chennai,2026,1,27,1,0,0,1879.03,1879.03,2212.0508
2026-01-27,HP,diesel,Cash,delhi,2026,1,27,1,0,0,1638.6328571428571,1638.6328571428571,2152.8215
2026-01-27,HP,diesel,Cash,mumbai,2026,1,27,1,0,0,1707.6585714285716,1707.6585714285716,2172.4324
2026-01-27,HP,diesel,Cash,pune,2026,1,27,1,0,0,2379.6408333333334,2379.6408333333334,2247.2163
2026-01-27,HP,diesel,UPI,bangalore,2026,1,27,1,0,0,1802.21625,1802.21625,2300.85
2026-01-27,HP,diesel,UPI,chennai,2026,1,27,1,0,0,2105.03125,2105.03125,2306.106
2026-01-27,HP,diesel,UPI,delhi,2026,1,27,1,0,0,1426.8066666666666,1426.8066666666666,2026.044
2026-01-27,HP,diesel,UPI,mumbai,2026,1,27,1,0,0,2395.915,2395.915,2516.5178
2026-01-27,HP,diesel,UPI,pune,2026,1,27,1,0,0,2342.6475,2342.6475,2319.8308
2026-01-27,HP,petrol,Card,bangalore,2026,1,27,1,0,0,1726.2966666666669,1726.2966666666669,2080.7395
2026-01-27,HP,petrol,Card,chennai,2026,1,27,1,0,0,2772.457,2772.457,2946.7673
2026-01-27,HP,petrol,Card,delhi,2026,1,27,1,0,0,1653.8880000000001,1653.8880000000001,1926.8545
2026-01-27,HP,petrol,Card,mumbai,2026,1,27,1,0,0,2676.4533333333334,2676.4533333333334,3103.0579
2026-01-27,HP,petrol,Card,pune,2026,1,27,1,0,0,2386.945,2386.945,2071.3027
2026-01-27,HP,petrol,Cash,bangalore,2026,1,27,1,0,0,2466.4616666666666,2466.4616666666666,2302.7012
2026-01-27,HP,petrol,Cash,chennai,2026,1,27,1,0,0,2243.4049999999997,2243.4049999999997,2116.7896
2026-01-27,HP,petrol,Cash,delhi,2026,1,27,1,0,0,2151.3700000000003,2151.3700000000003,2103.5938
2026-01-27,HP,petrol,Cash,mumbai,2026,1,27,1,0,0,1801.3799999999999,1801.3799999999999,1998.9944
2026-01-27,HP,petrol,Cash,pune,2026,1,27,1,0,0,1396.2544444444443,1396.2544444444443,1564.4683
2026-01-27,HP,petrol,UPI,bangalore,2026,1,27,1,0,0,1942.2,1942.2,2200.6409
2026-01-27,HP,petrol,UPI,chennai,2026,1,27,1,0,0,1994.8986666666667,1994.8986666666667,2042.1333
2026-01-27,HP,petrol,UPI,delhi,2026,1,27,1,0,0,1918.9264285714287,1918.9264285714287,2042.3866
2026-01-27,HP,petrol,UPI,mumbai,2026,1,27,1,0,0,2812.19,2812.19,2846.451
2026-01-27,HP,petrol,UPI,pune,2026,1,27,1,0,0,1987.6850000000002,1987.6850000000002,1979.2511
2026-01-27,HP,power petrol,Card,bangalore,2026,1,27,1,0,0,3296.3419999999996,3296.3419999999996,3809.6382
2026-01-27,HP,power petrol,Card,chennai,2026,1,27,1,0,0,3017.558333333333,3017.558333333333,3774.0083
2026-01-27,HP,power petrol,Card,delhi,2026,1,27,1,0,0,1895.62375,1895.62375,2348.276
2026-01-27,HP,power petrol,Card,mumbai,2026,1,27,1,0,0,2562.9829999999997,2562.9829999999997,3169.5999
2026-01-27,HP,power petrol,Card,pune,2026,1,27,1,0,0,1996.61,1996.61,2137.0413
2026-01-27,HP,power petrol,Cash,bangalore,2026,1,27,1,0,0,0.0,,901.41156
2026-01-27,HP,power petrol,Cash,chennai,2026,1,27,1,0,0,1808.9650000000001,1808.9650000000001,2028.1615
2026-01-27,HP,power petrol,Cash,delhi,2026,1,27,1,0,0,2445.5171428571425,2445.5171428571425,2571.8518
2026-01-27,HP,power petrol,Cash,mumbai,2026,1,27,1,0,0,2096.4666666666667,2096.4666666666667,2308.58
2026-01-27,HP,power petrol,Cash,pune,2026,1,27,1,0,0,2382.055,2382.055,2213.4998
2026-01-27,HP,power petrol,UPI,bangalore,2026,1,27,1,0,0,1548.9699999999998,1548.9699999999998,2238.1104
2026-01-27,HP,power petrol,UPI,chennai,2026,1,27,1,0,0,3449.875,3449.875,3825.8179
2026-01-27,HP,power petrol,UPI,delhi,2026,1,27,1,0,0,1322.702,1322.702,1972.3313
2026-01-27,HP,power petrol,UPI,mumbai,2026,1,27,1,0,0,1848.05,1848.05,2361.3337
2026-01-27,HP,power petrol,UPI,pune,2026,1,27,1,0,0,2527.307777777778,2527.307777777778,3142.3179
2026-01-27,IOCL,diesel,Card,bangalore,2026,1,27,1,0,0,4194.373333333334,4194.373333333334,3892.513
2026-01-27,IOCL,diesel,Card,chennai,2026,1,27,1,0,0,1461.5025,1461.5025,2132.5884
2026-01-27,IOCL,diesel,Card,delhi,2026,1,27,1,0,0,1884.988,1884.988,2363.5452
2026-01-27,IOCL,diesel,Card,mumbai,2026,1,27,1,0,0,1978.7118181818184,1978.7118181818184,2253.2842
2026-01-27,IOCL,diesel,Card,pune,2026,1,27,1,0,0,1934.158888888889,1934.158888888889,2109.5415
2026-01-27,IOCL,diesel,Cash,bangalore,2026,1,27,1,0,0,1159.5700000000002,1159.5700000000002,1527.181
2026-01-27,IOCL,diesel,Cash,chennai,2026,1,27,1,0,0,948.3340000000001,948.3340000000001,1505.4874
2026-01-27,IOCL,diesel,Cash,delhi,2026,1,27,1,0,0,1955.898,1955.898,2323.6042
2026-01-27,IOCL,diesel,Cash,mumbai,2026,1,27,1,0,0,1874.8266666666666,1874.8266666666666,2228.5615
2026-01-27,IOCL,diesel,Cash,pune,2026,1,27,1,0,0,1985.75,1985.75,2035.2045
2026-01-27,IOCL,diesel,UPI,bangalore,2026,1,27,1,0,0,1737.5199999999998,1737.5199999999998,2321.2888
2026-01-27,IOCL,diesel,UPI,chennai,2026,1,27,1,0,0,1916.011,1916.011,2260.5251
2026-01-27,IOCL,diesel,UPI,delhi,2026,1,27,1,0,0,2074.5945454545454,2074.5945454545454,2371.4067
2026-01-27,IOCL,diesel,UPI,mumbai,2026,1,27,1,0,0,1915.90125,1915.90125,2287.4858
2026-01-27,IOCL,diesel,UPI,pune,2026,1,27,1,0,0,1043.585,1043.585,1460.489
2026-01-27,IOCL,petrol,Card,bangalore,2026,1,27,1,0,0,1443.8766666666668,1443.8766666666668,1822.6564
2026-01-27,IOCL,petrol,Card,chennai,2026,1,27,1,0,0,2473.17875,2473.17875,1984.6201
2026-01-27,IOCL,petrol,Card,delhi,2026,1,27,1,0,0,2645.5636363636363,2645.5636363636363,3438.309
2026-01-27,IOCL,petrol,Card,mumbai,2026,1,27,1,0,0,1198.185714285714,1198.185714285714,1299.835
2026-01-27,IOCL,petrol,Card,pune,2026,1,27,1,0,0,2556.2799999999997,2556.2799999999997,3091.9744
2026-01-27,IOCL,petrol,Cash,bangalore,2026,1,27,1,0,0,2577.71,2577.71,3222.235
2026-01-27,IOCL,petrol,Cash,chennai,2026,1,27,1,0,0,1951.1850000000002,1951.1850000000002,1835.3407
2026-01-27,IOCL,petrol,Cash,delhi,2026,1,27,1,0,0,2340.834,2340.834,2196.612
2026-01-27,IOCL,petrol,Cash,mumbai,2026,1,27,1,0,0,2457.228888888889,2457.228888888889,2160.444
2026-01-27,IOCL,petrol,Cash,pune,2026,1,27,1,0,0,2498.4,2498.4,2012.3616
2026-01-27,IOCL,petrol,UPI,bangalore,2026,1,27,1,0,0,2599.9266666666667,2599.9266666666667,3276.5505
2026-01-27,IOCL,petrol,UPI,chennai,2026,1,27,1,0,0,1855.25,1855.25,1869.3972
2026-01-27,IOCL,petrol,UPI,delhi,2026,1,27,1,0,0,2062.8875,2062.8875,1959.5298
2026-01-27,IOCL,petrol,UPI,mumbai,2026,1,27,1,0,0,1764.125,1764.125,1926.3601
2026-01-27,IOCL,petrol,UPI,pune,2026,1,27,1,0,0,2083.22,2083.22,1821.2766
2026-01-27,IOCL,power petrol,Card,bangalore,2026,1,27,1,0,0,2473.382857142857,2473.382857142857,2438.106
2026-01-27,IOCL,power petrol,Card,chennai,2026,1,27,1,0,0,2190.233333333333,2190.233333333333,2207.4812
2026-01-27,IOCL,power petrol,Card,delhi,2026,1,27,1,0,0,1863.5766666666666,1863.5766666666666,2290.5024
2026-01-27,IOCL,power petrol,Card,mumbai,2026,1,27,1,0,0,2355.5714285714284,2355.5714285714284,2307.5352
2026-01-27,IOCL,power petrol,Card,pune,2026,1,27,1,0,0,2648.766153846154,2648.766153846154,3215.0364
2026-01-27,IOCL,power petrol,Cash,bangalore,2026,1,27,1,0,0,1865.993333333333,1865.993333333333,2221.0503
2026-01-27,IOCL,power petrol,Cash,chennai,2026,1,27,1,0,0,1671.87375,1671.87375,1964.805
2026-01-27,IOCL,power petrol,Cash,delhi,2026,1,27,1,0,0,2514.805,2514.805,3659.883
2026-01-27,IOCL,power petrol,Cash,mumbai,2026,1,27,1,0,0,2150.042857142857,2150.042857142857,2149.8484
2026-01-27,IOCL,power petrol,Cash,pune,2026,1,27,1,0,0,2724.98,2724.98,2890.4446
2026-01-27,IOCL,power petrol,UPI,bangalore,2026,1,27,1,0,0,2309.24,2309.24,2414.1216
2026-01-27,IOCL,power petrol,UPI,chennai,2026,1,27,1,0,0,1817.82,2456.991666666667,2048.082
2026-01-27,IOCL,power petrol,UPI,delhi,2026,1,27,1,0,0,2472.733846153846,2472.733846153846,2501.4072
2026-01-27,IOCL,power petrol,UPI,mumbai,2026,1,27,1,0,0,2099.7028571428573,2099.7028571428573,2194.7852
2026-01-27,IOCL,power petrol,UPI,pune,2026,1,27,1,0,0,2106.649,2106.649,2020.8396
2026-01-28,BPCL,diesel,Card,bangalore,2026,1,28,2,0,0,993.4040000000001,993.4040000000001,1171.1393
2026-01-28,BPCL,diesel,Card,chennai,2026,1,28,2,0,0,2301.473,2301.473,1505.3885
2026-01-28,BPCL,diesel,Card,delhi,2026,1,28,2,0,0,2874.375,2874.375,3335.8735
2026-01-28,BPCL,diesel,Card,mumbai,2026,1,28,2,0,0,1289.77,1289.77,1504.9779
2026-01-28,BPCL,diesel,Card,pune,2026,1,28,2,0,0,1298.9855555555555,1298.9855555555555,1458.4922
2026-01-28,BPCL,diesel,Cash,bangalore,2026,1,28,2,0,0,1852.3433333333335,1852.3433333333335,1718.3986
2026-01-28,BPCL,diesel,Cash,chennai,2026,1,28,2,0,0,2704.081111111111,2704.081111111111,2548.24
2026-01-28,BPCL,diesel,Cash,delhi,2026,1,28,2,0,0,2138.9655555555555,2138.9655555555555,1614.9446
2026-01-28,BPCL,diesel,Cash,mumbai,2026,1,28,2,0,0,1864.2336363636364,1864.2336363636364,1685.7587
2026-01-28,BPCL,diesel,Cash,pune,2026,1,28,2,0,0,1948.3183333333334,1948.3183333333334,1483.1091
2026-01-28,BPCL,diesel,UPI,bangalore,2026,1,28,2,0,0,2066.0075,2066.0075,1634.9462
2026-01-28,BPCL,diesel,UPI,chennai,2026,1,28,2,0,0,1813.2723076923078,1813.2723076923078,1452.2571
2026-01-28,BPCL,diesel,UPI,delhi,2026,1,28,2,0,0,1679.2490909090907,1679.2490909090907,1592.6134
2026-01-28,BPCL,diesel,UPI,mumbai,2026,1,28,2,0,0,1948.2766666666669,1948.2766666666669,1607.6388
2026-01-28,BPCL,diesel,UPI,pune,2026,1,28,2,0,0,1330.9773333333333,1330.9773333333333,1484.1857
2026-01-28,BPCL,petrol,Card,bangalore,2026,1,28,2,0,0,3095.5171428571425,3095.5171428571425,3543.0068
2026-01-28,BPCL,petrol,Card,chennai,2026,1,28,2,0,0,2214.8877777777775,2214.8877777777775,1411.4445
2026-01-28,BPCL,petrol,Card,delhi,2026,1,28,2,0,0,2320.816875,2320.816875,1678.1832
2026-01-28,BPCL,petrol,Card,mumbai,2026,1,28,2,0,0,1882.6116666666667,1882.6116666666667,1595.7126
2026-01-28,BPCL,petrol,Card,pune,2026,1,28,2,0,0,2420.381,2420.381,1446.8219
2026-01-28,BPCL,petrol,Cash,bangalore,2026,1,28,2,0,0,2466.1639999999998,2466.1639999999998,1746.3835
2026-01-28,BPCL,petrol,Cash,chennai,2026,1,28,2,0,0,2086.0437500000003,2086.0437500000003,1419.7427
2026-01-28,BPCL,petrol,Cash,delhi,2026,1,28,2,0,0,1866.4633333333331,1866.4633333333331,1622.4005
2026-01-28,BPCL,petrol,Cash,mumbai,2026,1,28,2,0,0,1797.44125,1797.44125,1624.176
2026-01-28,BPCL,petrol,Cash,pune,2026,1,28,2,0,0,2223.7366666666667,2223.7366666666667,1491.1726
2026-01-28,BPCL,petrol,UPI,bangalore,2026,1,28,2,0,0,2505.5628571428574,2505.5628571428574,1585.6224
2026-01-28,BPCL,petrol,UPI,chennai,2026,1,28,2,0,0,1973.3138461538463,1973.3138461538463,1313.8942
2026-01-28,BPCL,petrol,UPI,delhi,2026,1,28,2,0,0,2617.1457142857143,2617.1457142857143,2982.6826
2026-01-28,BPCL,petrol,UPI,mumbai,2026,1,28,2,0,0,2047.079090909091,2047.079090909091,1595.911
2026-01-28,BPCL,petrol,UPI,pune,2026,1,28,2,0,0,1997.163,1997.163,1365.3683
2026-01-28,BPCL,power petrol,Card,bangalore,2026,1,28,2,0,0,2145.02,2145.02,1734.2592
2026-01-28,BPCL,power petrol,Card,chennai,2026,1,28,2,0,0,2133.150909090909,2133.150909090909,1425.8427
2026-01-28,BPCL,power petrol,Card,delhi,2026,1,28,2,0,0,2168.163333333333,2168.163333333333,1807.528
2026-01-28,BPCL,power petrol,Card,mumbai,2026,1,28,2,0,0,1784.5966666666668,1784.5966666666668,1574.5387
2026-01-28,BPCL,power petrol,Card,pune,2026,1,28,2,0,0,2765.4100000000003,2765.4100000000003,2483.3047
2026-01-28,BPCL,power petrol,Cash,bangalore,2026,1,28,2,0,0,3476.37,3476.37,3565.1758
2026-01-28,BPCL,power petrol,Cash,chennai,2026,1,28,2,0,0,2002.8188888888888,2002.8188888888888,1392.7273
2026-01-28,BPCL,power petrol,Cash,delhi,2026,1,28,2,0,0,2305.334,2305.334,1893.4045
2026-01-28,BPCL,power petrol,Cash,mumbai,2026,1,28,2,0,0,2318.9137499999997,2318.9137499999997,1702.0261
2026-01-28,BPCL,power petrol,Cash,pune,2026,1,28,2,0,0,2600.3742857142856,2600.3742857142856,2635.4185
2026-01-28,BPCL,power petrol,UPI,bangalore,2026,1,28,2,0,0,2434.395,2434.395,1698.0128
2026-01-28,BPCL,power petrol,UPI,chennai,2026,1,28,2,0,0,2866.3214285714284,2866.3214285714284,3352.8074
2026-01-28,BPCL,power petrol,UPI,delhi,2026,1,28,2,0,0,2315.961111111111,2315.961111111111,1815.3114
2026-01-28,BPCL,power petrol,UPI,mumbai,2026,1,28,2,0,0,1974.024,1974.024,1625.0465
2026-01-28,BPCL,power petrol,UPI,pune,2026,1,28,2,0,0,1944.9627272727273,1944.9627272727273,1490.0249
2026-01-28,HP,diesel,Card,bangalore,2026,1,28,2,0,0,2871.181666666667,2871.181666666667,3500.2468
2026-01-28,HP,diesel,Card,chennai,2026,1,28,2,0,0,1960.89125,1960.89125,2191.287
2026-01-28,HP,diesel,Card,delhi,2026,1,28,2,0,0,1208.6833333333334,1208.6833333333334,1361.6849
2026-01-28,HP,diesel,Card,mumbai,2026,1,28,2,0,0,1786.7369999999999,1786.7369999999999,2050.4453
2026-01-28,HP,diesel,Card,pune,2026,1,28,2,0,0,1597.4957142857143,1597.4957142857143,1943.6721
2026-01-28,HP,diesel,Cash,bangalore,2026,1,28,2,0,0,2432.7725,2432.7725,2435.7258
2026-01-28,HP,diesel,Cash,chennai,2026,1,28,2,0,0,1879.03,1879.03,2136.3242
2026-01-28,HP,diesel,Cash,delhi,2026,1,28,2,0,0,1638.6328571428571,1638.6328571428571,2072.197
2026-01-28,HP,diesel,Cash,mumbai,2026,1,28,2,0,0,1707.6585714285716,1707.6585714285716,2116.031
2026-01-28,HP,diesel,Cash,pune,2026,1,28,2,0,0,2379.6408333333334,2379.6408333333334,2193.9382
2026-01-28,HP,diesel,UPI,bangalore,2026,1,28,2,0,0,1802.21625,1802.21625,2216.9836
2026-01-28,HP,diesel,UPI,chennai,2026,1,28,2,0,0,2105.03125,2105.03125,2204.1086
2026-01-28,HP,diesel,UPI,delhi,2026,1,28,2,0,0,1426.8066666666666,1426.8066666666666,1943.6191
2026-01-28,HP,diesel,UPI,mumbai,2026,1,28,2,0,0,2395.915,2395.915,2459.422
2026-01-28,HP,diesel,UPI,pune,2026,1,28,2,0,0,2342.6475,2342.6475,2241.4607
2026-01-28,HP,petrol,Card,bangalore,2026,1,28,2,0,0,1726.2966666666669,1726.2966666666669,2081.822
2026-01-28,HP,petrol,Card,chennai,2026,1,28,2,0,0,2772.457,2772.457,2926.3884
2026-01-28,HP,petrol,Card,delhi,2026,1,28,2,0,0,1653.8880000000001,1653.8880000000001,1918.1376
2026-01-28,HP,petrol,Card,mumbai,2026,1,28,2,0,0,2676.4533333333334,2676.4533333333334,3108.2783
2026-01-28,HP,petrol,Card,pune,2026,1,28,2,0,0,2386.945,2386.945,2077.6726
2026-01-28,HP,petrol,Cash,bangalore,2026,1,28,2,0,0,2466.4616666666666,2466.4616666666666,2378.6094
2026-01-28,HP,petrol,Cash,chennai,2026,1,28,2,0,0,2243.4049999999997,2243.4049999999997,2171.4673
2026-01-28,HP,petrol,Cash,delhi,2026,1,28,2,0,0,2151.3700000000003,2151.3700000000003,2174.7722
2026-01-28,HP,petrol,Cash,mumbai,2026,1,28,2,0,0,1801.3799999999999,1801.3799999999999,2003.0842
2026-01-28,HP,petrol,Cash,pune,2026,1,28,2,0,0,1396.2544444444443,1396.2544444444443,1631.2148
2026-01-28,HP,petrol,UPI,bangalore,2026,1,28,2,0,0,1942.2,1942.2,2180.9167
2026-01-28,HP,petrol,UPI,chennai,2026,1,28,2,0,0,1994.8986666666667,1994.8986666666667,2000.0608
2026-01-28,HP,petrol,UPI,delhi,2026,1,28,2,0,0,1918.9264285714287,1918.9264285714287,2038.003
2026-01-28,HP,petrol,UPI,mumbai,2026,1,28,2,0,0,2812.19,2812.19,2845.7126
2026-01-28,HP,petrol,UPI,pune,2026,1,28,2,0,0,1987.6850000000002,1987.6850000000002,1958.8143
2026-01-28,HP,power petrol,Card,bangalore,2026,1,28,2,0,0,3296.3419999999996,3296.3419999999996,3716.9888
2026-01-28,HP,power petrol,Card,chennai,2026,1,28,2,0,0,3017.558333333333,3017.558333333333,3675.7183
2026-01-28,HP,power petrol,Card,delhi,2026,1,28,2,0,0,1895.62375,1895.62375,2346.8398
2026-01-28,HP,power petrol,Card,mumbai,2026,1,28,2,0,0,2562.9829999999997,2562.9829999999997,3076.9841
2026-01-28,HP,power petrol,Card,pune,2026,1,28,2,0,0,1996.61,1996.61,2049.8923
2026-01-28,HP,power petrol,Cash,bangalore,2026,1,28,2,0,0,0.0,,807.4018
2026-01-28,HP,power petrol,Cash,chennai,2026,1,28,2,0,0,1808.9650000000001,1808.9650000000001,1914.1664
2026-01-28,HP,power petrol,Cash,delhi,2026,1,28,2,0,0,2445.5171428571425,2445.5171428571425,2570.4646
2026-01-28,HP,power petrol,Cash,mumbai,2026,1,28,2,0,0,2096.4666666666667,2096.4666666666667,2219.7305
2026-01-28,HP,power petrol,Cash,pune,2026,1,28,2,0,0,2382.055,2382.055,2126.3923
2026-01-28,HP,power petrol,UPI,bangalore,2026,1,28,2,0,0,1548.9699999999998,1548.9699999999998,2119.174
2026-01-28,HP,power petrol,UPI,chennai,2026,1,28,2,0,0,3449.875,3449.875,3706.7866
2026-01-28,HP,power petrol,UPI,delhi,2026,1,28,2,0,0,1322.702,1322.702,1962.471
2026-01-28,HP,power petrol,UPI,mumbai,2026,1,28,2,0,0,1848.05,1848.05,2272.336
2026-01-28,HP,power petrol,UPI,pune,2026,1,28,2,0,0,2527.307777777778,2527.307777777778,3030.339
2026-01-28,IOCL,diesel,Card,bangalore,2026,1,28,2,0,0,4194.373333333334,4194.373333333334,3834.6892
2026-01-28,IOCL,diesel,Card,chennai,2026,1,28,2,0,0,1461.5025,1461.5025,2048.1475
2026-01-28,IOCL,diesel,Card,delhi,2026,1,28,2,0,0,1884.988,1884.988,2298.9077
2026-01-28,IOCL,diesel,Card,mumbai,2026,1,28,2,0,0,1978.7118181818184,1978.7118181818184,2200.0986
2026-01-28,IOCL,diesel,Card,pune,2026,1,28,2,0,0,1934.158888888889,1934.158888888889,2056.5652
2026-01-28,IOCL,diesel,Cash,bangalore,2026,1,28,2,0,0,1159.5700000000002,1159.5700000000002,1467.6558
2026-01-28,IOCL,diesel,Cash,chennai,2026,1,28,2,0,0,948.3340000000001,948.3340000000001,1441.6821
2026-01-28,IOCL,diesel,Cash,delhi,2026,1,28,2,0,0,1955.898,1955.898,2256.259
2026-01-28,IOCL,diesel,Cash,mumbai,2026,1,28,2,0,0,1874.8266666666666,1874.8266666666666,2173.2192
2026-01-28,IOCL,diesel,Cash,pune,2026,1,28,2,0,0,1985.75,1985.75,1979.4191
2026-01-28,IOCL,diesel,UPI,bangalore,2026,1,28,2,0,0,1737.5199999999998,1737.5199999999998,2237.984
2026-01-28,IOCL,diesel,UPI,chennai,2026,1,28,2,0,0,1916.011,1916.011,2160.0842
2026-01-28,IOCL,diesel,UPI,delhi,2026,1,28,2,0,0,2074.5945454545454,2074.5945454545454,2298.9626
2026-01-28,IOCL,diesel,UPI,mumbai,2026,1,28,2,0,0,1915.90125,1915.90125,2227.349
2026-01-28,IOCL,diesel,UPI,pune,2026,1,28,2,0,0,1043.585,1043.585,1377.8756
2026-01-28,IOCL,petrol,Card,bangalore,2026,1,28,2,0,0,1443.8766666666668,1443.8766666666668,1817.3156
2026-01-28,IOCL,petrol,Card,chennai,2026,1,28,2,0,0,2473.17875,2473.17875,1967.547
2026-01-28,IOCL,petrol,Card,delhi,2026,1,28,2,0,0,2645.5636363636363,2645.5636363636363,3435.5173
2026-01-28,IOCL,petrol,Card,mumbai,2026,1,28,2,0,0,1198.185714285714,1198.185714285714,1301.4656
2026-01-28,IOCL,petrol,Card,pune,2026,1,28,2,0,0,2556.2799999999997,2556.2799999999997,3088.0854
2026-01-28,IOCL,petrol,Cash,bangalore,2026,1,28,2,0,0,2577.71,2577.71,3287.7654
2026-01-28,IOCL,petrol,Cash,chennai,2026,1,28,2,0,0,1951.1850000000002,1951.1850000000002,1885.3083
2026-01-28,IOCL,petrol,Cash,delhi,2026,1,28,2,0,0,2340.834,2340.834,2268.7852
2026-01-28,IOCL,petrol,Cash,mumbai,2026,1,28,2,0,0,2457.228888888889,2457.228888888889,2167.2195
2026-01-28,IOCL,petrol,Cash,pune,2026,1,28,2,0,0,2498.4,2498.4,2083.719
2026-01-28,IOCL,petrol,UPI,bangalore,2026,1,28,2,0,0,2599.9266666666667,2599.9266666666667,3247.8694
2026-01-28,IOCL,petrol,UPI,chennai,2026,1,28,2,0,0,1855.25,1855.25,1823.99
2026-01-28,IOCL,petrol,UPI,delhi,2026,1,28,2,0,0,2062.8875,2062.8875,1954.0431
2026-01-28,IOCL,petrol,UPI,mumbai,2026,1,28,2,0,0,1764.125,1764.125,1922.2429
2026-01-28,IOCL,petrol,UPI,pune,2026,1,28,2,0,0,2083.22,2083.22,1796.6456
2026-01-28,IOCL,power petrol,Card,bangalore,2026,1,28,2,0,0,2473.382857142857,2473.382857142857,2349.5242
2026-01-28,IOCL,power petrol,Card,chennai,2026,1,28,2,0,0,2190.233333333333,2190.233333333333,2098.5093
2026-01-28,IOCL,power petrol,Card,delhi,2026,1,28,2,0,0,1863.5766666666666,1863.5766666666666,2289.0261
2026-01-28,IOCL,power petrol,Card,mumbai,2026,1,28,2,0,0,2355.5714285714284,2355.5714285714284,2218.9534
2026-01-28,IOCL,power petrol,Card,pune,2026,1,28,2,0,0,2648.766153846154,2648.766153846154,3119.4565
2026-01-28,IOCL,power petrol,Cash,bangalore,2026,1,28,2,0,0,1865.993333333333,1865.993333333333,2128.3674
2026-01-28,IOCL,power petrol,Cash,chennai,2026,1,28,2,0,0,1671.87375,1671.87375,1847.9491
2026-01-28,IOCL,power petrol,Cash,delhi,2026,1,28,2,0,0,2514.805,2514.805,3651.522
2026-01-28,IOCL,power petrol,Cash,mumbai,2026,1,28,2,0,0,2150.042857142857,2150.042857142857,2057.8184
2026-01-28,IOCL,power petrol,Cash,pune,2026,1,28,2,0,0,2724.98,2724.98,2793.1743
2026-01-28,IOCL,power petrol,UPI,bangalore,2026,1,28,2,0,0,2309.24,2309.24,2304.269
2026-01-28,IOCL,power petrol,UPI,chennai,2026,1,28,2,0,0,2456.991666666667,2456.991666666667,2077.779
2026-01-28,IOCL,power petrol,UPI,delhi,2026,1,28,2,0,0,2472.733846153846,2472.733846153846,2498.834
2026-01-28,IOCL,power petrol,UPI,mumbai,2026,1,28,2,0,0,2099.7028571428573,2099.7028571428573,2102.4832
2026-01-28,IOCL,power petrol,UPI,pune,2026,1,28,2,0,0,2106.649,2106.649,1909.2906
2026-01-29,BPCL,diesel,Card,bangalore,2026,1,29,3,0,0,993.4040000000001,993.4040000000001,1171.266
2026-01-29,BPCL,diesel,Card,chennai,2026,1,29,3,0,0,2301.473,2301.473,1570.5001
2026-01-29,BPCL,diesel,Card,delhi,2026,1,29,3,0,0,2874.375,2874.375,3334.849
2026-01-29,BPCL,diesel,Card,mumbai,2026,1,29,3,0,0,1289.77,1289.77,1494.8286
2026-01-29,BPCL,diesel,Card,pune,2026,1,29,3,0,0,1298.9855555555555,1298.9855555555555,1480.1327
2026-01-29,BPCL,diesel,Cash,bangalore,2026,1,29,3,0,0,1852.3433333333335,1852.3433333333335,1703.0048
2026-01-29,BPCL,diesel,Cash,chennai,2026,1,29,3,0,0,2704.081111111111,2704.081111111111,2606.4595
2026-01-29,BPCL,diesel,Cash,delhi,2026,1,29,3,0,0,2138.9655555555555,2138.9655555555555,1625.1892
2026-01-29,BPCL,diesel,Cash,mumbai,2026,1,29,3,0,0,1864.2336363636364,1864.2336363636364,1664.9879
2026-01-29,BPCL,diesel,Cash,pune,2026,1,29,3,0,0,1948.3183333333334,1948.3183333333334,1494.2432
2026-01-29,BPCL,diesel,UPI,bangalore,2026,1,29,3,0,0,2066.0075,2066.0075,1623.6176
2026-01-29,BPCL,diesel,UPI,chennai,2026,1,29,3,0,0,1813.2723076923078,1813.2723076923078,1525.258
2026-01-29,BPCL,diesel,UPI,delhi,2026,1,29,3,0,0,1679.2490909090907,1679.2490909090907,1604.6781
2026-01-29,BPCL,diesel,UPI,mumbai,2026,1,29,3,0,0,1948.2766666666669,1948.2766666666669,1591.4904
2026-01-29,BPCL,diesel,UPI,pune,2026,1,29,3,0,0,1330.9773333333333,1330.9773333333333,1506.1495
2026-01-29,BPCL,petrol,Card,bangalore,2026,1,29,3,0,0,3095.5171428571425,3095.5171428571425,3504.2542
2026-01-29,BPCL,petrol,Card,chennai,2026,1,29,3,0,0,2214.8877777777775,2214.8877777777775,1443.4706
2026-01-29,BPCL,petrol,Card,delhi,2026,1,29,3,0,0,2320.816875,2320.816875,1702.3024
2026-01-29,BPCL,petrol,Card,mumbai,2026,1,29,3,0,0,1882.6116666666667,1882.6116666666667,1570.3406
2026-01-29,BPCL,petrol,Card,pune,2026,1,29,3,0,0,2420.381,2420.381,1430.4467
2026-01-29,BPCL,petrol,Cash,bangalore,2026,1,29,3,0,0,2466.1639999999998,2466.1639999999998,1645.6829
2026-01-29,BPCL,petrol,Cash,chennai,2026,1,29,3,0,0,2086.0437500000003,2086.0437500000003,1392.3494
2026-01-29,BPCL,petrol,Cash,delhi,2026,1,29,3,0,0,1866.4633333333331,1866.4633333333331,1583.266
2026-01-29,BPCL,petrol,Cash,mumbai,2026,1,29,3,0,0,1797.44125,1797.44125,1613.8281
2026-01-29,BPCL,petrol,Cash,pune,2026,1,29,3,0,0,2223.7366666666667,2223.7366666666667,1416.7607
2026-01-29,BPCL,petrol,UPI,bangalore,2026,1,29,3,0,0,2505.5628571428574,2505.5628571428574,1559.1818
2026-01-29,BPCL,petrol,UPI,chennai,2026,1,29,3,0,0,1973.3138461538463,1973.3138461538463,1362.3817
2026-01-29,BPCL,petrol,UPI,delhi,2026,1,29,3,0,0,2617.1457142857143,2617.1457142857143,3011.7695
2026-01-29,BPCL,petrol,UPI,mumbai,2026,1,29,3,0,0,2047.079090909091,2047.079090909091,1591.474
2026-01-29,BPCL,petrol,UPI,pune,2026,1,29,3,0,0,1997.163,1997.163,1359.0165
2026-01-29,BPCL,power petrol,Card,bangalore,2026,1,29,3,0,0,2145.02,2145.02,1717.4974
2026-01-29,BPCL,power petrol,Card,chennai,2026,1,29,3,0,0,2133.150909090909,2133.150909090909,1489.1588
2026-01-29,BPCL,power petrol,Card,delhi,2026,1,29,3,0,0,2168.163333333333,2168.163333333333,1819.0323
2026-01-29,BPCL,power petrol,Card,mumbai,2026,1,29,3,0,0,1784.5966666666668,1784.5966666666668,1546.069
2026-01-29,BPCL,power petrol,Card,pune,2026,1,29,3,0,0,2765.4100000000003,2765.4100000000003,2493.6133
2026-01-29,BPCL,power petrol,Cash,bangalore,2026,1,29,3,0,0,3476.37,3476.37,3564.4731
2026-01-29,BPCL,power petrol,Cash,chennai,2026,1,29,3,0,0,2002.8188888888888,2002.8188888888888,1462.2021
2026-01-29,BPCL,power petrol,Cash,delhi,2026,1,29,3,0,0,2305.334,2305.334,1917.0303
2026-01-29,BPCL,power petrol,Cash,mumbai,2026,1,29,3,0,0,2318.9137499999997,2318.9137499999997,1687.0901
2026-01-29,BPCL,power petrol,Cash,pune,2026,1,29,3,0,0,2600.3742857142856,2600.3742857142856,2651.9297
2026-01-29,BPCL,power petrol,UPI,bangalore,2026,1,29,3,0,0,2434.395,2434.395,1690.9012
2026-01-29,BPCL,power petrol,UPI,chennai,2026,1,29,3,0,0,2866.3214285714284,2866.3214285714284,3363.8535
2026-01-29,BPCL,power petrol,UPI,delhi,2026,1,29,3,0,0,2315.961111111111,2315.961111111111,1836.9628
2026-01-29,BPCL,power petrol,UPI,mumbai,2026,1,29,3,0,0,1974.024,1974.024,1603.8805
2026-01-29,BPCL,power petrol,UPI,pune,2026,1,29,3,0,0,1944.9627272727273,1944.9627272727273,1507.9575
2026-01-29,HP,diesel,Card,bangalore,2026,1,29,3,0,0,2871.181666666667,2871.181666666667,3441.9768
2026-01-29,HP,diesel,Card,chennai,2026,1,29,3,0,0,1960.89125,1960.89125,2234.5332
2026-01-29,HP,diesel,Card,delhi,2026,1,29,3,0,0,1208.6833333333334,1208.6833333333334,1370.1302
2026-01-29,HP,diesel,Card,mumbai,2026,1,29,3,0,0,1786.7369999999999,1786.7369999999999,2000.7997
2026-01-29,HP,diesel,Card,pune,2026,1,29,3,0,0,1597.4957142857143,1597.4957142857143,1927.4796
2026-01-29,HP,diesel,Cash,bangalore,2026,1,29,3,0,0,2432.7725,2432.7725,2404.1816
2026-01-29,HP,diesel,Cash,chennai,2026,1,29,3,0,0,1879.03,1879.03,2183.39
2026-01-29,HP,diesel,Cash,delhi,2026,1,29,3,0,0,1638.6328571428571,1638.6328571428571,2057.8347
2026-01-29,HP,diesel,Cash,mumbai,2026,1,29,3,0,0,1707.6585714285716,1707.6585714285716,2074.4885
2026-01-29,HP,diesel,Cash,pune,2026,1,29,3,0,0,2379.6408333333334,2379.6408333333334,2188.7065
2026-01-29,HP,diesel,UPI,bangalore,2026,1,29,3,0,0,1802.21625,1802.21625,2186.4255
2026-01-29,HP,diesel,UPI,chennai,2026,1,29,3,0,0,2105.03125,2105.03125,2261.3079
2026-01-29,HP,diesel,UPI,delhi,2026,1,29,3,0,0,1426.8066666666666,1426.8066666666666,1958.0144
2026-01-29,HP,diesel,UPI,mumbai,2026,1,29,3,0,0,2395.915,2395.915,2430.7842
2026-01-29,HP,diesel,UPI,pune,2026,1,29,3,0,0,2342.6475,2342.6475,2241.801
2026-01-29,HP,petrol,Card,bangalore,2026,1,29,3,0,0,1726.2966666666669,1726.2966666666669,2008.375
2026-01-29,HP,petrol,Card,chennai,2026,1,29,3,0,0,2772.457,2772.457,2896.0566
2026-01-29,HP,petrol,Card,delhi,2026,1,29,3,0,0,1653.8880000000001,1653.8880000000001,1873.6151
2026-01-29,HP,petrol,Card,mumbai,2026,1,29,3,0,0,2676.4533333333334,2676.4533333333334,3059.1125
2026-01-29,HP,petrol,Card,pune,2026,1,29,3,0,0,2386.945,2386.945,2042.3054
2026-01-29,HP,petrol,Cash,bangalore,2026,1,29,3,0,0,2466.4616666666666,2466.4616666666666,2251.5886
2026-01-29,HP,petrol,Cash,chennai,2026,1,29,3,0,0,2243.4049999999997,2243.4049999999997,2120.152
2026-01-29,HP,petrol,Cash,delhi,2026,1,29,3,0,0,2151.3700000000003,2151.3700000000003,2069.7114
2026-01-29,HP,petrol,Cash,mumbai,2026,1,29,3,0,0,1801.3799999999999,1801.3799999999999,1969.1145
2026-01-29,HP,petrol,Cash,pune,2026,1,29,3,0,0,1396.2544444444443,1396.2544444444443,1545.0316
2026-01-29,HP,petrol,UPI,bangalore,2026,1,29,3,0,0,1942.2,1942.2,2126.4836
2026-01-29,HP,petrol,UPI,chennai,2026,1,29,3,0,0,1994.8986666666667,1994.8986666666667,2026.8434
2026-01-29,HP,petrol,UPI,delhi,2026,1,29,3,0,0,1918.9264285714287,1918.9264285714287,2009.9603
2026-01-29,HP,petrol,UPI,mumbai,2026,1,29,3,0,0,2812.19,2812.19,2811.01
2026-01-29,HP,petrol,UPI,pune,2026,1,29,3,0,0,1987.6850000000002,1987.6850000000002,1933.1912
2026-01-29,HP,power petrol,Card,bangalore,2026,1,29,3,0,0,3296.3419999999996,3296.3419999999996,3658.6685
2026-01-29,HP,power petrol,Card,chennai,2026,1,29,3,0,0,3017.558333333333,3017.558333333333,3631.2412
2026-01-29,HP,power petrol,Card,delhi,2026,1,29,3,0,0,1895.62375,1895.62375,2336.755
2026-01-29,HP,power petrol,Card,mumbai,2026,1,29,3,0,0,2562.9829999999997,2562.9829999999997,3030.178
2026-01-29,HP,power petrol,Card,pune,2026,1,29,3,0,0,1996.61,1996.61,2050.9138
2026-01-29,HP,power petrol,Cash,bangalore,2026,1,29,3,0,0,0.0,,770.0263
2026-01-29,HP,power petrol,Cash,chennai,2026,1,29,3,0,0,1808.9650000000001,1808.9650000000001,1963.7463
2026-01-29,HP,power petrol,Cash,delhi,2026,1,29,3,0,0,2445.5171428571425,2445.5171428571425,2573.7952
2026-01-29,HP,power petrol,Cash,mumbai,2026,1,29,3,0,0,2096.4666666666667,2096.4666666666667,2182.004
2026-01-29,HP,power petrol,Cash,pune,2026,1,29,3,0,0,2382.055,2382.055,2136.9534
2026-01-29,HP,power petrol,UPI,bangalore,2026,1,29,3,0,0,1548.9699999999998,1548.9699999999998,2093.9314
2026-01-29,HP,power petrol,UPI,chennai,2026,1,29,3,0,0,3449.875,3449.875,3669.0024
2026-01-29,HP,power petrol,UPI,delhi,2026,1,29,3,0,0,1322.702,1322.702,1981.9298
2026-01-29,HP,power petrol,UPI,mumbai,2026,1,29,3,0,0,1848.05,1848.05,2234.4988
2026-01-29,HP,power petrol,UPI,pune,2026,1,29,3,0,0,2527.307777777778,2527.307777777778,3006.9648
2026-01-29,IOCL,diesel,Card,bangalore,2026,1,29,3,0,0,4194.373333333334,4194.373333333334,3788.5815
2026-01-29,IOCL,diesel,Card,chennai,2026,1,29,3,0,0,1461.5025,1461.5025,2102.0415
2026-01-29,IOCL,diesel,Card,delhi,2026,1,29,3,0,0,1884.988,1884.988,2288.5737
2026-01-29,IOCL,diesel,Card,mumbai,2026,1,29,3,0,0,1978.7118181818184,1978.7118181818184,2161.2703
2026-01-29,IOCL,diesel,Card,pune,2026,1,29,3,0,0,1934.158888888889,1934.158888888889,2045.3423
2026-01-29,IOCL,diesel,Cash,bangalore,2026,1,29,3,0,0,1159.5700000000002,1159.5700000000002,1457.7145
2026-01-29,IOCL,diesel,Cash,chennai,2026,1,29,3,0,0,948.3340000000001,948.3340000000001,1425.9998
2026-01-29,IOCL,diesel,Cash,delhi,2026,1,29,3,0,0,1955.898,1955.898,2250.7944
2026-01-29,IOCL,diesel,Cash,mumbai,2026,1,29,3,0,0,1874.8266666666666,1874.8266666666666,2140.4258
2026-01-29,IOCL,diesel,Cash,pune,2026,1,29,3,0,0,1985.75,1985.75,1974.1432
2026-01-29,IOCL,diesel,UPI,bangalore,2026,1,29,3,0,0,1737.5199999999998,1737.5199999999998,2216.4622
2026-01-29,IOCL,diesel,UPI,chennai,2026,1,29,3,0,0,1916.011,1916.011,2223.4878
2026-01-29,IOCL,diesel,UPI,delhi,2026,1,29,3,0,0,2074.5945454545454,2074.5945454545454,2302.8604
2026-01-29,IOCL,diesel,UPI,mumbai,2026,1,29,3,0,0,1189.61,1915.90125,1589.2065
2026-01-29,IOCL,diesel,UPI,pune,2026,1,29,3,0,0,1043.585,1043.585,1346.159
2026-01-29,IOCL,petrol,Card,bangalore,2026,1,29,3,0,0,1443.8766666666668,1443.8766666666668,1757.333
2026-01-29,IOCL,petrol,Card,chennai,2026,1,29,3,0,0,2473.17875,2473.17875,1980.9811
2026-01-29,IOCL,petrol,Card,delhi,2026,1,29,3,0,0,2645.5636363636363,2645.5636363636363,3405.2227
2026-01-29,IOCL,petrol,Card,mumbai,2026,1,29,3,0,0,1198.185714285714,1198.185714285714,1275.8491
2026-01-29,IOCL,petrol,Card,pune,2026,1,29,3,0,0,2556.2799999999997,2556.2799999999997,3013.2573
2026-01-29,IOCL,petrol,Cash,bangalore,2026,1,29,3,0,0,2577.71,2577.71,3149.7354
2026-01-29,IOCL,petrol,Cash,chennai,2026,1,29,3,0,0,1951.1850000000002,1951.1850000000002,1832.9104
2026-01-29,IOCL,petrol,Cash,delhi,2026,1,29,3,0,0,2340.834,2340.834,2212.8572
2026-01-29,IOCL,petrol,Cash,mumbai,2026,1,29,3,0,0,2457.228888888889,2457.228888888889,2147.1729
2026-01-29,IOCL,petrol,Cash,pune,2026,1,29,3,0,0,2498.4,2498.4,1985.2411
2026-01-29,IOCL,petrol,UPI,bangalore,2026,1,29,3,0,0,2599.9266666666667,2599.9266666666667,3192.5146
2026-01-29,IOCL,petrol,UPI,chennai,2026,1,29,3,0,0,1855.25,1855.25,1853.8589
2026-01-29,IOCL,petrol,UPI,delhi,2026,1,29,3,0,0,2062.8875,2062.8875,1974.3064
2026-01-29,IOCL,petrol,UPI,mumbai,2026,1,29,3,0,0,1764.125,1764.125,1908.1096
2026-01-29,IOCL,petrol,UPI,pune,2026,1,29,3,0,0,1045.18,2083.22,1080.4116
2026-01-29,IOCL,power petrol,Card,bangalore,2026,1,29,3,0,0,2473.382857142857,2473.382857142857,2313.7544
2026-01-29,IOCL,power petrol,Card,chennai,2026,1,29,3,0,0,2190.233333333333,2190.233333333333,2142.8823
2026-01-29,IOCL,power petrol,Card,delhi,2026,1,29,3,0,0,1863.5766666666666,1863.5766666666666,2279.1682
2026-01-29,IOCL,power petrol,Card,mumbai,2026,1,29,3,0,0,2355.5714285714284,2355.5714285714284,2182.7097
2026-01-29,IOCL,power petrol,Card,pune,2026,1,29,3,0,0,2648.766153846154,2648.766153846154,3085.3677
2026-01-29,IOCL,power petrol,Cash,bangalore,2026,1,29,3,0,0,1865.993333333333,1865.993333333333,2094.0996
2026-01-29,IOCL,power petrol,Cash,chennai,2026,1,29,3,0,0,1671.87375,1671.87375,1891.4354
2026-01-29,IOCL,power petrol,Cash,delhi,2026,1,29,3,0,0,2514.805,2514.805,3621.3381
2026-01-29,IOCL,power petrol,Cash,mumbai,2026,1,29,3,0,0,2150.042857142857,2150.042857142857,2022.351
2026-01-29,IOCL,power petrol,Cash,pune,2026,1,29,3,0,0,2724.98,2724.98,2761.7078
2026-01-29,IOCL,power petrol,UPI,bangalore,2026,1,29,3,0,0,2309.24,2309.24,2278.355
2026-01-29,IOCL,power petrol,UPI,chennai,2026,1,29,3,0,0,2456.991666666667,2456.991666666667,2128.463
2026-01-29,IOCL,power petrol,UPI,delhi,2026,1,29,3,0,0,2472.733846153846,2472.733846153846,2501.8835
2026-01-29,IOCL,power petrol,UPI,mumbai,2026,1,29,3,0,0,2099.7028571428573,2099.7028571428573,2070.8445
2026-01-29,IOCL,power petrol,UPI,pune,2026,1,29,3,0,0,554.33,2106.649,798.9336
2026-01-30,BPCL,diesel,Card,bangalore,2026,1,30,4,0,0,993.4040000000001,993.4040000000001,1168.7524
2026-01-30,BPCL,diesel,Card,chennai,2026,1,30,4,0,0,2301.473,2301.473,1592.0219
2026-01-30,BPCL,diesel,Card,delhi,2026,1,30,4,0,0,2874.375,2874.375,3401.6626
2026-01-30,BPCL,diesel,Card,mumbai,2026,1,30,4,0,0,1289.77,1289.77,1500.58
2026-01-30,BPCL,diesel,Card,pune,2026,1,30,4,0,0,1298.9855555555555,1298.9855555555555,1473.9197
2026-01-30,BPCL,diesel,Cash,bangalore,2026,1,30,4,0,0,1852.3433333333335,1852.3433333333335,1709.0077
2026-01-30,BPCL,diesel,Cash,chennai,2026,1,30,4,0,0,2704.081111111111,2704.081111111111,2591.0237
2026-01-30,BPCL,diesel,Cash,delhi,2026,1,30,4,0,0,2138.9655555555555,2138.9655555555555,1702.7241
2026-01-30,BPCL,diesel,Cash,mumbai,2026,1,30,4,0,0,1864.2336363636364,1864.2336363636364,1661.7482
2026-01-30,BPCL,diesel,Cash,pune,2026,1,30,4,0,0,1948.3183333333334,1948.3183333333334,1500.625
2026-01-30,BPCL,diesel,UPI,bangalore,2026,1,30,4,0,0,2066.0075,2066.0075,1627.5153
2026-01-30,BPCL,diesel,UPI,chennai,2026,1,30,4,0,0,1813.2723076923078,1813.2723076923078,1517.0906
2026-01-30,BPCL,diesel,UPI,delhi,2026,1,30,4,0,0,1679.2490909090907,1679.2490909090907,1667.2484
2026-01-30,BPCL,diesel,UPI,mumbai,2026,1,30,4,0,0,1948.2766666666669,1948.2766666666669,1594.8846
2026-01-30,BPCL,diesel,UPI,pune,2026,1,30,4,0,0,1330.9773333333333,1330.9773333333333,1497.3961
2026-01-30,BPCL,petrol,Card,bangalore,2026,1,30,4,0,0,3095.5171428571425,3095.5171428571425,3523.659
2026-01-30,BPCL,petrol,Card,chennai,2026,1,30,4,0,0,2214.8877777777775,2214.8877777777775,1479.7677
2026-01-30,BPCL,petrol,Card,delhi,2026,1,30,4,0,0,2320.816875,2320.816875,1811.6954
2026-01-30,BPCL,petrol,Card,mumbai,2026,1,30,4,0,0,1882.6116666666667,1882.6116666666667,1600.3201
2026-01-30,BPCL,petrol,Card,pune,2026,1,30,4,0,0,2420.381,2420.381,1470.1976
2026-01-30,BPCL,petrol,Cash,bangalore,2026,1,30,4,0,0,1684.68,2466.1639999999998,1629.1365
2026-01-30,BPCL,petrol,Cash,chennai,2026,1,30,4,0,0,2086.0437500000003,2086.0437500000003,1412.5068
2026-01-30,BPCL,petrol,Cash,delhi,2026,1,30,4,0,0,1866.4633333333331,1866.4633333333331,1675.6747
2026-01-30,BPCL,petrol,Cash,mumbai,2026,1,30,4,0,0,1797.44125,1797.44125,1612.5662
2026-01-30,BPCL,petrol,Cash,pune,2026,1,30,4,0,0,2223.7366666666667,2223.7366666666667,1442.1819
2026-01-30,BPCL,petrol,UPI,bangalore,2026,1,30,4,0,0,2505.5628571428574,2505.5628571428574,1596.5746
2026-01-30,BPCL,petrol,UPI,chennai,2026,1,30,4,0,0,1973.3138461538463,1973.3138461538463,1381.7567
2026-01-30,BPCL,petrol,UPI,delhi,2026,1,30,4,0,0,2617.1457142857143,2617.1457142857143,3119.7595
2026-01-30,BPCL,petrol,UPI,mumbai,2026,1,30,4,0,0,2047.079090909091,2047.079090909091,1610.3976
2026-01-30,BPCL,petrol,UPI,pune,2026,1,30,4,0,0,1997.163,1997.163,1381.6469
2026-01-30,BPCL,power petrol,Card,bangalore,2026,1,30,4,0,0,2145.02,2145.02,1716.9103
2026-01-30,BPCL,power petrol,Card,chennai,2026,1,30,4,0,0,2133.150909090909,2133.150909090909,1488.6293
2026-01-30,BPCL,power petrol,Card,delhi,2026,1,30,4,0,0,2168.163333333333,2168.163333333333,1885.3649
2026-01-30,BPCL,power petrol,Card,mumbai,2026,1,30,4,0,0,1784.5966666666668,1784.5966666666668,1542.6427
2026-01-30,BPCL,power petrol,Card,pune,2026,1,30,4,0,0,2765.4100000000003,2765.4100000000003,2494.099
2026-01-30,BPCL,power petrol,Cash,bangalore,2026,1,30,4,0,0,3476.37,3476.37,3551.776
2026-01-30,BPCL,power petrol,Cash,chennai,2026,1,30,4,0,0,2002.8188888888888,2002.8188888888888,1464.0955
2026-01-30,BPCL,power petrol,Cash,delhi,2026,1,30,4,0,0,2305.334,2305.334,1987.6431
2026-01-30,BPCL,power petrol,Cash,mumbai,2026,1,30,4,0,0,2318.9137499999997,2318.9137499999997,1677.312
2026-01-30,BPCL,power petrol,Cash,pune,2026,1,30,4,0,0,2600.3742857142856,2600.3742857142856,2659.9316
2026-01-30,BPCL,power petrol,UPI,bangalore,2026,1,30,4,0,0,2434.395,2434.395,1709.7455
2026-01-30,BPCL,power petrol,UPI,chennai,2026,1,30,4,0,0,2866.3214285714284,2866.3214285714284,3361.7744
2026-01-30,BPCL,power petrol,UPI,delhi,2026,1,30,4,0,0,2315.961111111111,2315.961111111111,1922.4696
2026-01-30,BPCL,power petrol,UPI,mumbai,2026,1,30,4,0,0,1974.024,1974.024,1601.6312
2026-01-30,BPCL,power petrol,UPI,pune,2026,1,30,4,0,0,1944.9627272727273,1944.9627272727273,1511.7739
2026-01-30,HP,diesel,Card,bangalore,2026,1,30,4,0,0,2871.181666666667,2871.181666666667,3452.37
2026-01-30,HP,diesel,Card,chennai,2026,1,30,4,0,0,1960.89125,1960.89125,2236.0376
2026-01-30,HP,diesel,Card,delhi,2026,1,30,4,0,0,1208.6833333333334,1208.6833333333334,1345.3479
2026-01-30,HP,diesel,Card,mumbai,2026,1,30,4,0,0,1786.7369999999999,1786.7369999999999,2009.8441
2026-01-30,HP,diesel,Card,pune,2026,1,30,4,0,0,1597.4957142857143,1597.4957142857143,1923.8876
2026-01-30,HP,diesel,Cash,bangalore,2026,1,30,4,0,0,2432.7725,2432.7725,2411.8508
2026-01-30,HP,diesel,Cash,chennai,2026,1,30,4,0,0,1879.03,1879.03,2185.8047
2026-01-30,HP,diesel,Cash,delhi,2026,1,30,4,0,0,1638.6328571428571,1638.6328571428571,2031.928
2026-01-30,HP,diesel,Cash,mumbai,2026,1,30,4,0,0,1707.6585714285716,1707.6585714285716,2063.6455
2026-01-30,HP,diesel,Cash,pune,2026,1,30,4,0,0,2379.6408333333334,2379.6408333333334,2196.6355
2026-01-30,HP,diesel,UPI,bangalore,2026,1,30,4,0,0,1802.21625,1802.21625,2176.5112
2026-01-30,HP,diesel,UPI,chennai,2026,1,30,4,0,0,2105.03125,2105.03125,2257.0308
2026-01-30,HP,diesel,UPI,delhi,2026,1,30,4,0,0,1426.8066666666666,1426.8066666666666,1925.1008
2026-01-30,HP,diesel,UPI,mumbai,2026,1,30,4,0,0,2395.915,2395.915,2431.4636
2026-01-30,HP,diesel,UPI,pune,2026,1,30,4,0,0,2342.6475,2342.6475,2258.018
2026-01-30,HP,petrol,Card,bangalore,2026,1,30,4,0,0,1726.2966666666669,1726.2966666666669,2016.0587
2026-01-30,HP,petrol,Card,chennai,2026,1,30,4,0,0,2772.457,2772.457,2927.0283
2026-01-30,HP,petrol,Card,delhi,2026,1,30,4,0,0,1653.8880000000001,1653.8880000000001,1861.0255
2026-01-30,HP,petrol,Card,mumbai,2026,1,30,4,0,0,2676.4533333333334,2676.4533333333334,3099.0232
2026-01-30,HP,petrol,Card,pune,2026,1,30,4,0,0,2386.945,2386.945,2080.1887
2026-01-30,HP,petrol,Cash,bangalore,2026,1,30,4,0,0,2466.4616666666666,2466.4616666666666,2271.3508
2026-01-30,HP,petrol,Cash,chennai,2026,1,30,4,0,0,2243.4049999999997,2243.4049999999997,2140.935
2026-01-30,HP,petrol,Cash,delhi,2026,1,30,4,0,0,2151.3700000000003,2151.3700000000003,2066.391
2026-01-30,HP,petrol,Cash,mumbai,2026,1,30,4,0,0,1801.3799999999999,1801.3799999999999,1971.0781
2026-01-30,HP,petrol,Cash,pune,2026,1,30,4,0,0,1396.2544444444443,1396.2544444444443,1558.5051
2026-01-30,HP,petrol,UPI,bangalore,2026,1,30,4,0,0,1942.2,1942.2,2138.2744
2026-01-30,HP,petrol,UPI,chennai,2026,1,30,4,0,0,1994.8986666666667,1994.8986666666667,2040.3993
2026-01-30,HP,petrol,UPI,delhi,2026,1,30,4,0,0,1918.9264285714287,1918.9264285714287,2001.7025
2026-01-30,HP,petrol,UPI,mumbai,2026,1,30,4,0,0,2812.19,2812.19,2826.1453
2026-01-30,HP,petrol,UPI,pune,2026,1,30,4,0,0,1987.6850000000002,1987.6850000000002,1949.7728
2026-01-30,HP,power petrol,Card,bangalore,2026,1,30,4,0,0,3296.3419999999996,3296.3419999999996,3674.5962
2026-01-30,HP,power petrol,Card,chennai,2026,1,30,4,0,0,3017.558333333333,3017.558333333333,3646.5762
2026-01-30,HP,power petrol,Card,delhi,2026,1,30,4,0,0,1895.62375,1895.62375,2312.3774
2026-01-30,HP,power petrol,Card,mumbai,2026,1,30,4,0,0,2562.9829999999997,2562.9829999999997,3057.4602
2026-01-30,HP,power petrol,Card,pune,2026,1,30,4,0,0,1996.61,1996.61,2058.1028
2026-01-30,HP,power petrol,Cash,bangalore,2026,1,30,4,0,0,0.0,,771.85236
2026-01-30,HP,power petrol,Cash,chennai,2026,1,30,4,0,0,1808.9650000000001,1808.9650000000001,1958.2404
2026-01-30,HP,power petrol,Cash,delhi,2026,1,30,4,0,0,2445.5171428571425,2445.5171428571425,2552.9548
2026-01-30,HP,power petrol,Cash,mumbai,2026,1,30,4,0,0,2096.4666666666667,2096.4666666666667,2175.8828
2026-01-30,HP,power petrol,Cash,pune,2026,1,30,4,0,0,2382.055,2382.055,2147.4436
2026-01-30,HP,power petrol,UPI,bangalore,2026,1,30,4,0,0,1548.9699999999998,1548.9699999999998,2083.2217
2026-01-30,HP,power petrol,UPI,chennai,2026,1,30,4,0,0,3449.875,3449.875,3681.1804
2026-01-30,HP,power petrol,UPI,delhi,2026,1,30,4,0,0,1322.702,1322.702,1943.8715
2026-01-30,HP,power petrol,UPI,mumbai,2026,1,30,4,0,0,1848.05,1848.05,2229.8037
2026-01-30,HP,power petrol,UPI,pune,2026,1,30,4,0,0,2527.307777777778,2527.307777777778,3040.6304
2026-01-30,IOCL,diesel,Card,bangalore,2026,1,30,4,0,0,4194.373333333334,4194.373333333334,3800.5562
2026-01-30,IOCL,diesel,Card,chennai,2026,1,30,4,0,0,1461.5025,1461.5025,2099.4282
2026-01-30,IOCL,diesel,Card,delhi,2026,1,30,4,0,0,1884.988,1884.988,2367.6497
2026-01-30,IOCL,diesel,Card,mumbai,2026,1,30,4,0,0,1978.7118181818184,1978.7118181818184,2180.002
2026-01-30,IOCL,diesel,Card,pune,2026,1,30,4,0,0,1934.158888888889,1934.158888888889,2053.8242
2026-01-30,IOCL,diesel,Cash,bangalore,2026,1,30,4,0,0,1159.5700000000002,1159.5700000000002,1462.0591
2026-01-30,IOCL,diesel,Cash,chennai,2026,1,30,4,0,0,948.3340000000001,948.3340000000001,1422.944
2026-01-30,IOCL,diesel,Cash,delhi,2026,1,30,4,0,0,1955.898,1955.898,2331.967
2026-01-30,IOCL,diesel,Cash,mumbai,2026,1,30,4,0,0,1874.8266666666666,1874.8266666666666,2139.4197
2026-01-30,IOCL,diesel,Cash,pune,2026,1,30,4,0,0,1985.75,1985.75,1984.7069
2026-01-30,IOCL,diesel,UPI,bangalore,2026,1,30,4,0,0,1737.5199999999998,1737.5199999999998,2212.9553
2026-01-30,IOCL,diesel,UPI,chennai,2026,1,30,4,0,0,1916.011,1916.011,2224.242
2026-01-30,IOCL,diesel,UPI,delhi,2026,1,30,4,0,0,2074.5945454545454,2074.5945454545454,2378.4275
2026-01-30,IOCL,diesel,UPI,mumbai,2026,1,30,4,0,0,1915.90125,1915.90125,2205.3076
2026-01-30,IOCL,diesel,UPI,pune,2026,1,30,4,0,0,1043.585,1043.585,1344.7305
2026-01-30,IOCL,petrol,Card,bangalore,2026,1,30,4,0,0,1443.8766666666668,1443.8766666666668,1766.7994
2026-01-30,IOCL,petrol,Card,chennai,2026,1,30,4,0,0,2473.17875,2473.17875,2011.4927
2026-01-30,IOCL,petrol,Card,delhi,2026,1,30,4,0,0,2645.5636363636363,2645.5636363636363,3517.1853
2026-01-30,IOCL,petrol,Card,mumbai,2026,1,30,4,0,0,1198.185714285714,1198.185714285714,1298.7725
2026-01-30,IOCL,petrol,Card,pune,2026,1,30,4,0,0,2556.2799999999997,2556.2799999999997,3056.0525
2026-01-30,IOCL,petrol,Cash,bangalore,2026,1,30,4,0,0,2577.71,2577.71,3174.1816
2026-01-30,IOCL,petrol,Cash,chennai,2026,1,30,4,0,0,1951.1850000000002,1951.1850000000002,1852.4342
2026-01-30,IOCL,petrol,Cash,delhi,2026,1,30,4,0,0,2340.834,2340.834,2302.4023
2026-01-30,IOCL,petrol,Cash,mumbai,2026,1,30,4,0,0,2457.228888888889,2457.228888888889,2154.6008
2026-01-30,IOCL,petrol,Cash,pune,2026,1,30,4,0,0,2498.4,2498.4,2005.707
2026-01-30,IOCL,petrol,UPI,bangalore,2026,1,30,4,0,0,2599.9266666666667,2599.9266666666667,3231.2268
2026-01-30,IOCL,petrol,UPI,chennai,2026,1,30,4,0,0,1855.25,1855.25,1867.9004
2026-01-30,IOCL,petrol,UPI,delhi,2026,1,30,4,0,0,2062.8875,2062.8875,2062.3477
2026-01-30,IOCL,petrol,UPI,mumbai,2026,1,30,4,0,0,1764.125,1764.125,1916.0583
2026-01-30,IOCL,petrol,UPI,pune,2026,1,30,4,0,0,2083.22,2083.22,1790.7695
2026-01-30,IOCL,power petrol,Card,bangalore,2026,1,30,4,0,0,2473.382857142857,2473.382857142857,2328.9915
2026-01-30,IOCL,power petrol,Card,chennai,2026,1,30,4,0,0,2190.233333333333,2190.233333333333,2154.7007
2026-01-30,IOCL,power petrol,Card,delhi,2026,1,30,4,0,0,1863.5766666666666,1863.5766666666666,2347.3894
2026-01-30,IOCL,power petrol,Card,mumbai,2026,1,30,4,0,0,4617.64,2355.5714285714284,3643.2183
2026-01-30,IOCL,power petrol,Card,pune,2026,1,30,4,0,0,2648.766153846154,2648.766153846154,3113.2385
2026-01-30,IOCL,power petrol,Cash,bangalore,2026,1,30,4,0,0,1865.993333333333,1865.993333333333,2097.2856
2026-01-30,IOCL,power petrol,Cash,chennai,2026,1,30,4,0,0,1671.87375,1671.87375,1884.3931
2026-01-30,IOCL,power petrol,Cash,delhi,2026,1,30,4,0,0,2514.805,2514.805,3704.9758
2026-01-30,IOCL,power petrol,Cash,mumbai,2026,1,30,4,0,0,2150.042857142857,2150.042857142857,2015.7402
2026-01-30,IOCL,power petrol,Cash,pune,2026,1,30,4,0,0,2724.98,2724.98,2768.1877
2026-01-30,IOCL,power petrol,UPI,bangalore,2026,1,30,4,0,0,2309.24,2309.24,2289.5557
2026-01-30,IOCL,power petrol,UPI,chennai,2026,1,30,4,0,0,2456.991666666667,2456.991666666667,2136.2798
2026-01-30,IOCL,power petrol,UPI,delhi,2026,1,30,4,0,0,2472.733846153846,2472.733846153846,2579.502
2026-01-30,IOCL,power petrol,UPI,mumbai,2026,1,30,4,0,0,2099.7028571428573,2099.7028571428573,2067.565
2026-01-30,IOCL,power petrol,UPI,pune,2026,1,30,4,0,0,2106.649,2106.649,1911.3839
