TransactionID,Date,Time,Company,LocationID,City,FuelType,Quantity_Liters,Price_per_Litre,Total_Amount,PaymentMethod,VehicleType,LoyaltyCardUsed,PumpNumber,EmployeeID,Hour,DayOfWeek,Month,HighValue,log_Total_Amount,Predicted_Total_Amount,Predicted_HighValue
TXN001,2024-01-03,05:44:00,HP,delhi-pump-04,2,1,26.3,94.46,2484.3,2,1,No,3,E-DEL-4,5,2,1,0,7.818148655590208,2485.8552,0
TXN002,2025-02-04,21:08:00,IOCL,pune-pump-01,4,0,42.89,87.57,3755.88,0,1,Yes,5,E-PUN-3,21,1,2,0,8.231344104685903,3752.4568,0
TXN003,2024-08-25,06:39:00,BPCL,mumbai-pump-02,3,0,10.42,88.11,918.11,0,0,Yes,1,E-MUM-2,6,6,8,0,6.8234058105137745,930.19055,0
TXN004,2025-01-05,15:20:00,IOCL,bangalore-pump-07,0,1,14.49,95.1,1378.0,1,0,No,2,E-BAN-1,15,6,1,0,7.229113877793302,1366.475,0
TXN005,2025-04-09,19:52:00,HP,mumbai-pump-02,3,0,39.37,87.21,3433.46,1,1,No,5,E-MUM-5,19,2,4,0,8.141614987058237,3435.0256,0
TXN006,2024-04-28,10:38:00,BPCL,mumbai-pump-02,3,0,13.49,87.55,1181.05,2,0,Yes,4,E-MUM-1,10,6,4,0,7.075005498255806,1181.2885,0
TXN007,2025-11-24,14:31:00,BPCL,chennai-pump-05,1,1,6.35,94.92,602.74,2,0,Yes,1,E-CHE-4,14,0,11,0,6.403143641682614,602.4975,0
TXN008,2025-11-06,01:45:00,HP,chennai-pump-03,1,1,41.2,95.01,3914.41,2,1,Yes,1,E-CHE-4,1,3,11,0,8.27267532835665,3912.5964,0
TXN009,2025-09-06,01:46:00,IOCL,delhi-pump-01,2,0,7.04,87.56,616.42,1,0,No,5,E-DEL-3,1,5,9,0,6.425549505453333,616.8111,0
TXN010,2024-04-05,20:15:00,IOCL,pune-pump-06,4,0,15.36,88.05,1352.45,0,1,No,1,E-PUN-5,20,4,4,0,7.210412167108619,1353.8058,0
TXN011,2025-10-13,01:48:00,BPCL,pune-pump-01,4,0,5.16,87.76,452.84,1,0,Yes,1,E-PUN-5,1,0,10,0,6.117744713018312,494.29755,0
TXN012,2025-06-18,04:48:00,IOCL,pune-pump-06,4,0,14.94,87.33,1304.71,0,0,Yes,4,E-PUN-1,4,2,6,0,7.1745022331117845,1304.13,0
TXN013,2025-07-24,21:11:00,BPCL,mumbai-pump-02,3,1,40.42,94.75,3829.8,1,1,Yes,2,E-MUM-2,21,3,7,0,8.250828937647464,3801.2712,0
TXN014,2024-01-19,05:04:00,BPCL,mumbai-pump-02,3,2,14.46,99.23,1434.87,1,0,Yes,3,E-MUM-5,5,4,1,0,7.269526216262239,1434.6848,0
TXN015,2025-06-20,16:52:00,BPCL,mumbai-pump-02,3,2,14.36,99.88,1434.28,0,0,Yes,2,E-MUM-5,16,4,6,0,7.269115231111129,1437.95,0
TXN016,2025-03-01,02:25:00,IOCL,bangalore-pump-07,0,2,38.15,99.6,3799.74,2,1,Yes,2,E-BAN-4,2,5,3,0,8.242951063597825,3798.8389,0
TXN017,2025-01-01,18:44:00,IOCL,delhi-pump-01,2,1,13.86,95.08,1317.81,1,0,Yes,2,E-DEL-3,18,2,1,0,7.184485093819722,1316.1174,0
TXN018,2025-03-31,13:22:00,HP,bangalore-pump-07,0,0,35.4,87.73,3105.64,0,1,No,5,E-BAN-5,13,0,3,0,8.0412970352837,3103.6287,0
TXN019,2025-11-13,19:16:00,HP,chennai-pump-05,1,1,32.75,94.55,3096.51,2,1,Yes,1,E-CHE-1,19,3,11,0,8.038353841908094,3094.2366,0
TXN020,2025-10-05,17:34:00,IOCL,pune-pump-01,4,0,8.07,88.11,711.05,0,0,Yes,1,E-PUN-3,17,6,10,0,6.568148133665437,712.83887,0
TXN021,2024-08-11,21:30:00,BPCL,delhi-pump-01,2,2,13.1,99.58,1304.5,2,0,No,1,E-DEL-4,21,6,8,0,7.174341388139183,1306.0283,0
TXN022,2025-05-16,05:43:00,HP,mumbai-pump-02,3,2,11.45,99.87,1143.51,1,0,Yes,3,E-MUM-3,5,4,5,0,7.04273187679438,1142.7728,0
TXN023,2025-05-17,11:26:00,BPCL,chennai-pump-03,1,0,7.41,88.05,652.45,0,0,No,4,E-CHE-1,11,5,5,0,6.482266019043045,651.91547,0
TXN024,2024-05-23,02:47:00,IOCL,chennai-pump-05,1,2,10.25,99.61,1021.0,1,0,Yes,3,E-CHE-1,2,3,5,0,6.92951677076365,991.3335,0
TXN025,2024-04-20,19:31:00,BPCL,delhi-pump-04,2,1,44.61,95.02,4238.84,0,1,No,4,E-DEL-3,19,5,4,1,8.352280811664931,4235.367,1
TXN026,2025-06-18,01:44:00,BPCL,mumbai-pump-02,3,0,6.42,87.28,560.34,1,0,No,2,E-MUM-5,1,2,6,0,6.330326782548198,570.14514,0
TXN027,2024-09-17,13:55:00,BPCL,delhi-pump-01,2,2,5.53,99.01,547.53,1,0,Yes,4,E-DEL-4,13,1,9,0,6.307241972841284,547.4957,0
TXN028,2024-01-10,01:42:00,HP,chennai-pump-03,1,1,15.56,94.68,1473.22,0,1,Yes,4,E-CHE-2,1,2,1,0,7.295884315343395,1473.3787,0
TXN029,2025-12-07,09:06:00,HP,bangalore-pump-07,0,0,14.89,87.56,1303.77,0,0,Yes,4,E-BAN-3,9,6,12,0,7.173782059013053,1303.873,0
TXN030,2025-07-04,19:41:00,BPCL,pune-pump-06,4,1,6.6,94.68,624.89,0,0,No,5,E-PUN-5,19,4,7,0,6.439174636809892,624.5302,0
TXN031,2025-04-25,20:14:00,IOCL,pune-pump-06,4,1,27.17,94.39,2564.58,2,1,Yes,5,E-PUN-3,20,4,4,0,7.849939852901102,2553.4045,0
TXN032,2024-02-02,23:34:00,IOCL,delhi-pump-04,2,2,49.12,99.92,4908.07,2,1,No,4,E-DEL-5,23,4,2,1,8.49883979347971,4646.3735,1
TXN033,2024-04-15,23:42:00,HP,delhi-pump-04,2,1,42.16,95.18,4012.79,2,1,Yes,2,E-DEL-3,23,0,4,1,8.297491211096824,4017.37,1
TXN034,2025-09-20,02:08:00,HP,mumbai-pump-04,3,2,44.29,99.63,4412.61,0,1,No,3,E-MUM-4,2,5,9,1,8.392448227679779,4413.819,1
TXN035,2024-04-20,15:55:00,HP,delhi-pump-04,2,2,38.98,98.97,3857.85,0,1,No,2,E-DEL-5,15,5,4,0,8.258124490608534,3861.9512,0
TXN036,2025-07-07,00:07:00,BPCL,chennai-pump-05,1,0,36.17,87.64,3169.94,1,1,No,2,E-CHE-4,0,0,7,0,8.06178335288346,3167.236,0
TXN037,2025-06-21,02:14:00,IOCL,chennai-pump-03,1,0,11.7,87.92,1028.66,1,0,No,2,E-CHE-2,2,5,6,0,6.936983929642267,1028.0647,0
TXN038,2025-09-07,15:05:00,BPCL,delhi-pump-01,2,1,47.09,95.19,4482.5,0,1,No,3,E-DEL-4,15,6,9,1,8.408159270392103,4481.9956,1
TXN039,2024-06-23,03:01:00,HP,delhi-pump-04,2,0,27.32,87.58,2392.69,0,1,No,3,E-DEL-2,3,6,6,0,7.780591387340666,2386.5244,0
TXN040,2024-09-17,07:41:00,IOCL,chennai-pump-05,1,1,11.84,94.6,1120.06,0,0,Yes,5,E-CHE-3,7,1,9,0,7.022029945279429,1141.5066,0
TXN041,2025-05-29,15:01:00,BPCL,chennai-pump-03,1,1,10.66,95.05,1013.23,2,0,Yes,4,E-CHE-3,15,3,5,0,6.921884982887944,1014.08014,0
TXN042,2024-01-02,09:18:00,BPCL,chennai-pump-05,1,0,49.29,87.77,4326.18,2,1,Yes,2,E-CHE-4,9,1,1,1,8.372671338620117,4324.0957,1
TXN043,2025-07-13,19:32:00,BPCL,pune-pump-06,4,0,11.09,88.11,977.14,0,0,Yes,3,E-PUN-2,19,6,7,0,6.88565280907419,976.32385,0
TXN044,2025-02-08,06:42:00,HP,chennai-pump-05,1,2,9.06,99.01,897.03,1,0,No,4,E-CHE-3,6,5,2,0,6.800203475316562,896.2196,0
TXN045,2025-05-15,21:40:00,IOCL,chennai-pump-03,1,2,9.83,99.77,980.74,0,0,No,1,E-CHE-5,21,3,5,0,6.889326507513704,978.5465,0
TXN046,2024-08-31,10:04:00,BPCL,chennai-pump-05,1,2,13.21,99.35,1312.41,0,0,Yes,3,E-CHE-1,10,5,8,0,7.180382087554596,1311.4198,0
TXN047,2025-01-03,21:22:00,IOCL,mumbai-pump-02,3,1,10.32,94.75,977.82,2,0,No,1,E-MUM-3,21,4,1,0,6.886347764543252,978.25604,0
TXN048,2025-12-24,08:56:00,IOCL,delhi-pump-01,2,0,12.62,87.8,1108.04,1,0,No,5,E-DEL-3,8,2,12,0,7.0112500552301205,1107.1101,0
TXN049,2024-07-15,13:35:00,IOCL,chennai-pump-03,1,1,29.49,94.35,2782.38,1,1,Yes,3,E-CHE-3,13,0,7,0,7.931421295503302,2778.425,0
TXN050,2024-11-07,18:19:00,HP,mumbai-pump-04,3,2,28.46,99.38,2828.35,2,1,No,3,E-MUM-3,18,3,11,0,7.947802282277539,2782.287,0
TXN051,2025-09-23,05:43:00,BPCL,chennai-pump-05,1,2,40.96,99.64,4081.25,1,1,No,5,E-CHE-2,5,1,9,1,8.314403585982419,4081.9817,1
TXN052,2025-03-25,09:55:00,IOCL,chennai-pump-03,1,2,43.87,99.56,4367.7,0,1,No,5,E-CHE-1,9,1,3,1,8.382220760995311,4369.2188,1
TXN053,2024-07-08,03:18:00,IOCL,pune-pump-06,4,2,41.12,99.29,4082.8,0,1,No,1,E-PUN-4,3,0,7,1,8.314783206488935,4084.2915,1
TXN054,2024-04-05,23:43:00,HP,delhi-pump-04,2,1,45.32,94.88,4299.96,1,1,Yes,4,E-DEL-3,23,4,4,1,8.366593532577737,4296.015,1
TXN055,2024-11-25,22:38:00,IOCL,mumbai-pump-02,3,0,18.24,87.64,1598.55,0,1,No,1,E-MUM-4,22,0,11,0,7.3774776186696736,1651.8627,0
TXN056,2025-03-15,01:49:00,HP,pune-pump-06,4,2,34.38,99.59,3423.9,2,1,No,4,E-PUN-2,1,5,3,0,8.13882755318979,3336.4387,0
TXN057,2025-02-01,11:11:00,HP,chennai-pump-03,1,0,27.76,87.87,2439.27,1,1,No,3,E-CHE-3,11,5,2,0,7.799863967903058,2437.868,0
TXN058,2024-09-17,03:25:00,BPCL,delhi-pump-04,2,2,5.99,98.99,592.95,2,0,Yes,2,E-DEL-2,3,1,9,0,6.386795140735549,593.0196,0
TXN059,2025-12-15,00:23:00,HP,chennai-pump-03,1,1,19.66,95.2,1871.63,1,1,No,1,E-CHE-1,0,0,12,0,7.5350991388827095,1919.6136,0
TXN060,2024-03-09,04:15:00,IOCL,delhi-pump-04,2,2,19.35,99.83,1931.71,2,1,No,4,E-DEL-3,4,5,3,0,7.566678442086796,1932.3978,0
TXN061,2025-10-30,01:15:00,HP,mumbai-pump-02,3,0,27.02,88.08,2379.92,0,1,Yes,2,E-MUM-4,1,3,10,0,7.775242246594379,2381.6646,0
TXN062,2024-10-16,09:14:00,HP,delhi-pump-01,2,2,14.76,99.56,1469.51,2,0,Yes,2,E-DEL-5,9,2,10,0,7.2933645583789515,1469.7042,0
TXN063,2025-11-18,04:52:00,HP,bangalore-pump-07,0,0,12.43,87.99,1093.72,2,0,Yes,3,E-BAN-2,4,1,11,0,6.99825390178924,1096.5382,0
TXN064,2024-11-24,19:49:00,IOCL,bangalore-pump-07,0,2,36.47,99.33,3622.57,0,1,Yes,3,E-BAN-5,19,6,11,0,8.195215006701362,3585.9539,0
TXN065,2024-09-24,11:44:00,BPCL,chennai-pump-05,1,1,27.26,95.05,2591.06,2,1,Yes,2,E-CHE-2,11,1,9,0,7.860208205352399,2585.5308,0
TXN066,2025-08-22,23:26:00,IOCL,mumbai-pump-04,3,2,17.12,99.43,1702.24,2,1,No,2,E-MUM-4,23,4,8,0,7.440287598507818,1702.4601,0
TXN067,2025-09-29,02:19:00,HP,bangalore-pump-07,0,2,14.74,99.33,1464.12,2,0,Yes,5,E-BAN-3,2,0,9,0,7.289692429359422,1414.1902,0
TXN068,2025-06-01,23:58:00,IOCL,pune-pump-01,4,2,30.12,99.59,2999.65,0,1,No,2,E-PUN-3,23,6,6,0,8.00658421084808,2901.5579,0
TXN069,2025-11-02,17:37:00,HP,chennai-pump-03,1,2,5.62,99.78,560.76,1,0,Yes,5,E-CHE-5,17,6,11,0,6.331074712420122,560.2119,0
TXN070,2025-08-05,23:47:00,IOCL,mumbai-pump-02,3,1,8.24,94.54,779.01,1,0,No,4,E-MUM-2,23,1,8,0,6.659306740114276,778.5317,0
TXN071,2025-01-07,07:39:00,BPCL,mumbai-pump-02,3,1,34.88,94.74,3304.53,2,1,No,5,E-MUM-1,7,1,1,0,8.103352102515235,3297.333,0
TXN072,2024-05-10,04:52:00,HP,bangalore-pump-07,0,1,46.57,94.73,4411.58,1,1,Yes,1,E-BAN-5,4,4,5,1,8.392214831388815,4414.354,1
TXN073,2025-05-28,14:36:00,HP,pune-pump-06,4,0,32.02,87.88,2813.92,0,1,Yes,2,E-PUN-2,14,2,5,0,7.942689120987009,2749.5066,0
TXN074,2025-02-28,00:28:00,HP,mumbai-pump-02,3,2,20.58,99.68,2051.41,2,1,Yes,2,E-MUM-5,0,4,2,0,7.626769991400512,2052.0435,0
TXN075,2024-10-13,16:10:00,BPCL,chennai-pump-05,1,1,7.15,94.81,677.89,1,0,No,5,E-CHE-2,16,6,10,0,6.520459111489293,677.7473,0
TXN076,2025-10-24,21:41:00,BPCL,bangalore-pump-07,0,1,45.01,94.97,4274.6,1,1,Yes,4,E-BAN-4,21,4,10,1,8.36067972239979,4271.237,1
TXN077,2025-02-16,05:40:00,BPCL,pune-pump-06,4,1,32.52,94.81,3083.22,0,1,No,3,E-PUN-1,5,6,2,0,8.0340540680663,3129.7217,0
TXN078,2025-10-31,11:25:00,IOCL,pune-pump-01,4,0,12.57,87.39,1098.49,2,0,No,1,E-PUN-1,11,4,10,0,7.002601714910254,1097.4895,0
TXN079,2025-12-17,13:56:00,IOCL,delhi-pump-01,2,1,22.23,95.18,2115.85,0,1,Yes,4,E-DEL-3,13,2,12,0,7.657684413641065,2137.445,0
TXN080,2025-03-14,14:17:00,BPCL,bangalore-pump-07,0,1,48.57,94.32,4581.12,0,1,No,4,E-BAN-1,14,4,3,1,8.429917052107431,4578.596,1
TXN081,2025-02-14,20:06:00,BPCL,bangalore-pump-07,0,0,7.87,87.72,690.36,2,0,No,3,E-BAN-2,20,4,2,0,6.538660672183623,690.6685,0
TXN082,2025-08-24,13:42:00,HP,bangalore-pump-07,0,0,41.49,87.71,3639.09,0,1,No,2,E-BAN-5,13,6,8,0,8.199763685599848,3642.1553,0
TXN083,2024-07-24,18:39:00,IOCL,chennai-pump-03,1,0,42.13,87.38,3681.32,0,1,Yes,2,E-CHE-5,18,2,7,0,8.21129826730506,3675.133,0
TXN084,2025-03-23,00:55:00,IOCL,bangalore-pump-07,0,1,47.91,94.96,4549.53,1,1,No,5,E-BAN-3,0,6,3,1,8.4229989886778,4547.072,1
TXN085,2025-09-22,13:13:00,BPCL,pune-pump-01,4,1,12.16,94.25,1146.08,0,0,No,5,E-PUN-4,13,0,9,0,7.044974861863672,1145.4702,0
TXN086,2025-05-19,21:59:00,BPCL,chennai-pump-05,1,2,6.05,99.4,601.37,2,0,No,2,E-CHE-4,21,0,5,0,6.40087187444877,600.8996,0
TXN087,2025-12-17,13:27:00,IOCL,bangalore-pump-07,0,1,14.37,94.7,1360.84,0,0,No,2,E-BAN-1,13,2,12,0,7.216592005506315,1369.5098,0
TXN088,2025-12-21,01:00:00,BPCL,pune-pump-01,4,2,46.29,99.67,4613.72,2,1,No,2,E-PUN-2,1,6,12,1,8.437006473373705,4608.0527,1
TXN089,2024-04-20,10:52:00,IOCL,pune-pump-06,4,2,13.19,99.36,1310.56,2,0,No,1,E-PUN-2,10,5,4,0,7.1789725474026715,1309.3444,0
TXN090,2024-12-28,13:21:00,IOCL,pune-pump-06,4,0,45.04,87.31,3932.44,1,1,Yes,3,E-PUN-2,13,5,12,0,8.277269640062011,3929.214,0
TXN091,2025-08-23,11:46:00,HP,mumbai-pump-02,3,0,25.27,87.39,2208.35,2,1,No,4,E-MUM-1,11,5,8,0,7.7004536336036615,2215.6472,0
TXN092,2024-05-19,08:56:00,BPCL,pune-pump-01,4,0,8.95,87.9,786.71,2,0,No,4,E-PUN-2,8,6,5,0,6.669130001817219,787.64154,0
TXN093,2024-02-13,15:37:00,BPCL,pune-pump-01,4,2,41.01,99.04,4061.63,2,1,No,2,E-PUN-2,15,1,2,1,8.309585826126003,4062.5396,1
TXN094,2025-12-04,08:30:00,BPCL,chennai-pump-05,1,0,10.89,88.1,959.41,1,0,No,1,E-CHE-5,8,3,12,0,6.867360276621087,958.88745,0
TXN095,2024-01-13,15:58:00,HP,delhi-pump-01,2,1,5.77,94.67,546.25,2,0,Yes,1,E-DEL-1,15,5,1,0,6.304905736402972,546.5706,0
TXN096,2025-06-03,17:11:00,BPCL,mumbai-pump-04,3,2,29.08,99.9,2905.09,0,1,Yes,3,E-MUM-1,17,1,6,0,7.974563814056712,2907.7139,0
TXN097,2024-03-15,09:35:00,BPCL,bangalore-pump-07,0,0,6.12,87.66,536.48,2,0,No,2,E-BAN-2,9,4,3,0,6.286891550007209,538.2191,0
TXN098,2024-08-16,07:42:00,HP,chennai-pump-05,1,0,5.09,87.66,446.19,0,0,Yes,4,E-CHE-1,7,4,8,0,6.1029835602313,446.7492,0
TXN099,2025-06-08,14:52:00,HP,pune-pump-01,4,1,12.75,94.75,1208.06,0,0,Yes,3,E-PUN-2,14,6,6,0,7.097598477174937,1207.6975,0
TXN100,2025-06-07,10:54:00,HP,delhi-pump-01,2,2,42.16,99.22,4183.12,1,1,Yes,5,E-DEL-4,10,5,6,1,8.339051686021813,4189.595,1
TXN101,2025-07-09,12:00:00,BPCL,delhi-pump-01,2,1,26.36,94.84,2499.98,2,1,No,1,E-DEL-3,12,2,7,0,7.824437934044365,2446.77,0
TXN102,2025-01-27,21:27:00,IOCL,chennai-pump-03,1,2,18.2,99.88,1817.82,2,1,Yes,5,E-CHE-5,21,0,1,0,7.5059432181516685,1825.5466,0
TXN103,2024-12-15,17:35:00,BPCL,delhi-pump-01,2,0,41.78,87.13,3640.29,0,1,Yes,3,E-DEL-2,17,6,12,0,8.200093293451893,3639.4426,0
TXN104,2024-07-09,12:52:00,HP,chennai-pump-03,1,1,6.65,94.7,629.76,2,0,No,5,E-CHE-4,12,1,7,0,6.4469254415373864,628.6756,0
TXN105,2024-10-11,23:28:00,HP,pune-pump-01,4,1,37.72,94.49,3564.16,0,1,Yes,4,E-PUN-2,23,4,10,0,8.178964212626697,3565.1816,0
TXN106,2024-10-17,18:02:00,HP,pune-pump-01,4,2,38.35,99.87,3830.01,1,1,No,1,E-PUN-1,18,3,10,0,8.250883754981762,3830.4934,0
TXN107,2024-05-16,18:42:00,IOCL,pune-pump-06,4,2,48.56,99.83,4847.74,1,1,Yes,5,E-PUN-5,18,3,5,1,8.486474156364837,4812.241,1
TXN108,2024-06-22,18:05:00,BPCL,pune-pump-06,4,1,34.36,94.36,3242.21,0,1,Yes,5,E-PUN-1,18,5,6,0,8.084318859067427,3219.514,0
TXN109,2024-11-01,04:28:00,HP,mumbai-pump-04,3,2,45.35,99.68,4520.49,0,1,Yes,5,E-MUM-1,4,4,11,1,8.416596864522665,4519.3237,1
TXN110,2025-09-21,21:46:00,BPCL,mumbai-pump-04,3,1,10.43,94.47,985.32,1,0,No,2,E-MUM-4,21,6,9,0,6.893980845560297,969.0753,0
TXN111,2025-09-12,13:36:00,BPCL,chennai-pump-03,1,0,11.95,87.35,1043.83,2,0,Yes,4,E-CHE-3,13,4,9,0,6.951609471739341,1042.3192,0
TXN112,2024-07-12,07:09:00,IOCL,pune-pump-06,4,2,35.84,99.5,3566.08,0,1,No,3,E-PUN-3,7,4,7,0,8.179502612917878,3562.207,0
TXN113,2025-08-09,19:48:00,HP,delhi-pump-01,2,0,36.69,87.87,3223.95,1,1,Yes,5,E-DEL-4,19,5,8,0,8.078672725233718,3223.5183,0
TXN114,2024-12-29,14:28:00,HP,pune-pump-01,4,0,27.71,87.92,2436.26,2,1,Yes,1,E-PUN-5,14,6,12,0,7.798629736485886,2338.7373,0
TXN115,2025-04-26,08:22:00,HP,mumbai-pump-04,3,1,30.74,94.6,2908.0,2,1,Yes,1,E-MUM-4,8,5,4,0,7.975564658495202,2914.821,0
TXN116,2025-06-21,06:03:00,BPCL,bangalore-pump-07,0,0,5.8,88.09,510.92,0,0,No,3,E-BAN-2,6,5,6,0,6.238168362831205,510.5527,0
TXN117,2024-05-31,02:34:00,BPCL,pune-pump-06,4,1,24.37,94.77,2309.54,2,1,No,4,E-PUN-2,2,4,5,0,7.745236542430537,2309.4285,0
TXN118,2025-09-16,09:18:00,IOCL,pune-pump-06,4,2,21.68,99.47,2156.51,1,1,No,4,E-PUN-3,9,1,9,0,7.676710057941047,2159.4307,0
TXN119,2024-08-15,02:39:00,HP,bangalore-pump-07,0,0,27.65,87.34,2414.95,1,1,No,2,E-BAN-4,2,3,8,0,7.789847863476315,2412.739,0
TXN120,2025-10-17,11:26:00,IOCL,delhi-pump-04,2,1,8.31,95.02,789.62,0,0,No,5,E-DEL-2,11,4,10,0,6.672817447785216,788.6602,0
TXN121,2024-06-05,22:03:00,BPCL,chennai-pump-05,1,0,10.78,87.39,942.06,0,0,Yes,1,E-CHE-4,22,2,6,0,6.849129907332587,949.9219,0
TXN122,2025-11-24,01:40:00,IOCL,delhi-pump-01,2,1,44.06,94.68,4171.6,1,1,Yes,3,E-DEL-1,1,0,11,1,8.336294621695775,4171.9204,1
TXN123,2024-04-04,10:03:00,BPCL,chennai-pump-05,1,2,46.07,99.84,4599.63,1,1,Yes,1,E-CHE-4,10,3,4,1,8.433948529621237,4599.371,1
TXN124,2025-09-25,00:58:00,HP,pune-pump-06,4,1,41.5,94.74,3931.71,0,1,No,1,E-PUN-2,0,3,9,0,8.277084034650953,3933.7747,0
TXN125,2025-12-06,00:19:00,IOCL,pune-pump-01,4,2,30.31,99.59,3018.57,0,1,Yes,1,E-PUN-2,0,5,12,0,8.012869716125376,3020.2612,0
TXN126,2025-07-28,09:42:00,BPCL,delhi-pump-01,2,2,46.48,99.54,4626.62,0,1,No,1,E-DEL-1,9,0,7,1,8.439797976040113,4625.254,1
TXN127,2024-11-17,19:33:00,BPCL,chennai-pump-03,1,0,31.71,87.2,2765.11,2,1,Yes,1,E-CHE-4,19,6,11,0,7.925197280052897,2763.8674,0
TXN128,2025-07-09,13:55:00,BPCL,mumbai-pump-02,3,1,9.45,94.56,893.59,0,0,Yes,4,E-MUM-3,13,2,7,0,6.796365512756079,897.19,0
TXN129,2025-03-18,17:30:00,BPCL,pune-pump-06,4,2,9.86,99.22,978.31,1,0,Yes,1,E-PUN-3,17,1,3,0,6.886848242050085,978.9983,0
TXN130,2024-08-10,15:09:00,BPCL,delhi-pump-01,2,1,27.17,94.29,2561.86,0,1,Yes,1,E-DEL-5,15,5,8,0,7.848879101384054,2563.1392,0
TXN131,2024-12-25,12:47:00,BPCL,mumbai-pump-02,3,0,48.24,87.71,4231.13,2,1,Yes,3,E-MUM-4,12,2,12,1,8.350460691402821,4231.0264,1
TXN132,2025-09-01,13:50:00,IOCL,chennai-pump-05,1,1,13.21,94.61,1249.8,1,0,No,1,E-CHE-5,13,0,9,0,7.131538625583686,1250.12,0
TXN133,2024-05-28,15:35:00,IOCL,chennai-pump-05,1,0,38.31,87.2,3340.63,2,1,Yes,3,E-CHE-5,15,1,5,0,8.114213990877882,3340.9072,0
TXN134,2025-08-01,12:55:00,BPCL,pune-pump-06,4,0,10.4,87.76,912.7,2,0,Yes,2,E-PUN-3,12,4,8,0,6.817502290004575,911.9415,0
TXN135,2025-10-23,15:39:00,BPCL,pune-pump-01,4,0,10.96,87.31,956.92,0,0,Yes,3,E-PUN-5,15,3,10,0,6.8647642671770415,957.11957,0
TXN136,2025-07-22,13:01:00,BPCL,delhi-pump-01,2,2,7.34,99.7,731.8,2,0,No,4,E-DEL-3,13,1,7,0,6.59687281335992,731.83527,0
TXN137,2024-01-01,16:30:00,BPCL,delhi-pump-04,2,0,38.06,87.77,3340.53,1,1,Yes,5,E-DEL-5,16,0,1,0,8.114184064914713,3266.426,0
TXN138,2024-09-19,19:16:00,IOCL,mumbai-pump-02,3,0,17.14,87.28,1495.98,1,1,Yes,2,E-MUM-3,19,3,9,0,7.3112050242769415,1500.276,0
TXN139,2024-03-09,15:32:00,BPCL,bangalore-pump-07,0,1,14.69,94.73,1391.58,0,0,No,2,E-BAN-4,15,5,3,0,7.238913420779581,1390.0591,0
TXN140,2025-01-29,20:52:00,IOCL,pune-pump-06,4,2,5.55,99.88,554.33,2,0,No,1,E-PUN-4,20,2,1,0,6.319562531639703,576.43524,0
TXN141,2025-04-18,06:24:00,BPCL,chennai-pump-03,1,1,18.13,94.92,1720.9,1,1,No,2,E-CHE-5,6,4,4,0,7.45118361129214,1720.8806,0
TXN142,2024-06-02,04:51:00,HP,pune-pump-06,4,1,44.87,94.92,4259.06,0,1,No,2,E-PUN-5,4,6,6,1,8.357038523671273,4209.4287,1
TXN143,2024-12-27,04:33:00,IOCL,delhi-pump-04,2,0,43.47,87.95,3823.19,1,1,Yes,2,E-DEL-5,4,4,12,0,8.249101959129442,3816.757,0
TXN144,2025-01-29,06:07:00,IOCL,mumbai-pump-02,3,0,13.58,87.6,1189.61,2,0,No,5,E-MUM-2,6,2,1,0,7.082221059810508,1191.0569,0
TXN145,2025-06-14,11:42:00,IOCL,bangalore-pump-07,0,2,47.91,99.43,4763.69,0,1,No,1,E-BAN-5,11,5,6,1,8.468987756259471,4760.3135,1
TXN146,2024-12-06,00:57:00,HP,bangalore-pump-07,0,1,5.69,95.2,541.69,2,0,No,1,E-BAN-5,0,4,12,0,6.296538254513005,541.6531,0
TXN147,2024-03-13,05:50:00,HP,pune-pump-06,4,0,10.98,87.75,963.5,2,0,Yes,3,E-PUN-4,5,2,3,0,6.871609832345784,961.7189,0
TXN148,2024-12-13,16:25:00,IOCL,delhi-pump-04,2,2,7.81,99.22,774.91,2,0,No,3,E-DEL-4,16,4,12,0,6.654036534075647,775.7688,0
TXN149,2025-07-28,13:34:00,IOCL,mumbai-pump-04,3,1,30.11,95.17,2865.57,1,1,No,3,E-MUM-2,13,0,7,0,7.960871472074693,2871.2131,0
TXN150,2025-03-17,11:56:00,IOCL,mumbai-pump-02,3,2,7.05,99.68,702.74,1,0,No,1,E-MUM-5,11,0,3,0,6.556408969761469,703.9208,0
TXN151,2025-11-25,21:42:00,BPCL,delhi-pump-01,2,2,39.11,99.32,3884.41,2,1,Yes,5,E-DEL-3,21,1,11,0,8.26498379133895,3882.9775,0
TXN152,2025-04-02,18:33:00,BPCL,delhi-pump-01,2,0,46.23,88.11,4073.33,1,1,No,1,E-DEL-2,18,2,4,1,8.312461594979062,4079.759,1
TXN153,2024-04-14,05:23:00,BPCL,pune-pump-01,4,1,47.05,94.87,4463.63,1,1,No,1,E-PUN-2,5,6,4,1,8.40394162313564,4470.902,1
TXN154,2025-06-25,23:08:00,HP,pune-pump-06,4,1,7.55,94.92,716.65,1,0,Yes,1,E-PUN-2,23,2,6,0,6.575981985017389,718.3755,0
TXN155,2025-08-31,17:12:00,HP,pune-pump-06,4,0,12.21,87.48,1068.13,0,0,Yes,2,E-PUN-3,17,6,8,0,6.974600512611628,1067.7169,0
TXN156,2025-08-14,03:10:00,BPCL,delhi-pump-04,2,0,17.11,87.43,1495.93,2,1,No,1,E-DEL-4,3,3,8,0,7.311171623139296,1494.6605,0
TXN157,2024-07-24,21:53:00,HP,bangalore-pump-07,0,2,8.55,99.09,847.22,2,0,Yes,2,E-BAN-4,21,2,7,0,6.743140036106996,847.4006,0
TXN158,2024-03-07,05:19:00,IOCL,delhi-pump-01,2,0,10.93,88.01,961.95,0,0,No,1,E-DEL-2,5,3,3,0,6.870001489370221,962.1776,0
TXN159,2025-03-06,09:56:00,HP,chennai-pump-05,1,2,5.07,99.43,504.11,1,0,No,5,E-CHE-1,9,3,3,0,6.224776227337818,518.9136,0
TXN160,2025-11-18,09:43:00,BPCL,chennai-pump-05,1,0,38.63,87.38,3375.49,0,1,No,3,E-CHE-4,9,1,11,0,8.124591987363836,3379.591,0
TXN161,2025-12-29,22:58:00,IOCL,chennai-pump-03,1,1,42.06,94.61,3979.3,0,1,No,1,E-CHE-1,22,0,12,0,8.289112472322211,3981.5425,0
TXN162,2025-07-01,04:08:00,HP,pune-pump-01,4,2,14.23,98.96,1408.2,2,0,No,4,E-PUN-4,4,1,7,0,7.250777446467082,1408.1533,0
TXN163,2025-07-22,22:45:00,HP,pune-pump-06,4,1,5.18,94.23,488.11,0,0,Yes,3,E-PUN-3,22,1,7,0,6.192587413052923,488.08548,0
TXN164,2025-06-06,00:04:00,IOCL,pune-pump-01,4,1,45.75,94.84,4338.93,2,1,No,4,E-PUN-3,0,4,6,1,8.375613497932118,4337.5425,1
TXN165,2024-05-09,14:20:00,IOCL,pune-pump-06,4,1,28.27,94.38,2668.12,0,1,No,4,E-PUN-1,14,3,5,0,7.889504109053247,2669.5022,0
TXN166,2024-10-04,05:54:00,HP,delhi-pump-01,2,0,9.09,87.33,793.83,2,0,No,2,E-DEL-1,5,4,10,0,6.678128255310065,794.5485,0
TXN167,2025-09-09,13:25:00,IOCL,mumbai-pump-04,3,0,10.7,88.03,941.92,2,0,No,3,E-MUM-4,13,1,9,0,6.848981443403747,942.2073,0
TXN168,2024-09-25,14:40:00,HP,delhi-pump-01,2,2,6.95,99.63,692.43,0,0,No,3,E-DEL-1,14,2,9,0,6.541650297385683,693.37134,0
TXN169,2025-04-19,05:40:00,IOCL,delhi-pump-01,2,0,9.31,87.91,818.44,2,0,No,5,E-DEL-5,5,5,4,0,6.708621180128279,826.9432,0
TXN170,2024-07-01,20:37:00,BPCL,delhi-pump-01,2,1,21.35,94.22,2011.6,1,1,Yes,3,E-DEL-5,20,0,7,0,7.6071826974992325,2011.5402,0
TXN171,2024-01-13,21:33:00,IOCL,chennai-pump-03,1,1,7.56,94.8,716.69,1,0,No,4,E-CHE-5,21,5,1,0,6.5760377209406,716.98553,0
TXN172,2025-04-03,22:30:00,BPCL,mumbai-pump-04,3,0,18.59,87.2,1621.05,2,1,Yes,4,E-MUM-2,22,3,4,0,7.39144606034081,1620.6069,0
TXN173,2024-05-18,07:24:00,IOCL,pune-pump-06,4,2,38.7,99.6,3854.52,2,1,Yes,5,E-PUN-4,7,5,5,0,8.257261166654192,3850.0225,0
TXN174,2025-02-28,17:42:00,BPCL,mumbai-pump-04,3,0,7.13,87.15,621.38,1,0,Yes,5,E-MUM-2,17,4,2,0,6.433550838671792,620.86053,0
TXN175,2025-03-23,21:27:00,HP,bangalore-pump-07,0,1,6.45,95.02,612.88,1,0,Yes,1,E-BAN-1,21,6,3,0,6.419799469306894,630.80975,0
TXN176,2024-02-27,13:18:00,HP,mumbai-pump-02,3,1,37.76,95.12,3591.73,1,1,No,5,E-MUM-4,13,1,2,0,8.186667638172457,3589.9753,0
TXN177,2024-06-16,08:54:00,IOCL,pune-pump-06,4,2,38.09,99.12,3775.48,0,1,No,4,E-PUN-5,8,6,6,0,8.236547637830569,3772.8728,0
TXN178,2024-01-24,17:44:00,IOCL,delhi-pump-04,2,1,15.3,95.03,1453.96,2,1,No,3,E-DEL-3,17,2,1,0,7.282733687818762,1457.1517,0
TXN179,2024-07-09,07:29:00,BPCL,chennai-pump-03,1,0,49.87,87.62,4369.61,0,1,Yes,4,E-CHE-4,7,1,7,1,8.38265786644881,4280.679,1
TXN180,2025-11-15,03:15:00,BPCL,delhi-pump-01,2,2,15.6,99.12,1546.27,0,1,Yes,5,E-DEL-1,3,5,11,0,7.344247366695244,1546.6537,0
TXN181,2025-01-19,01:56:00,BPCL,delhi-pump-01,2,1,30.01,95.02,2851.55,0,1,No,5,E-DEL-2,1,6,1,0,7.955968610066395,2849.7925,0
TXN182,2024-09-09,06:11:00,IOCL,pune-pump-01,4,2,23.9,99.71,2383.07,1,1,No,4,E-PUN-1,6,0,9,0,7.776564390170281,2383.8982,0
TXN183,2025-05-07,04:45:00,HP,chennai-pump-03,1,2,39.7,99.24,3939.83,1,1,Yes,5,E-CHE-1,4,2,5,0,8.279146640004775,3936.9128,0
TXN184,2024-12-07,01:34:00,BPCL,mumbai-pump-04,3,1,21.15,95.21,2013.69,2,1,No,4,E-MUM-1,1,5,12,0,7.608220616391404,2013.5688,0
TXN185,2025-07-28,19:52:00,BPCL,chennai-pump-03,1,1,10.59,94.63,1002.13,0,0,No,4,E-CHE-3,19,0,7,0,6.910880390729634,1001.9025,0
TXN186,2024-08-27,00:35:00,BPCL,chennai-pump-05,1,1,36.07,94.58,3411.5,2,1,Yes,3,E-CHE-5,0,1,8,0,8.135200439493214,3415.31,0
TXN187,2024-04-06,01:31:00,IOCL,delhi-pump-04,2,1,37.23,94.39,3514.14,2,1,No,5,E-DEL-5,1,5,4,0,8.164834632754587,3521.9238,0
TXN188,2025-09-22,06:26:00,IOCL,bangalore-pump-07,0,1,29.29,94.68,2773.18,2,1,Yes,4,E-BAN-4,6,0,9,0,7.928110487017642,2771.6833,0
TXN189,2024-03-11,02:20:00,BPCL,mumbai-pump-04,3,1,28.41,94.59,2687.3,2,1,Yes,2,E-MUM-3,2,0,3,0,7.896664302558284,2686.1423,0
TXN190,2024-07-16,03:46:00,HP,chennai-pump-03,1,1,18.16,95.08,1726.65,1,1,No,4,E-CHE-5,3,1,7,0,7.454517382552433,1728.7198,0
TXN191,2024-02-29,08:15:00,IOCL,bangalore-pump-07,0,0,45.78,88.11,4033.68,0,1,No,2,E-BAN-1,8,3,2,1,8.302682271487285,4035.8533,1
TXN192,2024-08-19,21:25:00,BPCL,pune-pump-06,4,1,45.6,95.07,4335.19,0,1,Yes,5,E-PUN-2,21,0,8,1,8.374751361347641,4330.9316,1
TXN193,2025-02-08,08:49:00,BPCL,delhi-pump-01,2,1,10.05,94.24,947.11,2,0,No,3,E-DEL-3,8,5,2,0,6.854470529278901,963.1651,0
TXN194,2025-01-27,10:07:00,BPCL,mumbai-pump-02,3,2,10.78,99.15,1068.84,1,0,Yes,1,E-MUM-4,10,0,1,0,6.975264383564541,1067.1575,0
TXN195,2024-01-13,04:39:00,IOCL,pune-pump-06,4,0,18.16,87.48,1588.64,2,1,No,1,E-PUN-4,4,5,1,0,7.37126285448417,1589.4417,0
TXN196,2024-03-21,09:13:00,IOCL,chennai-pump-03,1,0,9.5,87.78,833.91,0,0,No,4,E-CHE-3,9,3,3,0,6.727323934610559,835.0726,0
TXN197,2025-07-21,08:24:00,BPCL,delhi-pump-04,2,2,27.11,99.5,2697.45,0,1,No,3,E-DEL-5,8,0,7,0,7.900432813074734,2698.0632,0
TXN198,2024-04-27,20:23:00,HP,pune-pump-06,4,0,47.92,87.24,4180.54,1,1,No,3,E-PUN-2,20,5,4,1,8.338434878721062,4177.866,1
TXN199,2025-04-02,22:14:00,BPCL,delhi-pump-04,2,0,11.04,87.72,968.43,1,0,No,2,E-DEL-5,22,2,4,0,6.8767082699099396,977.97406,0
TXN200,2024-08-25,01:50:00,BPCL,chennai-pump-03,1,2,16.09,99.44,1599.99,1,1,Yes,2,E-CHE-1,1,6,8,0,7.378377466881018,1704.8954,0
TXN201,2025-03-01,10:07:00,IOCL,chennai-pump-05,1,2,15.61,99.52,1553.51,2,1,Yes,3,E-CHE-3,10,5,3,0,7.348915662414753,1555.5037,0
TXN202,2025-05-08,18:49:00,HP,chennai-pump-03,1,1,41.09,94.65,3889.17,0,1,Yes,5,E-CHE-4,18,3,5,0,8.266208137457083,3901.2927,0
TXN203,2025-02-01,03:19:00,BPCL,bangalore-pump-07,0,2,9.69,98.97,959.02,0,0,Yes,1,E-BAN-4,3,5,2,0,6.866954117578205,959.316,0
TXN204,2024-08-28,14:27:00,BPCL,delhi-pump-04,2,1,14.64,94.79,1387.73,2,0,No,2,E-DEL-3,14,2,8,0,7.236144939409994,1385.9116,0
TXN205,2025-12-28,02:27:00,HP,pune-pump-06,4,0,9.29,87.58,813.62,1,0,No,3,E-PUN-5,2,6,12,0,6.702721746840245,814.27386,0
TXN206,2024-12-08,04:58:00,HP,delhi-pump-01,2,1,13.42,94.59,1269.4,0,0,No,2,E-DEL-3,4,6,12,0,7.147087090492871,1269.3195,0
TXN207,2024-06-11,20:40:00,BPCL,mumbai-pump-04,3,2,11.28,99.25,1119.54,0,0,Yes,5,E-MUM-4,20,1,6,0,7.021565990952762,1119.8188,0
TXN208,2024-05-03,01:27:00,IOCL,pune-pump-01,4,1,28.58,94.73,2707.38,1,1,Yes,5,E-PUN-1,1,4,5,0,7.904105949150611,2707.8274,0
TXN209,2025-09-19,10:52:00,BPCL,mumbai-pump-04,3,1,9.29,94.51,878.0,1,0,Yes,5,E-MUM-1,10,4,9,0,6.778784897685177,893.9964,0
TXN210,2024-07-20,19:51:00,BPCL,chennai-pump-03,1,1,41.09,94.32,3875.61,1,1,Yes,3,E-CHE-5,19,5,7,0,8.262716339368891,3902.1711,0
TXN211,2024-07-09,11:45:00,IOCL,mumbai-pump-02,3,2,20.79,99.22,2062.78,2,1,No,3,E-MUM-3,11,1,7,0,7.63229453177314,2036.5531,0
TXN212,2024-04-26,23:03:00,HP,mumbai-pump-04,3,0,29.93,87.41,2616.18,2,1,No,5,E-MUM-4,23,4,4,0,7.869852681211839,2615.572,0
TXN213,2024-01-07,01:55:00,BPCL,chennai-pump-05,1,2,49.04,99.41,4875.07,0,1,No,1,E-CHE-3,1,6,1,1,8.492094846527648,4878.504,1
TXN214,2024-06-19,03:53:00,BPCL,chennai-pump-05,1,2,44.1,99.57,4391.04,2,1,No,5,E-CHE-5,3,2,6,1,8.387549090616018,4306.4697,1
TXN215,2025-02-25,20:44:00,BPCL,delhi-pump-01,2,1,13.4,94.52,1266.57,1,0,No,4,E-DEL-4,20,1,2,0,7.144856960764851,1267.6396,0
TXN216,2025-12-13,09:15:00,IOCL,delhi-pump-04,2,1,32.88,95.09,3126.56,2,1,No,3,E-DEL-3,9,5,12,0,8.048008426809321,3123.8962,0
TXN217,2025-12-21,07:37:00,IOCL,delhi-pump-04,2,1,47.92,94.54,4530.36,0,1,Yes,4,E-DEL-1,7,6,12,1,8.4187773941704,4531.6094,1
TXN218,2024-02-04,16:23:00,IOCL,chennai-pump-05,1,0,7.48,87.14,651.81,2,0,Yes,5,E-CHE-4,16,6,2,0,6.481286122160019,652.12787,0
TXN219,2024-08-11,21:42:00,HP,pune-pump-06,4,2,7.73,99.22,766.97,0,0,Yes,1,E-PUN-2,21,6,8,0,6.643750669884713,746.34796,0
TXN220,2025-06-16,13:54:00,IOCL,delhi-pump-04,2,2,10.05,99.55,1000.48,2,0,Yes,3,E-DEL-2,13,0,6,0,6.909234184861536,999.938,0
TXN221,2024-01-07,13:14:00,HP,delhi-pump-04,2,1,8.46,95.22,805.56,2,0,Yes,1,E-DEL-3,13,6,1,0,6.692778290334321,804.8241,0
TXN222,2024-04-13,17:55:00,BPCL,pune-pump-06,4,0,10.0,87.96,879.6,2,0,Yes,3,E-PUN-1,17,5,4,0,6.780603493321654,879.9199,0
TXN223,2024-11-30,03:21:00,IOCL,delhi-pump-04,2,1,12.03,94.46,1136.35,0,0,No,2,E-DEL-2,3,5,11,0,7.036456273997871,1135.0847,0
TXN224,2024-06-26,08:54:00,BPCL,mumbai-pump-04,3,1,44.48,94.59,4207.36,0,1,No,5,E-MUM-2,8,2,6,1,8.344828302089038,4200.8965,1
TXN225,2025-10-01,07:11:00,IOCL,bangalore-pump-07,0,0,13.41,87.49,1173.24,2,0,No,1,E-BAN-4,7,2,10,0,7.068376408796753,1174.2166,0
TXN226,2024-07-25,09:04:00,HP,chennai-pump-05,1,1,29.84,94.26,2812.72,0,1,No,2,E-CHE-4,9,3,7,0,7.942262730236071,2815.5764,0
TXN227,2024-12-31,06:46:00,IOCL,delhi-pump-04,2,2,14.03,99.27,1392.76,2,0,Yes,4,E-DEL-1,6,1,12,0,7.2397604100705815,1391.6744,0
TXN228,2025-07-12,05:12:00,IOCL,delhi-pump-04,2,1,27.96,94.47,2641.38,1,1,Yes,2,E-DEL-3,5,5,7,0,7.879435305171157,2643.4832,0
TXN229,2024-04-14,04:51:00,IOCL,mumbai-pump-02,3,0,10.79,87.82,947.58,2,0,Yes,3,E-MUM-4,4,6,4,0,6.854966129518919,947.0962,0
TXN230,2025-03-11,22:38:00,HP,delhi-pump-01,2,1,5.96,94.63,563.99,2,0,No,2,E-DEL-1,22,1,3,0,6.3368080318747655,564.23663,0
TXN231,2024-11-29,15:42:00,HP,pune-pump-06,4,2,22.21,99.75,2215.45,2,1,Yes,3,E-PUN-5,15,4,11,0,7.703662095843597,2213.2058,0
TXN232,2025-10-12,18:04:00,IOCL,bangalore-pump-07,0,0,11.41,87.47,998.03,2,0,No,1,E-BAN-4,18,6,10,0,6.906784808227691,1014.5405,0
TXN233,2024-12-23,06:59:00,HP,chennai-pump-03,1,2,11.84,99.04,1172.63,0,0,Yes,1,E-CHE-2,6,0,12,0,7.0678567888742485,1172.9714,0
TXN234,2024-06-27,15:55:00,IOCL,chennai-pump-03,1,0,10.14,87.65,888.77,0,0,No,4,E-CHE-4,15,3,6,0,6.790963002361891,884.99915,0
TXN235,2025-07-28,08:47:00,IOCL,delhi-pump-04,2,1,38.02,94.87,3606.96,2,1,No,3,E-DEL-4,8,0,7,0,8.190897794646558,3605.6326,0
TXN236,2025-11-16,01:07:00,BPCL,chennai-pump-03,1,0,40.27,87.63,3528.86,1,1,No,4,E-CHE-2,1,6,11,0,8.169013489084204,3525.4768,0
TXN237,2025-11-07,22:56:00,BPCL,mumbai-pump-02,3,0,14.23,87.23,1241.28,0,0,No,1,E-MUM-5,22,4,11,0,7.124703679919145,1241.0084,0
TXN238,2025-03-18,06:26:00,IOCL,bangalore-pump-07,0,1,27.35,94.84,2593.87,1,1,No,2,E-BAN-2,6,1,3,0,7.861291698006012,2583.992,0
TXN239,2024-07-08,18:50:00,BPCL,delhi-pump-01,2,2,35.47,99.12,3515.79,2,1,Yes,3,E-DEL-3,18,0,7,0,8.165303920711175,3512.5828,0
TXN240,2025-10-25,18:51:00,IOCL,delhi-pump-04,2,0,7.23,87.99,636.17,1,0,Yes,5,E-DEL-2,18,5,10,0,6.457036495948265,636.335,0
TXN241,2024-05-25,19:02:00,BPCL,chennai-pump-05,1,0,13.96,87.28,1218.43,2,0,Yes,2,E-CHE-5,19,5,5,0,7.106138815434493,1214.9454,0
TXN242,2024-04-19,13:28:00,IOCL,mumbai-pump-04,3,2,14.81,99.65,1475.82,1,0,Yes,4,E-MUM-4,13,4,4,0,7.297646406452118,1469.6747,0
TXN243,2025-05-03,10:09:00,HP,pune-pump-06,4,1,22.3,94.36,2104.23,2,1,Yes,3,E-PUN-1,10,5,5,0,7.652180003805601,2104.2263,0
TXN244,2025-01-09,19:22:00,IOCL,pune-pump-06,4,1,12.98,95.19,1235.57,2,0,No,2,E-PUN-3,19,3,1,0,7.12009669676226,1232.1195,0
TXN245,2025-08-02,03:44:00,HP,chennai-pump-03,1,1,14.95,94.83,1417.71,2,0,No,2,E-CHE-1,3,5,8,0,7.25750328699966,1367.9592,0
TXN246,2025-05-29,07:40:00,HP,pune-pump-01,4,2,39.7,99.75,3960.08,1,1,Yes,5,E-PUN-1,7,3,5,0,8.284271994337931,3965.1536,0
TXN247,2024-04-14,02:15:00,BPCL,bangalore-pump-07,0,1,48.06,95.14,4572.43,0,1,Yes,2,E-BAN-5,2,6,4,1,8.428018749414623,4572.3247,1
TXN248,2025-04-29,13:10:00,HP,pune-pump-01,4,0,14.48,87.73,1270.33,1,0,Yes,1,E-PUN-5,13,1,4,0,7.147818875569572,1256.2014,0
TXN249,2025-05-15,12:09:00,HP,chennai-pump-03,1,2,39.44,98.96,3902.98,0,1,Yes,5,E-CHE-2,12,3,5,0,8.269751824569042,3897.5842,0
TXN250,2024-04-30,10:16:00,BPCL,delhi-pump-01,2,2,31.93,99.06,3162.99,0,1,Yes,4,E-DEL-3,10,1,4,0,8.059589168326292,3165.8284,0
TXN251,2024-06-24,10:12:00,IOCL,bangalore-pump-07,0,1,14.6,95.11,1388.61,2,0,No,4,E-BAN-5,10,0,6,0,7.236778411216489,1388.1407,0
TXN252,2024-12-03,01:06:00,HP,mumbai-pump-04,3,0,12.22,87.37,1067.66,1,0,No,1,E-MUM-1,1,1,12,0,6.974160806178749,1067.638,0
TXN253,2025-06-21,00:35:00,IOCL,pune-pump-06,4,0,32.23,87.74,2827.86,0,1,No,4,E-PUN-4,0,5,6,0,7.947629082625626,2829.0159,0
TXN254,2025-12-13,11:53:00,IOCL,pune-pump-01,4,2,43.79,99.44,4354.48,2,1,No,4,E-PUN-5,11,5,12,1,8.3791901013531,4356.775,1
TXN255,2025-04-28,05:57:00,IOCL,delhi-pump-04,2,2,28.76,99.77,2869.39,1,1,No,1,E-DEL-1,5,0,4,0,7.962203188023403,2867.5903,0
TXN256,2025-09-16,11:23:00,HP,mumbai-pump-02,3,1,39.36,94.59,3723.06,1,1,No,1,E-MUM-4,11,1,9,0,8.222569749975007,3714.1516,0
TXN257,2024-02-21,01:14:00,HP,delhi-pump-04,2,2,13.76,99.77,1372.84,1,0,No,5,E-DEL-4,1,2,2,0,7.225365017675607,1321.0745,0
TXN258,2024-10-19,13:04:00,BPCL,pune-pump-01,4,1,40.18,94.39,3792.59,0,1,No,2,E-PUN-5,13,5,10,0,8.241068079289109,3787.1843,0
TXN259,2024-01-30,02:20:00,BPCL,bangalore-pump-07,0,1,17.85,94.38,1684.68,1,1,Yes,3,E-BAN-5,2,1,1,0,7.429924322208552,1684.3885,0
TXN260,2024-02-24,15:09:00,IOCL,bangalore-pump-07,0,2,14.75,99.73,1471.02,0,0,Yes,4,E-BAN-3,15,5,2,0,7.2943908861530415,1471.3384,0
TXN261,2025-01-24,14:02:00,BPCL,pune-pump-01,4,2,18.01,99.77,1796.86,1,1,No,3,E-PUN-2,14,4,1,0,7.494352347706324,1845.5641,0
TXN262,2024-12-21,11:13:00,IOCL,delhi-pump-04,2,2,8.12,99.72,809.73,1,0,Yes,5,E-DEL-4,11,5,12,0,6.697935076366349,813.2331,0
TXN263,2024-07-25,05:30:00,HP,chennai-pump-03,1,1,35.67,95.1,3392.22,0,1,Yes,3,E-CHE-5,5,3,7,0,8.129534602057433,3399.01,0
TXN264,2025-01-25,04:41:00,IOCL,bangalore-pump-07,0,0,32.71,87.37,2857.87,2,1,Yes,3,E-BAN-5,4,5,1,0,7.958181720844289,2857.5364,0
TXN265,2025-06-20,14:31:00,IOCL,mumbai-pump-02,3,1,48.19,94.69,4563.11,2,1,No,2,E-MUM-2,14,4,6,1,8.425978812356732,4566.105,1
TXN266,2024-01-24,13:59:00,HP,bangalore-pump-07,0,1,22.27,94.99,2115.43,0,1,No,2,E-BAN-3,13,2,1,0,7.657485985943687,2144.285,0
TXN267,2024-12-25,19:16:00,IOCL,chennai-pump-03,1,0,7.64,87.5,668.5,2,0,Yes,1,E-CHE-5,19,2,12,0,6.506531165131227,668.4656,0
TXN268,2025-03-11,15:12:00,IOCL,delhi-pump-01,2,0,11.56,87.6,1012.66,0,0,Yes,1,E-DEL-3,15,1,3,0,6.921322822203675,1012.07336,0
TXN269,2024-07-27,19:00:00,IOCL,delhi-pump-04,2,0,49.44,87.96,4348.74,0,1,Yes,4,E-DEL-2,19,5,7,1,8.377871352181483,4357.4233,1
TXN270,2025-06-11,08:35:00,BPCL,delhi-pump-01,2,0,18.7,87.65,1639.06,2,1,Yes,2,E-DEL-4,8,2,6,0,7.40248810551487,1649.5739,0
TXN271,2025-11-04,14:39:00,IOCL,chennai-pump-03,1,0,9.17,87.37,801.18,1,0,No,5,E-CHE-4,14,1,11,0,6.687333021586615,800.7827,0
TXN272,2024-09-04,04:04:00,IOCL,mumbai-pump-04,3,2,38.88,99.85,3882.17,1,1,No,5,E-MUM-4,4,2,9,0,8.26440710935535,3884.9597,0
TXN273,2024-02-29,03:57:00,HP,bangalore-pump-07,0,1,34.54,95.2,3288.21,0,1,No,1,E-BAN-2,3,3,2,0,8.098402693345069,3289.2712,0
TXN274,2024-07-12,05:50:00,IOCL,delhi-pump-01,2,1,17.19,94.86,1630.64,2,1,No,1,E-DEL-2,5,4,7,0,7.397340922955595,1632.5992,0
TXN275,2025-01-15,17:56:00,HP,delhi-pump-01,2,1,41.98,94.53,3968.37,2,1,No,4,E-DEL-3,17,2,1,0,8.286362670912295,3961.694,0
TXN276,2025-05-09,22:47:00,BPCL,mumbai-pump-02,3,2,34.63,99.36,3440.84,2,1,No,3,E-MUM-4,22,4,5,0,8.143761491089066,3333.448,0
TXN277,2024-06-22,07:27:00,HP,mumbai-pump-04,3,0,14.17,87.69,1242.57,0,0,Yes,4,E-MUM-3,7,5,6,0,7.125741554381238,1240.6128,0
TXN278,2024-06-21,11:37:00,IOCL,delhi-pump-01,2,1,22.02,94.26,2075.61,0,1,No,2,E-DEL-5,11,4,6,0,7.638492035421661,2085.505,0
TXN279,2024-04-09,11:36:00,BPCL,delhi-pump-01,2,0,14.16,88.1,1247.5,2,0,Yes,4,E-DEL-1,11,1,4,0,7.129698109719828,1251.6721,0
TXN280,2025-06-11,10:08:00,HP,bangalore-pump-07,0,2,42.68,99.6,4250.93,0,1,No,1,E-BAN-4,10,2,6,1,8.355128276485308,4255.137,1
TXN281,2025-06-22,01:43:00,IOCL,chennai-pump-03,1,1,41.6,94.36,3925.38,1,1,Yes,1,E-CHE-1,1,6,6,0,8.275473160779088,3927.588,0
TXN282,2025-02-21,23:43:00,IOCL,mumbai-pump-04,3,0,25.07,87.52,2194.13,1,1,Yes,3,E-MUM-1,23,4,2,0,7.693996549268038,2197.6672,0
TXN283,2025-05-16,21:04:00,IOCL,delhi-pump-04,2,1,9.26,94.88,878.59,2,0,No,3,E-DEL-4,21,4,5,0,6.779455889811979,878.212,0
TXN284,2024-01-09,14:41:00,BPCL,chennai-pump-03,1,0,19.04,87.35,1663.14,2,1,No,5,E-CHE-1,14,1,1,0,7.4170637524574206,1660.6992,0
TXN285,2025-04-03,18:19:00,IOCL,chennai-pump-05,1,1,43.05,94.29,4059.18,0,1,Yes,3,E-CHE-5,18,3,4,1,8.308982586588382,4053.7869,1
TXN286,2024-09-07,04:19:00,BPCL,bangalore-pump-07,0,1,30.39,94.43,2869.73,1,1,No,1,E-BAN-3,4,5,9,0,7.962321631811513,2866.8928,0
TXN287,2024-11-27,00:08:00,IOCL,delhi-pump-04,2,0,24.05,87.2,2097.16,2,1,Yes,4,E-DEL-3,0,2,11,0,7.648816049156081,2091.9292,0
TXN288,2025-10-16,23:02:00,BPCL,chennai-pump-03,1,2,48.21,99.01,4773.27,2,1,No,2,E-CHE-1,23,3,10,1,8.470996361646405,4776.643,1
TXN289,2024-01-08,13:09:00,BPCL,pune-pump-01,4,1,6.57,95.06,624.54,0,0,No,2,E-PUN-2,13,0,1,0,6.438615276703253,623.8198,0
TXN290,2024-03-17,01:55:00,IOCL,bangalore-pump-07,0,2,8.32,99.66,829.17,0,0,Yes,1,E-BAN-3,1,6,3,0,6.721630499095148,829.03705,0
TXN291,2025-05-21,18:01:00,HP,delhi-pump-04,2,1,23.56,95.17,2242.21,2,1,No,3,E-DEL-2,18,2,5,0,7.715663154747595,2276.0361,0
TXN292,2025-02-26,21:31:00,BPCL,pune-pump-01,4,0,11.04,87.35,964.34,0,0,Yes,3,E-PUN-2,21,2,2,0,6.872480370890998,964.6641,0
TXN293,2024-11-05,19:30:00,IOCL,pune-pump-01,4,1,12.37,94.89,1173.79,2,0,No,2,E-PUN-1,19,1,11,0,7.068844687201073,1174.0518,0
TXN294,2024-06-17,17:11:00,IOCL,chennai-pump-03,1,1,9.61,94.83,911.32,1,0,Yes,1,E-CHE-3,17,0,6,0,6.815990805724307,909.51044,0
TXN295,2025-08-09,23:07:00,IOCL,bangalore-pump-07,0,0,40.46,87.53,3541.46,2,1,Yes,2,E-BAN-3,23,5,8,0,8.172576680040255,3539.1306,0
TXN296,2025-10-29,23:50:00,BPCL,bangalore-pump-07,0,1,14.77,94.9,1401.67,2,0,No,3,E-BAN-3,23,2,10,0,7.246132842172468,1400.595,0
TXN297,2024-05-09,15:09:00,IOCL,bangalore-pump-07,0,0,48.81,87.24,4258.18,0,1,No,2,E-BAN-3,15,3,5,1,8.356831932472263,4241.9297,1
TXN298,2024-10-26,12:00:00,BPCL,delhi-pump-01,2,0,49.39,87.15,4304.34,0,1,No,4,E-DEL-1,12,5,10,1,8.367611391675874,4301.8794,1
TXN299,2025-02-09,06:07:00,BPCL,chennai-pump-03,1,1,24.57,94.52,2322.36,1,1,Yes,1,E-CHE-5,6,6,2,0,7.750769692782427,2318.564,0
TXN300,2024-05-18,00:40:00,IOCL,chennai-pump-03,1,2,12.02,99.79,1199.48,1,0,Yes,4,E-CHE-5,0,5,5,0,7.090476755797418,1180.3688,0
TXN301,2024-04-18,18:43:00,BPCL,mumbai-pump-02,3,1,14.44,95.14,1373.82,1,0,No,4,E-MUM-2,18,3,4,0,7.22607809244042,1375.9272,0
TXN302,2024-03-06,09:14:00,BPCL,delhi-pump-01,2,2,9.43,99.43,937.62,2,0,No,5,E-DEL-2,9,2,3,0,6.844410711464856,938.4593,0
TXN303,2024-09-05,05:08:00,BPCL,bangalore-pump-07,0,0,49.56,87.77,4349.88,2,1,Yes,5,E-BAN-2,5,3,9,1,8.378133402473651,4351.0933,1
TXN304,2025-04-25,14:46:00,HP,delhi-pump-04,2,2,32.15,99.19,3188.96,1,1,No,2,E-DEL-5,14,4,4,0,8.067763656515321,3189.8474,0
TXN305,2024-03-17,22:17:00,IOCL,chennai-pump-03,1,1,22.26,94.3,2099.12,2,1,No,1,E-CHE-3,22,6,3,0,7.649749764936066,2101.7424,0
TXN306,2025-04-16,18:25:00,IOCL,bangalore-pump-07,0,0,6.53,87.25,569.74,1,0,Yes,2,E-BAN-2,18,2,4,0,6.346933764450457,569.5085,0
TXN307,2025-06-30,13:04:00,BPCL,mumbai-pump-02,3,2,16.56,99.95,1655.17,0,1,Yes,2,E-MUM-2,13,0,6,0,7.412262986681166,1650.3446,0
TXN308,2025-10-04,11:17:00,IOCL,chennai-pump-03,1,1,16.08,94.9,1525.99,0,1,Yes,4,E-CHE-4,11,5,10,0,7.331053756408715,1524.2719,0
TXN309,2024-06-22,07:29:00,HP,mumbai-pump-04,3,0,6.86,87.29,598.81,1,0,No,4,E-MUM-3,7,5,6,0,6.396612938400003,591.25055,0
TXN310,2024-04-08,03:26:00,IOCL,delhi-pump-04,2,0,42.14,87.33,3680.09,2,1,No,3,E-DEL-1,3,0,4,0,8.210964182957879,3450.4023,0
TXN311,2025-01-07,15:54:00,BPCL,pune-pump-01,4,2,14.33,99.87,1431.14,0,0,No,5,E-PUN-4,15,1,1,0,7.2669251081049975,1430.9567,0
TXN312,2025-01-15,18:58:00,IOCL,chennai-pump-05,1,2,8.58,99.03,849.68,0,0,No,3,E-CHE-1,18,2,1,0,6.746036029654927,849.964,0
TXN313,2025-02-05,08:28:00,IOCL,chennai-pump-03,1,1,13.37,94.76,1266.94,2,0,No,3,E-CHE-2,8,2,2,0,7.145148815265623,1266.9786,0
TXN314,2025-11-28,09:28:00,BPCL,pune-pump-06,4,1,14.34,94.95,1361.58,1,0,Yes,5,E-PUN-4,9,4,11,0,7.217135240410037,1362.7535,0
TXN315,2024-04-23,12:07:00,HP,chennai-pump-03,1,0,6.22,87.93,546.92,1,0,Yes,5,E-CHE-3,12,1,4,0,6.30612929088965,562.7457,0
TXN316,2025-08-09,20:14:00,HP,chennai-pump-03,1,2,37.57,99.93,3754.37,0,1,No,1,E-CHE-5,20,5,8,0,8.230942094630237,3754.899,0
TXN317,2025-01-04,10:53:00,IOCL,mumbai-pump-04,3,2,10.36,99.17,1027.4,2,0,No,1,E-MUM-1,10,5,1,0,6.935759475391735,1028.4819,0
TXN318,2025-11-28,20:19:00,HP,chennai-pump-05,1,0,33.96,88.03,2989.5,1,1,Yes,5,E-CHE-4,20,4,11,0,8.003195876484611,2990.4294,0
TXN319,2025-11-26,14:58:00,HP,mumbai-pump-04,3,0,35.64,87.98,3135.61,0,1,Yes,4,E-MUM-5,14,2,11,0,8.050897877860772,3130.6504,0
TXN320,2025-12-12,00:46:00,BPCL,mumbai-pump-02,3,0,6.56,87.79,575.9,2,0,No,3,E-MUM-2,0,4,12,0,6.357668941262844,582.50824,0
TXN321,2024-07-01,18:04:00,IOCL,pune-pump-06,4,2,5.17,99.01,511.88,2,0,No,4,E-PUN-4,18,0,7,0,6.240041899679002,512.12256,0
TXN322,2025-03-18,17:16:00,HP,mumbai-pump-04,3,2,7.3,99.16,723.87,1,0,Yes,1,E-MUM-3,17,1,3,0,6.585992328431825,724.9236,0
TXN323,2025-12-25,17:48:00,HP,delhi-pump-04,2,0,7.27,87.34,634.96,1,0,Yes,3,E-DEL-3,17,3,12,0,6.4551356682805086,635.23883,0
TXN324,2025-07-23,08:28:00,BPCL,bangalore-pump-07,0,1,33.89,95.12,3223.62,2,1,Yes,2,E-BAN-1,8,2,7,0,8.078570392830073,3218.1628,0
TXN325,2024-05-08,17:57:00,IOCL,delhi-pump-01,2,0,16.53,88.04,1455.3,1,1,No,3,E-DEL-5,17,2,5,0,7.283654251488534,1450.1018,0
TXN326,2025-04-03,10:43:00,BPCL,bangalore-pump-07,0,0,5.74,87.15,500.24,0,0,No,5,E-BAN-5,10,3,4,0,6.217085028297085,500.23062,0
TXN327,2024-03-26,13:27:00,IOCL,bangalore-pump-07,0,0,7.81,88.1,688.06,1,0,No,4,E-BAN-4,13,1,3,0,6.53532834995077,687.34644,0
TXN328,2024-05-07,08:57:00,IOCL,bangalore-pump-07,0,1,47.21,94.47,4459.93,2,1,No,3,E-BAN-3,8,1,5,1,8.40311254345617,4336.682,1
TXN329,2024-06-03,23:29:00,BPCL,pune-pump-01,4,0,40.82,88.05,3594.2,1,1,No,3,E-PUN-5,23,0,6,0,8.187354901431064,3419.806,0
TXN330,2025-10-31,04:22:00,BPCL,mumbai-pump-02,3,1,39.97,95.11,3801.55,0,1,Yes,4,E-MUM-5,4,4,10,0,8.243427173290916,3804.783,0
TXN331,2024-06-07,22:46:00,IOCL,delhi-pump-04,2,2,14.88,99.64,1482.64,1,0,Yes,5,E-DEL-1,22,4,6,0,7.302253806697116,1481.377,0
TXN332,2025-05-07,09:04:00,HP,chennai-pump-05,1,0,49.03,87.24,4277.38,2,1,Yes,2,E-CHE-2,9,2,5,1,8.36132971225197,4275.219,1
TXN333,2024-07-30,15:18:00,BPCL,chennai-pump-03,1,1,6.21,94.84,588.96,2,0,No,1,E-CHE-3,15,1,7,0,6.380054737991301,589.10895,0
TXN334,2024-11-18,13:06:00,HP,pune-pump-01,4,2,6.24,98.99,617.7,0,0,No,4,E-PUN-3,13,0,11,0,6.427620502536943,629.98816,0
TXN335,2024-05-27,00:17:00,BPCL,mumbai-pump-04,3,2,43.32,99.26,4299.94,1,1,Yes,2,E-MUM-1,0,0,5,1,8.3665888824423,4193.8257,1
TXN336,2024-10-27,20:43:00,IOCL,pune-pump-01,4,2,12.11,99.69,1207.25,2,0,Yes,3,E-PUN-3,20,6,10,0,7.096928310725193,1206.755,0
TXN337,2024-06-22,10:32:00,BPCL,chennai-pump-03,1,0,11.24,87.45,982.94,2,0,No,3,E-CHE-5,10,5,6,0,6.891564919583409,971.54205,0
TXN338,2025-09-29,19:17:00,BPCL,delhi-pump-04,2,0,26.35,88.1,2321.43,2,1,No,1,E-DEL-5,19,0,9,0,7.750369330298362,2321.9412,0
TXN339,2025-09-02,16:20:00,HP,delhi-pump-01,2,1,28.32,94.8,2684.74,1,1,Yes,1,E-DEL-1,16,1,9,0,7.895711574184977,2687.4072,0
TXN340,2025-09-18,21:19:00,HP,mumbai-pump-02,3,0,38.28,87.16,3336.48,2,1,Yes,4,E-MUM-2,21,3,9,0,8.112971310181187,3330.9814,0
TXN341,2024-04-11,02:11:00,HP,chennai-pump-03,1,0,10.51,87.87,923.51,0,0,No,3,E-CHE-1,2,3,4,0,6.829263867426333,926.16925,0
TXN342,2025-11-11,19:52:00,BPCL,bangalore-pump-07,0,2,25.0,99.21,2480.25,0,1,Yes,1,E-BAN-1,19,1,11,0,7.816517744435501,2480.2976,0
TXN343,2024-11-17,08:35:00,IOCL,bangalore-pump-07,0,1,24.21,95.14,2303.34,2,1,No,1,E-BAN-5,8,6,11,0,7.742549580372927,2302.9673,0
TXN344,2025-11-02,21:43:00,BPCL,mumbai-pump-04,3,0,13.61,87.9,1196.32,1,0,No,4,E-MUM-2,21,6,11,0,7.087841004834515,1195.4662,0
TXN345,2024-08-01,04:50:00,IOCL,pune-pump-01,4,0,6.87,87.46,600.85,0,0,Yes,1,E-PUN-5,4,3,8,0,6.400008244825744,594.70056,0
TXN346,2025-10-17,22:42:00,HP,delhi-pump-04,2,1,6.88,94.38,649.33,0,0,Yes,5,E-DEL-3,22,4,10,0,6.4774799263652385,649.64294,0
TXN347,2025-07-31,17:47:00,HP,pune-pump-06,4,1,6.97,95.05,662.5,0,0,Yes,3,E-PUN-3,17,3,7,0,6.497528853772263,689.42065,0
TXN348,2025-10-02,17:21:00,IOCL,chennai-pump-03,1,2,8.93,99.06,884.61,1,0,No,1,E-CHE-4,17,3,10,0,6.78627667311026,882.58124,0
TXN349,2024-01-24,21:57:00,HP,pune-pump-01,4,2,12.53,99.27,1243.85,1,0,No,3,E-PUN-2,21,2,1,0,7.126770319712566,1243.201,0
TXN350,2025-06-25,07:04:00,HP,bangalore-pump-07,0,1,12.37,95.02,1175.4,0,0,No,1,E-BAN-2,7,2,6,0,7.07021420667984,1177.904,0
TXN351,2025-05-01,12:19:00,IOCL,mumbai-pump-02,3,2,39.4,99.76,3930.54,2,1,No,5,E-MUM-1,12,3,5,0,8.276786485613567,3813.7693,0
TXN352,2025-08-23,01:13:00,IOCL,bangalore-pump-07,0,0,30.0,87.86,2635.8,1,1,No,4,E-BAN-2,1,5,8,0,7.877321339715152,2673.4973,0
TXN353,2025-07-31,20:37:00,HP,bangalore-pump-07,0,2,11.95,98.97,1182.69,2,0,No,4,E-BAN-3,20,3,7,0,7.0763919568376545,1180.3638,0
TXN354,2024-03-23,07:47:00,HP,chennai-pump-05,1,1,14.58,95.0,1385.1,0,0,No,1,E-CHE-5,7,5,3,0,7.234249327219307,1381.967,0
TXN355,2024-12-11,11:30:00,BPCL,pune-pump-01,4,0,45.09,87.27,3935.0,2,1,Yes,3,E-PUN-5,11,2,12,0,8.277920258172143,3936.4585,0
TXN356,2025-05-19,14:49:00,BPCL,chennai-pump-05,1,1,43.27,94.32,4081.23,2,1,Yes,4,E-CHE-5,14,0,5,1,8.314398686711431,4082.2505,1
TXN357,2024-09-24,00:37:00,HP,delhi-pump-01,2,1,26.57,94.5,2510.87,1,1,Yes,5,E-DEL-2,0,1,9,0,7.828782774656573,2509.932,0
TXN358,2025-07-13,00:12:00,HP,delhi-pump-04,2,1,7.45,94.47,703.8,1,0,Yes,2,E-DEL-1,0,6,7,0,6.557914074621969,703.8435,0
TXN359,2025-05-29,19:14:00,HP,chennai-pump-05,1,2,43.77,99.38,4349.86,2,1,Yes,5,E-CHE-3,19,3,5,1,8.378128805691858,4351.745,1
TXN360,2025-07-22,22:48:00,BPCL,bangalore-pump-07,0,0,6.79,87.3,592.77,0,0,Yes,2,E-BAN-5,22,1,7,0,6.386492038992077,592.4992,0
TXN361,2025-06-13,02:57:00,BPCL,mumbai-pump-02,3,1,5.73,94.46,541.26,2,0,No,2,E-MUM-1,2,4,6,0,6.295745591215131,540.4395,0
TXN362,2024-01-04,00:15:00,IOCL,mumbai-pump-02,3,1,38.97,94.58,3685.78,2,1,No,3,E-MUM-2,0,3,1,0,8.212508727346197,3687.7722,0
TXN363,2025-07-28,08:37:00,BPCL,mumbai-pump-02,3,0,7.32,87.48,640.35,2,0,Yes,3,E-MUM-1,8,0,7,0,6.46357532974586,639.5948,0
TXN364,2024-06-23,13:57:00,HP,chennai-pump-05,1,0,7.51,87.36,656.07,2,0,No,4,E-CHE-1,13,6,6,0,6.487790557710171,656.6907,0
TXN365,2024-03-22,14:22:00,HP,mumbai-pump-02,3,1,12.49,95.17,1188.67,1,0,No,5,E-MUM-3,14,4,3,0,7.081431236723421,1188.9305,0
TXN366,2025-02-11,23:31:00,HP,delhi-pump-01,2,2,16.01,99.9,1599.4,1,1,Yes,4,E-DEL-2,23,1,2,0,7.37800887698308,1597.8561,0
TXN367,2024-03-03,03:39:00,BPCL,mumbai-pump-02,3,1,10.62,94.57,1004.33,0,0,Yes,3,E-MUM-1,3,6,3,0,6.913071124804373,1005.1712,0
TXN368,2024-09-23,09:21:00,HP,mumbai-pump-04,3,0,18.38,88.04,1618.18,1,1,No,3,E-MUM-1,9,0,9,0,7.389675127238206,1616.0004,0
TXN369,2025-02-12,03:14:00,BPCL,delhi-pump-01,2,1,12.41,94.46,1172.25,0,0,Yes,1,E-DEL-1,3,2,2,0,7.067532954674527,1170.3573,0
TXN370,2024-02-09,22:18:00,BPCL,pune-pump-06,4,0,9.26,87.95,814.42,0,0,Yes,5,E-PUN-2,22,4,2,0,6.7037033179234475,813.5344,0
TXN371,2025-10-10,10:07:00,IOCL,chennai-pump-03,1,2,30.43,99.49,3027.48,2,1,No,1,E-CHE-2,10,4,10,0,8.015816122469857,2972.4084,0
TXN372,2025-03-05,07:11:00,IOCL,chennai-pump-05,1,1,6.19,95.16,589.04,2,0,No,1,E-CHE-3,7,2,3,0,6.380190331211848,618.7094,0
TXN373,2024-05-28,04:41:00,HP,chennai-pump-03,1,0,25.29,87.34,2208.83,1,1,Yes,5,E-CHE-1,4,1,5,0,7.700670868476144,2203.3088,0
TXN374,2024-10-11,09:23:00,HP,mumbai-pump-04,3,0,43.22,87.2,3768.78,2,1,No,3,E-MUM-4,9,4,10,0,8.234771923301645,3777.5977,0
TXN375,2024-12-31,17:12:00,BPCL,delhi-pump-04,2,1,32.13,94.75,3044.32,0,1,No,3,E-DEL-2,17,1,12,0,8.021361264934384,3050.8618,0
TXN376,2025-06-12,04:56:00,IOCL,mumbai-pump-02,3,2,20.06,99.3,1991.96,0,1,No,2,E-MUM-2,4,3,6,0,7.597376249765524,1999.3054,0
TXN377,2024-08-30,17:44:00,IOCL,pune-pump-01,4,2,5.93,99.4,589.44,2,0,No,3,E-PUN-3,17,4,8,0,6.380868021668796,590.506,0
TXN378,2025-08-11,20:55:00,IOCL,pune-pump-01,4,0,36.32,87.36,3172.92,1,1,Yes,1,E-PUN-5,20,0,8,0,8.062722695979799,3172.6157,0
TXN379,2024-08-16,11:28:00,IOCL,delhi-pump-01,2,1,10.74,94.45,1014.39,0,0,Yes,5,E-DEL-1,11,4,8,0,6.923028054129167,1015.0036,0
TXN380,2025-03-19,16:00:00,IOCL,bangalore-pump-07,0,2,14.78,99.72,1473.86,1,0,Yes,4,E-BAN-2,16,2,3,0,7.296318349014945,1475.2942,0
TXN381,2025-08-22,13:05:00,IOCL,delhi-pump-04,2,0,6.84,87.31,597.2,0,0,Yes,1,E-DEL-3,13,4,8,0,6.393925146195848,597.6897,0
TXN382,2024-02-21,05:21:00,HP,chennai-pump-03,1,0,9.3,87.85,817.0,1,0,No,5,E-CHE-2,5,2,2,0,6.706862336602747,823.0027,0
TXN383,2024-06-07,05:49:00,BPCL,pune-pump-06,4,2,49.73,99.43,4944.65,1,1,No,2,E-PUN-4,5,4,6,1,8.50626368132351,4942.533,1
TXN384,2025-10-08,13:24:00,HP,delhi-pump-01,2,0,13.02,87.93,1144.85,0,0,Yes,5,E-DEL-3,13,2,10,0,7.043901998655478,1146.3792,0
TXN385,2024-01-31,03:24:00,IOCL,bangalore-pump-07,0,2,13.41,99.28,1331.34,0,0,No,2,E-BAN-4,3,2,1,0,7.19469207378351,1330.7004,0
TXN386,2025-08-10,02:06:00,BPCL,pune-pump-06,4,1,13.85,95.05,1316.44,2,0,Yes,2,E-PUN-5,2,6,8,0,7.18344573858154,1314.5984,0
TXN387,2025-07-31,09:41:00,IOCL,delhi-pump-04,2,0,33.76,88.05,2972.57,2,1,Yes,3,E-DEL-2,9,3,7,0,7.9975185301508755,2964.561,0
TXN388,2024-09-09,22:12:00,HP,chennai-pump-03,1,1,40.6,94.4,3832.64,2,1,Yes,3,E-CHE-2,22,0,9,0,8.251570022483403,3824.8157,0
TXN389,2025-10-08,06:24:00,IOCL,mumbai-pump-04,3,2,39.81,99.62,3965.87,0,1,No,4,E-MUM-1,6,2,10,0,8.285732649621938,3948.655,0
TXN390,2025-08-07,12:03:00,IOCL,chennai-pump-05,1,1,40.42,95.13,3845.15,1,1,No,5,E-CHE-3,12,3,8,0,8.254827926948247,3842.6587,0
TXN391,2025-03-22,16:38:00,IOCL,chennai-pump-05,1,2,41.35,99.33,4107.3,1,1,Yes,3,E-CHE-5,16,5,3,1,8.320764596619602,4114.9507,1
TXN392,2024-01-12,20:12:00,BPCL,delhi-pump-01,2,1,43.01,94.23,4052.83,0,1,No,1,E-DEL-1,20,4,1,1,8.307417392240243,4052.6309,1
TXN393,2024-06-24,06:16:00,BPCL,mumbai-pump-04,3,1,6.98,95.07,663.59,2,0,Yes,4,E-MUM-4,6,0,6,0,6.499170309162694,664.364,0
TXN394,2024-10-31,00:34:00,HP,delhi-pump-01,2,1,17.22,94.32,1624.19,2,1,Yes,3,E-DEL-1,0,3,10,0,7.393380011005791,1624.8212,0
TXN395,2024-10-23,03:51:00,BPCL,mumbai-pump-04,3,0,6.81,87.41,595.26,1,0,Yes,3,E-MUM-5,3,2,10,0,6.390676813550381,605.30664,0
TXN396,2025-04-06,07:41:00,BPCL,chennai-pump-05,1,1,6.77,94.58,640.31,0,0,No,2,E-CHE-3,7,6,4,0,6.463512959359299,640.1929,0
TXN397,2024-01-17,19:50:00,BPCL,pune-pump-01,4,2,13.22,99.34,1313.27,1,0,No,1,E-PUN-1,19,2,1,0,7.181036657388599,1317.4722,0
TXN398,2024-06-17,23:58:00,HP,pune-pump-01,4,2,41.27,98.97,4084.49,1,1,No,4,E-PUN-5,23,0,6,1,8.315196951140944,4083.0137,1
TXN399,2024-02-18,02:42:00,BPCL,mumbai-pump-04,3,1,6.35,94.24,598.42,0,0,No,1,E-MUM-5,2,6,2,0,6.3959625210259405,608.99384,0
TXN400,2025-02-02,18:22:00,IOCL,bangalore-pump-07,0,2,8.47,99.13,839.63,2,0,No,3,E-BAN-4,18,6,2,0,6.734151610727905,838.2364,0
TXN401,2025-08-06,03:42:00,IOCL,mumbai-pump-02,3,1,13.03,94.68,1233.68,0,0,Yes,3,E-MUM-1,3,2,8,0,7.118567106175719,1233.3613,0
TXN402,2025-04-10,13:41:00,HP,pune-pump-01,4,2,43.39,99.15,4302.12,0,1,No,4,E-PUN-2,13,3,4,1,8.367095619970085,4305.722,1
TXN403,2024-02-06,22:36:00,IOCL,mumbai-pump-02,3,1,15.09,95.12,1435.36,0,1,Yes,4,E-MUM-3,22,1,2,0,7.269867414567913,1435.3998,0
TXN404,2025-06-23,18:46:00,HP,pune-pump-01,4,0,8.13,87.69,712.92,0,0,No,5,E-PUN-1,18,0,6,0,6.570770911244168,713.71387,0
TXN405,2024-08-11,01:21:00,HP,delhi-pump-01,2,1,44.84,95.05,4262.04,0,1,No,5,E-DEL-5,1,6,8,1,8.35773779978476,4264.235,1
TXN406,2024-02-18,02:30:00,HP,delhi-pump-04,2,2,5.32,99.26,528.06,2,0,Yes,3,E-DEL-1,2,6,2,0,6.271101846976656,528.35785,0
TXN407,2025-09-24,21:55:00,IOCL,mumbai-pump-04,3,0,34.33,87.26,2995.64,0,1,Yes,1,E-MUM-3,21,2,9,0,8.005246939981543,2995.2175,0
TXN408,2025-07-19,19:43:00,BPCL,pune-pump-06,4,2,13.56,99.06,1343.25,2,0,Yes,4,E-PUN-5,19,5,7,0,7.203591515689787,1342.9498,0
TXN409,2025-10-30,06:54:00,HP,mumbai-pump-02,3,2,8.67,99.72,864.57,1,0,No,1,E-MUM-4,6,3,10,0,6.763388249450948,864.77673,0
TXN410,2024-04-14,11:24:00,HP,pune-pump-06,4,2,37.61,99.16,3729.41,2,1,No,1,E-PUN-5,11,6,4,0,8.224273426168194,3731.6316,0
TXN411,2024-06-05,11:36:00,BPCL,pune-pump-06,4,1,18.44,95.13,1754.2,2,1,Yes,2,E-PUN-1,11,2,6,0,7.470338089520966,1748.5935,0
TXN412,2025-03-07,14:49:00,BPCL,chennai-pump-05,1,2,42.58,99.53,4237.99,2,1,Yes,1,E-CHE-2,14,4,3,1,8.35208031230291,4231.9307,1
TXN413,2024-01-11,17:01:00,IOCL,pune-pump-01,4,2,8.24,99.49,819.8,0,0,No,2,E-PUN-5,17,3,1,0,6.710279474416505,820.5087,0
TXN414,2025-07-03,22:59:00,HP,chennai-pump-05,1,1,16.79,94.51,1586.82,0,1,Yes,3,E-CHE-4,22,3,7,0,7.3701172852565255,1636.9977,0
TXN415,2024-08-26,14:22:00,IOCL,chennai-pump-03,1,0,9.09,87.57,796.01,1,0,Yes,4,E-CHE-5,14,0,8,0,6.6808672257629445,795.3919,0
TXN416,2025-04-20,05:10:00,BPCL,mumbai-pump-02,3,1,46.31,94.67,4384.17,2,1,Yes,1,E-MUM-3,5,6,4,1,8.38598367258388,4380.6787,1
TXN417,2025-05-14,14:02:00,IOCL,mumbai-pump-04,3,0,10.82,87.45,946.21,0,0,No,1,E-MUM-3,14,2,5,0,6.853520821506445,945.88446,0
TXN418,2024-12-05,23:44:00,HP,chennai-pump-03,1,0,36.04,87.59,3156.74,2,1,No,4,E-CHE-1,23,3,12,0,8.057611860837257,3152.0654,0
TXN419,2025-07-16,02:06:00,BPCL,mumbai-pump-02,3,0,27.27,87.75,2392.94,1,1,Yes,3,E-MUM-5,2,2,7,0,7.780695823147203,2393.6892,0
TXN420,2024-03-09,04:19:00,IOCL,chennai-pump-03,1,2,31.48,99.25,3124.39,1,1,Yes,5,E-CHE-3,4,5,3,0,8.04731435438363,3128.328,0
TXN421,2024-06-30,21:56:00,HP,pune-pump-06,4,2,9.64,99.81,962.17,2,0,Yes,4,E-PUN-3,21,6,6,0,6.870229927890103,997.40826,0
TXN422,2024-05-30,19:10:00,BPCL,bangalore-pump-07,0,1,36.2,94.89,3435.02,2,1,No,5,E-BAN-2,19,3,5,0,8.142069103808975,3432.916,0
TXN423,2025-08-11,06:34:00,HP,bangalore-pump-07,0,1,12.86,95.08,1222.73,2,0,Yes,4,E-BAN-2,6,0,8,0,7.109658850503814,1223.5138,0
TXN424,2024-12-07,21:51:00,HP,delhi-pump-04,2,2,12.15,99.74,1211.84,2,0,Yes,5,E-DEL-3,21,5,12,0,7.100719995874571,1190.738,0
TXN425,2024-01-08,14:34:00,BPCL,delhi-pump-04,2,0,37.36,88.08,3290.67,1,1,Yes,5,E-DEL-2,14,0,1,0,8.099150313758928,3283.9446,0
TXN426,2025-12-10,22:19:00,HP,pune-pump-01,4,2,28.96,99.26,2874.57,2,1,Yes,2,E-PUN-3,22,2,12,0,7.964006194449928,2777.2126,0
TXN427,2024-11-04,00:25:00,BPCL,delhi-pump-04,2,1,37.6,94.69,3560.34,0,1,Yes,2,E-DEL-2,0,0,11,0,8.177892157518057,3560.3962,0
TXN428,2025-08-25,19:09:00,HP,chennai-pump-05,1,0,7.87,87.91,691.85,0,0,No,5,E-CHE-2,19,0,8,0,6.540813525544724,691.2116,0
TXN429,2025-11-20,08:50:00,BPCL,mumbai-pump-04,3,0,44.66,87.39,3902.84,1,1,No,3,E-MUM-5,8,3,11,0,8.269715963086576,3898.9824,0
TXN430,2025-05-15,17:09:00,BPCL,pune-pump-01,4,0,25.84,88.01,2274.18,2,1,Yes,3,E-PUN-5,17,3,5,0,7.72981444913428,2271.6743,0
TXN431,2025-01-31,12:51:00,BPCL,chennai-pump-05,1,0,34.74,87.73,3047.74,1,1,Yes,3,E-CHE-1,12,4,1,0,8.022483669491951,3051.6304,0
TXN432,2025-08-09,08:59:00,HP,pune-pump-01,4,0,36.52,87.57,3198.06,1,1,No,5,E-PUN-2,8,5,8,0,8.070612295634836,3196.3813,0
TXN433,2024-01-18,00:37:00,BPCL,chennai-pump-03,1,2,13.49,99.27,1339.15,0,0,Yes,4,E-CHE-1,0,3,1,0,7.200536826978617,1338.3903,0
TXN434,2024-10-27,07:13:00,HP,mumbai-pump-02,3,0,20.4,87.26,1780.1,0,1,Yes,1,E-MUM-3,7,6,10,0,7.4849864299447395,1778.3792,0
TXN435,2024-09-23,17:56:00,BPCL,chennai-pump-03,1,0,17.57,87.37,1535.09,0,1,No,1,E-CHE-2,17,0,9,0,7.33699550574107,1535.1803,0
TXN436,2024-08-06,18:33:00,IOCL,delhi-pump-01,2,2,41.42,99.69,4129.16,0,1,No,4,E-DEL-2,18,1,8,1,8.326071426124765,4126.114,1
TXN437,2025-10-12,07:50:00,HP,chennai-pump-05,1,2,25.55,99.8,2549.89,2,1,Yes,1,E-CHE-2,7,6,10,0,7.84419759686714,2549.6604,0
TXN438,2025-09-25,16:54:00,IOCL,pune-pump-01,4,2,43.25,99.66,4310.3,2,1,No,5,E-PUN-4,16,3,9,1,8.368994761748311,4310.8345,1
TXN439,2025-03-29,05:56:00,HP,mumbai-pump-04,3,0,27.41,88.07,2414.0,0,1,No,5,E-MUM-3,5,5,3,0,7.789454566086673,2419.5762,0
TXN440,2024-07-10,11:34:00,HP,pune-pump-06,4,0,41.47,87.77,3639.82,2,1,Yes,2,E-PUN-1,11,2,7,0,8.19996420998552,3642.8293,0
TXN441,2024-10-15,08:50:00,HP,bangalore-pump-07,0,2,20.56,99.58,2047.36,2,1,No,5,E-BAN-2,8,1,10,0,7.6247947519616845,2045.5933,0
TXN442,2025-08-26,07:39:00,IOCL,pune-pump-06,4,1,30.73,94.68,2909.52,1,1,No,3,E-PUN-3,7,1,8,0,7.976087038359714,2911.683,0
TXN443,2025-11-28,15:45:00,BPCL,mumbai-pump-04,3,0,5.55,87.55,485.9,1,0,Yes,2,E-MUM-4,15,4,11,0,6.188058763188655,497.48553,0
TXN444,2025-07-15,16:16:00,IOCL,chennai-pump-05,1,2,11.77,99.6,1172.29,1,0,Yes,1,E-CHE-5,16,1,7,0,7.0675670474238546,1172.2742,0
TXN445,2025-11-06,04:50:00,BPCL,chennai-pump-03,1,1,10.93,95.18,1040.32,1,0,Yes,1,E-CHE-1,4,3,11,0,6.948244418112183,1040.0452,0
TXN446,2024-04-30,01:53:00,BPCL,pune-pump-01,4,0,19.06,87.4,1665.84,2,1,No,1,E-PUN-2,1,1,4,0,7.418684897340502,1581.9816,0
TXN447,2024-12-03,19:43:00,BPCL,pune-pump-06,4,1,44.6,94.72,4224.51,0,1,Yes,1,E-PUN-2,19,1,12,1,8.348895242565574,4226.0044,1
TXN448,2024-12-22,19:40:00,BPCL,chennai-pump-03,1,0,10.73,87.38,937.59,2,0,Yes,2,E-CHE-5,19,6,12,0,6.844378749137783,937.7119,0
TXN449,2025-09-06,23:04:00,BPCL,pune-pump-01,4,0,14.13,87.48,1236.09,1,0,No,5,E-PUN-5,23,5,9,0,7.120517126415211,1235.938,0
TXN450,2024-06-24,12:57:00,BPCL,delhi-pump-04,2,0,14.46,87.21,1261.06,1,0,No,1,E-DEL-4,12,0,6,0,7.140500585552615,1220.9777,0
TXN451,2024-02-24,00:56:00,IOCL,chennai-pump-05,1,1,10.79,94.65,1021.27,1,0,Yes,2,E-CHE-2,0,5,2,0,6.929780923739108,1020.7676,0
TXN452,2025-02-20,23:47:00,HP,bangalore-pump-07,0,1,21.89,94.82,2075.61,2,1,Yes,5,E-BAN-5,23,3,2,0,7.638492035421661,2100.5024,0
TXN453,2024-05-17,22:03:00,IOCL,mumbai-pump-04,3,0,39.64,88.12,3493.08,1,1,No,3,E-MUM-4,22,4,5,0,8.1588253868257,3492.2253,0
TXN454,2025-10-28,14:35:00,HP,delhi-pump-01,2,2,12.52,99.77,1249.12,2,0,No,3,E-DEL-1,14,1,10,0,7.130994825688641,1248.8893,0
TXN455,2024-01-04,21:19:00,IOCL,delhi-pump-04,2,0,22.34,87.12,1946.26,1,1,Yes,3,E-DEL-3,21,3,1,0,7.574178535234298,1946.1284,0
TXN456,2024-11-13,15:26:00,HP,pune-pump-01,4,1,9.95,94.42,939.48,1,0,Yes,5,E-PUN-1,15,2,11,0,6.846390383230553,938.0168,0
TXN457,2024-06-27,07:27:00,HP,bangalore-pump-07,0,0,18.33,88.07,1614.32,1,1,No,5,E-BAN-2,7,3,6,0,7.387288358444002,1612.8922,0
TXN458,2024-10-16,03:41:00,BPCL,chennai-pump-03,1,0,8.06,87.63,706.3,0,0,No,3,E-CHE-4,3,2,10,0,6.561454904041944,714.6476,0
TXN459,2025-01-10,06:50:00,HP,mumbai-pump-04,3,0,5.09,87.82,447.0,1,0,No,4,E-MUM-3,6,4,1,0,6.104793232414985,495.0286,0
TXN460,2025-02-04,19:02:00,BPCL,delhi-pump-01,2,0,39.51,87.67,3463.84,0,1,Yes,4,E-DEL-4,19,1,2,0,8.150421734511681,3463.7686,0
TXN461,2024-04-19,21:22:00,BPCL,delhi-pump-04,2,2,43.18,99.15,4281.3,2,1,No,4,E-DEL-1,21,4,4,1,8.36224552741478,4282.3784,1
TXN462,2025-02-18,03:24:00,HP,delhi-pump-04,2,2,5.53,99.74,551.56,0,0,Yes,3,E-DEL-2,3,1,2,0,6.3145620247807175,551.7038,0
TXN463,2025-07-20,03:55:00,BPCL,chennai-pump-03,1,2,14.46,99.63,1440.65,0,0,Yes,1,E-CHE-4,3,6,7,0,7.273543569937403,1439.9102,0
TXN464,2024-06-16,17:58:00,IOCL,bangalore-pump-07,0,0,12.14,87.16,1058.12,2,0,Yes,2,E-BAN-2,17,6,6,0,6.9651936536294015,1058.5995,0
TXN465,2025-10-30,23:30:00,BPCL,pune-pump-06,4,2,41.29,99.29,4099.68,0,1,No,2,E-PUN-2,23,3,10,1,8.318908092598738,4094.2112,1
TXN466,2024-12-07,22:08:00,IOCL,bangalore-pump-07,0,2,44.44,99.64,4428.0,1,1,Yes,2,E-BAN-2,22,5,12,1,8.395929103923198,4424.5767,1
TXN467,2024-06-19,16:29:00,HP,delhi-pump-04,2,0,8.92,88.05,785.41,0,0,No,2,E-DEL-1,16,2,6,0,6.667478284927081,785.537,0
TXN468,2025-09-08,07:58:00,BPCL,delhi-pump-01,2,1,13.4,94.47,1265.9,0,0,No,3,E-DEL-4,7,0,9,0,7.144328250608008,1233.0942,0
TXN469,2025-04-23,13:03:00,BPCL,chennai-pump-05,1,0,44.62,87.3,3895.33,0,1,No,1,E-CHE-1,13,2,4,0,8.267790363434118,3898.8374,0
TXN470,2024-06-14,19:05:00,BPCL,bangalore-pump-07,0,0,5.64,87.64,494.29,1,0,Yes,1,E-BAN-1,19,4,6,0,6.205143449606406,494.51135,0
TXN471,2025-02-17,10:57:00,BPCL,bangalore-pump-07,0,1,25.97,94.8,2461.96,1,1,Yes,1,E-BAN-4,10,0,2,0,7.809119157631374,2464.6675,0
TXN472,2025-05-30,08:02:00,HP,pune-pump-01,4,1,22.66,94.24,2135.48,0,1,Yes,5,E-PUN-4,8,4,5,0,7.666914893935654,2136.6367,0
TXN473,2025-04-23,08:16:00,IOCL,bangalore-pump-07,0,1,13.16,94.23,1240.07,2,0,No,3,E-BAN-5,8,2,4,0,7.123729189737935,1237.4447,0
TXN474,2025-05-15,06:52:00,IOCL,mumbai-pump-02,3,2,12.4,99.42,1232.81,1,0,No,5,E-MUM-5,6,3,5,0,7.117862221784028,1229.2963,0
TXN475,2024-11-07,11:50:00,HP,pune-pump-06,4,0,5.58,87.51,488.31,0,0,Yes,4,E-PUN-5,11,3,11,0,6.192996235445731,488.3736,0
TXN476,2024-09-27,05:52:00,IOCL,delhi-pump-04,2,2,10.93,98.97,1081.74,0,0,Yes,4,E-DEL-1,5,4,9,0,6.987250144309764,1050.979,0
TXN477,2024-08-15,23:17:00,BPCL,bangalore-pump-07,0,1,37.91,94.45,3580.6,0,1,No,4,E-BAN-4,23,3,8,0,8.183564906926756,3581.277,0
TXN478,2024-07-28,02:14:00,BPCL,delhi-pump-04,2,2,33.54,99.39,3333.54,2,1,No,1,E-DEL-5,2,6,7,0,8.112090017801881,3334.7935,0
TXN479,2025-08-16,21:21:00,BPCL,pune-pump-06,4,0,18.6,88.11,1638.85,0,1,No,5,E-PUN-4,21,5,8,0,7.402360053220577,1639.6633,0
TXN480,2025-11-14,10:08:00,IOCL,pune-pump-06,4,0,8.83,87.54,772.98,1,0,Yes,1,E-PUN-1,10,4,11,0,6.651546033462592,773.4208,0
TXN481,2024-10-11,10:02:00,HP,pune-pump-01,4,1,23.63,94.79,2239.89,0,1,Yes,5,E-PUN-2,10,4,10,0,7.7146283873664,2241.6353,0
TXN482,2025-01-15,08:19:00,HP,mumbai-pump-02,3,0,42.99,87.57,3764.63,1,1,No,5,E-MUM-1,8,2,1,0,8.23367045691307,3769.8616,0
TXN483,2024-09-15,20:40:00,BPCL,delhi-pump-04,2,1,38.56,94.64,3649.32,2,1,No,1,E-DEL-3,20,6,9,0,8.202570113966516,3650.3396,0
TXN484,2024-12-02,15:02:00,IOCL,pune-pump-06,4,2,43.68,99.66,4353.15,1,1,No,3,E-PUN-1,15,0,12,1,8.378884692280534,4342.0464,1
TXN485,2024-11-23,08:31:00,IOCL,chennai-pump-05,1,2,10.28,99.01,1017.82,0,0,No,1,E-CHE-4,8,5,11,0,6.926400373850976,1018.5707,0
TXN486,2024-02-23,13:03:00,IOCL,chennai-pump-03,1,1,39.03,94.36,3682.87,0,1,No,5,E-CHE-1,13,4,2,0,8.211719109021843,3709.9377,0
TXN487,2025-03-13,19:41:00,HP,bangalore-pump-07,0,2,24.32,99.32,2415.46,0,1,No,5,E-BAN-1,19,3,3,0,7.7900589382824235,2408.058,0
TXN488,2024-02-14,11:24:00,BPCL,chennai-pump-03,1,1,12.15,94.76,1151.33,0,0,No,3,E-CHE-4,11,2,2,0,7.049541258567815,1150.7249,0
TXN489,2025-06-12,21:36:00,IOCL,mumbai-pump-02,3,0,34.12,87.58,2988.23,2,1,Yes,5,E-MUM-2,21,3,6,0,8.00277110813584,2989.2944,0
TXN490,2025-01-05,04:14:00,IOCL,chennai-pump-03,1,1,29.35,94.96,2787.08,1,1,Yes,3,E-CHE-1,4,6,1,0,7.933108465873329,2789.036,0
TXN491,2025-05-08,00:26:00,BPCL,bangalore-pump-07,0,0,37.91,87.63,3322.05,2,1,Yes,5,E-BAN-2,0,3,5,0,8.108638314885994,3324.7463,0
TXN492,2025-07-24,03:22:00,HP,bangalore-pump-07,0,1,16.2,94.66,1533.49,0,1,Yes,3,E-BAN-2,3,3,7,0,7.335953357257846,1611.6798,0
TXN493,2025-10-01,17:09:00,IOCL,mumbai-pump-04,3,0,45.11,87.26,3936.3,2,1,Yes,1,E-MUM-4,17,2,10,0,8.278250488193054,3934.6,0
TXN494,2024-11-01,08:23:00,HP,mumbai-pump-04,3,2,25.13,99.08,2489.88,2,1,Yes,5,E-MUM-4,8,4,11,0,7.820391340677476,2482.7917,0
TXN495,2025-10-13,12:45:00,IOCL,delhi-pump-04,2,2,6.16,99.4,612.3,0,0,No,3,E-DEL-3,12,0,10,0,6.418854212631938,612.1301,0
TXN496,2025-02-17,08:49:00,IOCL,delhi-pump-04,2,1,19.44,94.34,1833.97,0,1,No,2,E-DEL-5,8,0,2,0,7.5147834115811865,1855.2902,0
TXN497,2024-04-27,03:35:00,IOCL,chennai-pump-05,1,1,31.82,94.92,3020.35,0,1,No,2,E-CHE-4,3,5,4,0,8.01345903035285,3010.6357,0
TXN498,2024-08-10,10:24:00,IOCL,bangalore-pump-07,0,0,8.5,87.61,744.68,1,0,No,3,E-BAN-3,10,5,8,0,6.614296553752902,757.46063,0
TXN499,2024-01-13,22:58:00,BPCL,chennai-pump-03,1,1,12.01,94.54,1135.43,1,0,No,3,E-CHE-3,22,5,1,0,7.035647048786808,1134.1733,0
TXN500,2025-09-17,05:16:00,BPCL,bangalore-pump-07,0,0,38.07,87.34,3325.03,2,1,Yes,3,E-BAN-3,5,2,9,0,8.10953467955585,3323.7822,0
TXN501,2025-03-28,10:36:00,BPCL,delhi-pump-04,2,0,9.22,87.66,808.23,0,0,Yes,1,E-DEL-4,10,4,3,0,6.69608317825937,806.41144,0
TXN502,2024-10-30,16:59:00,BPCL,delhi-pump-01,2,0,11.38,87.87,999.96,2,0,Yes,4,E-DEL-3,16,2,10,0,6.908714818476837,999.73566,0
TXN503,2024-10-27,15:24:00,BPCL,mumbai-pump-02,3,2,43.61,99.24,4327.86,1,1,No,4,E-MUM-2,15,6,10,1,8.37305950688669,4326.728,1
TXN504,2025-10-02,20:23:00,BPCL,pune-pump-06,4,1,23.58,94.69,2232.79,2,1,Yes,4,E-PUN-2,20,3,10,0,7.7114549734201905,2233.0432,0
TXN505,2025-05-05,23:06:00,IOCL,pune-pump-06,4,2,5.52,99.82,551.01,2,0,No,5,E-PUN-2,23,0,5,0,6.313566162055032,550.7916,0
TXN506,2024-05-25,05:06:00,HP,mumbai-pump-04,3,1,11.09,94.66,1049.78,2,0,Yes,3,E-MUM-4,5,5,5,0,6.957288024512628,1052.6361,0
TXN507,2024-03-18,11:24:00,BPCL,pune-pump-06,4,0,28.19,87.36,2462.68,1,1,Yes,2,E-PUN-1,11,0,3,0,7.809411446089685,2541.9854,0
TXN508,2025-05-22,03:53:00,HP,delhi-pump-04,2,1,46.21,94.75,4378.4,1,1,Yes,5,E-DEL-5,3,3,5,1,8.38466700768564,4376.41,1
TXN509,2025-08-16,09:17:00,BPCL,chennai-pump-03,1,2,5.0,99.25,496.25,0,0,Yes,4,E-CHE-2,9,5,8,0,6.209092917734082,496.54395,0
TXN510,2024-11-05,03:29:00,HP,delhi-pump-01,2,2,7.98,99.23,791.86,1,0,Yes,2,E-DEL-5,3,1,11,0,6.675646661282277,790.74634,0
TXN511,2024-02-04,23:48:00,BPCL,chennai-pump-03,1,1,30.47,95.18,2900.13,2,1,No,1,E-CHE-1,23,6,2,0,7.972855595251118,2900.693,0
TXN512,2024-07-20,01:00:00,HP,chennai-pump-03,1,1,42.66,94.71,4040.33,1,1,Yes,4,E-CHE-1,1,5,7,1,8.30432912469895,4040.5103,1
TXN513,2025-03-21,20:40:00,BPCL,delhi-pump-04,2,1,28.73,95.16,2733.95,2,1,Yes,4,E-DEL-5,20,4,3,0,7.913868433153323,2727.9653,0
TXN514,2025-06-19,00:44:00,IOCL,chennai-pump-03,1,1,18.68,95.07,1775.91,2,1,No,3,E-CHE-1,0,3,6,0,7.482631179713909,1732.69,0
TXN515,2025-04-04,09:12:00,BPCL,chennai-pump-05,1,2,30.95,99.1,3067.14,1,1,Yes,3,E-CHE-4,9,4,4,0,8.02882679377979,3058.5786,0
TXN516,2024-08-20,12:48:00,HP,mumbai-pump-02,3,2,23.59,99.42,2345.32,0,1,Yes,3,E-MUM-5,12,1,8,0,7.7606034222985025,2345.9846,0
TXN517,2024-01-18,02:34:00,BPCL,mumbai-pump-04,3,2,10.7,99.79,1067.75,0,0,No,4,E-MUM-3,2,3,1,0,6.97424502025097,1066.5684,0
TXN518,2024-02-08,20:06:00,HP,pune-pump-01,4,2,16.33,99.95,1632.18,1,1,Yes,5,E-PUN-3,20,3,2,0,7.398284313472815,1633.2053,0
TXN519,2025-08-15,13:55:00,IOCL,mumbai-pump-02,3,0,9.77,87.72,857.02,0,0,No,1,E-MUM-5,13,4,8,0,6.754627409239598,855.64624,0
TXN520,2024-04-02,09:36:00,BPCL,bangalore-pump-07,0,1,16.97,94.93,1610.96,2,1,Yes,5,E-BAN-3,9,1,4,0,7.385206108862922,1610.6704,0
TXN521,2025-12-15,16:13:00,IOCL,pune-pump-06,4,1,19.53,94.78,1851.05,1,1,Yes,1,E-PUN-3,16,0,12,0,7.5240484126818625,1847.9994,0
TXN522,2025-10-29,10:04:00,IOCL,pune-pump-06,4,0,12.55,87.47,1097.75,2,0,No,4,E-PUN-1,10,2,10,0,7.0019284489993865,1098.6036,0
TXN523,2024-04-30,03:39:00,BPCL,chennai-pump-03,1,1,47.63,94.85,4517.71,0,1,No,5,E-CHE-5,3,1,4,1,8.415981833862363,4455.813,1
TXN524,2024-11-30,01:48:00,HP,mumbai-pump-04,3,2,7.02,99.45,698.14,2,0,Yes,5,E-MUM-2,1,5,11,0,6.549851008302255,697.854,0
TXN525,2024-10-15,06:03:00,HP,pune-pump-06,4,1,14.06,94.39,1327.12,1,0,Yes,1,E-PUN-3,6,1,10,0,7.191519687399813,1321.3702,0
TXN526,2024-03-27,23:15:00,BPCL,mumbai-pump-04,3,2,12.91,99.48,1284.29,1,0,No,2,E-MUM-2,23,2,3,0,7.158739652801061,1283.9957,0
TXN527,2024-12-20,09:38:00,HP,pune-pump-06,4,2,21.56,99.06,2135.73,1,1,No,3,E-PUN-1,9,4,12,0,7.667031901992962,2134.6104,0
TXN528,2025-08-24,03:21:00,HP,bangalore-pump-07,0,1,30.81,94.64,2915.86,1,1,Yes,2,E-BAN-1,3,6,8,0,7.978262974201035,2923.5432,0
TXN529,2024-04-17,21:21:00,IOCL,delhi-pump-01,2,2,37.45,99.63,3731.14,0,1,Yes,1,E-DEL-5,21,2,4,0,8.224737074661267,3694.9238,0
TXN530,2025-09-25,20:22:00,HP,mumbai-pump-02,3,1,6.63,94.54,626.8,1,0,No,1,E-MUM-4,20,3,9,0,6.442221644407853,622.25195,0
TXN531,2024-04-03,05:57:00,IOCL,mumbai-pump-04,3,1,6.02,95.08,572.38,1,0,No,3,E-MUM-2,5,2,4,0,6.351548673175804,571.98834,0
TXN532,2024-12-18,09:48:00,HP,delhi-pump-01,2,0,10.52,87.78,923.45,0,0,No,4,E-DEL-4,9,2,12,0,6.829198966076362,937.5405,0
TXN533,2024-03-29,18:14:00,BPCL,mumbai-pump-02,3,1,12.73,94.68,1205.28,0,0,No,4,E-MUM-2,18,4,3,0,7.095296522810252,1207.089,0
TXN534,2024-09-30,13:53:00,IOCL,pune-pump-01,4,1,35.49,94.84,3365.87,2,1,Yes,2,E-PUN-2,13,0,9,0,8.121738808377078,3365.3486,0
TXN535,2024-01-10,05:38:00,IOCL,delhi-pump-04,2,0,28.73,87.17,2504.39,0,1,Yes,1,E-DEL-4,5,2,1,0,7.826199690023504,2502.3643,0
TXN536,2025-05-19,18:43:00,BPCL,mumbai-pump-04,3,1,34.78,94.75,3295.41,2,1,Yes,2,E-MUM-1,18,0,5,0,8.100589276497052,3298.991,0
TXN537,2024-04-12,01:20:00,HP,mumbai-pump-04,3,2,43.99,99.66,4384.04,0,1,Yes,2,E-MUM-4,1,4,4,1,8.38595402677152,4398.0293,1
TXN538,2024-09-27,09:01:00,BPCL,delhi-pump-04,2,1,39.63,94.37,3739.88,1,1,Yes,4,E-DEL-4,9,4,9,0,8.227076156848906,3742.3403,0
TXN539,2025-06-01,07:02:00,HP,delhi-pump-01,2,0,6.78,87.99,596.57,1,0,No,3,E-DEL-2,7,6,6,0,6.392871431755292,596.7464,0
TXN540,2025-10-18,13:52:00,IOCL,mumbai-pump-04,3,0,27.72,87.8,2433.82,0,1,Yes,5,E-MUM-3,13,5,10,0,7.797628110813074,2428.7952,0
TXN541,2025-08-20,23:31:00,HP,pune-pump-06,4,1,9.32,94.33,879.16,1,0,No,1,E-PUN-2,23,2,8,0,6.780103709127148,878.373,0
TXN542,2024-05-24,05:48:00,BPCL,delhi-pump-04,2,2,6.79,99.64,676.56,0,0,No,2,E-DEL-5,5,4,5,0,6.518498109718181,677.1181,0
TXN543,2024-01-03,09:33:00,HP,chennai-pump-05,1,1,47.54,94.7,4502.04,1,1,Yes,2,E-CHE-5,9,2,1,1,8.412508003229028,4502.641,1
TXN544,2025-07-02,04:06:00,BPCL,mumbai-pump-04,3,2,12.42,99.0,1229.58,0,0,Yes,1,E-MUM-5,4,2,7,0,7.115240881939639,1225.6106,0
TXN545,2024-10-13,06:10:00,IOCL,mumbai-pump-02,3,1,49.84,95.08,4738.79,1,1,Yes,2,E-MUM-2,6,6,10,1,8.463748109910211,4734.068,1
TXN546,2025-04-17,18:57:00,IOCL,mumbai-pump-04,3,1,12.86,94.42,1214.24,1,0,Yes,3,E-MUM-5,18,3,4,0,7.102696867132194,1216.9318,0
TXN547,2025-09-29,16:05:00,HP,chennai-pump-05,1,1,41.06,94.42,3876.89,2,1,No,2,E-CHE-5,16,0,9,0,8.26304647026363,3886.4387,0
TXN548,2024-07-05,23:48:00,HP,pune-pump-06,4,2,7.79,99.57,775.65,0,0,Yes,4,E-PUN-2,23,4,7,0,6.654989798433916,788.2461,0
TXN549,2025-04-09,08:38:00,HP,pune-pump-01,4,2,18.01,99.89,1799.02,1,1,Yes,1,E-PUN-5,8,2,4,0,7.495553054933639,1797.8375,0
TXN550,2024-07-02,02:46:00,BPCL,chennai-pump-05,1,0,16.41,87.22,1431.28,1,1,No,5,E-CHE-5,2,1,7,0,7.267022859133207,1431.2202,0
TXN551,2025-09-08,21:32:00,BPCL,delhi-pump-01,2,0,31.86,87.17,2777.24,2,1,No,1,E-DEL-2,21,0,9,0,7.929572912671174,2776.684,0
TXN552,2025-07-12,20:10:00,BPCL,pune-pump-01,4,2,34.9,99.18,3461.38,1,1,No,5,E-PUN-4,20,5,7,0,8.149711492855314,3478.1123,0
TXN553,2024-09-06,01:34:00,HP,bangalore-pump-07,0,1,32.31,95.09,3072.36,1,1,No,5,E-BAN-3,1,4,9,0,8.030526704634475,3122.7788,0
TXN554,2024-01-23,17:15:00,IOCL,mumbai-pump-04,3,2,33.95,99.32,3371.91,1,1,Yes,5,E-MUM-5,17,1,1,0,8.12353115222716,3370.5278,0
TXN555,2024-10-18,17:06:00,HP,chennai-pump-05,1,1,9.7,94.97,921.21,2,0,Yes,3,E-CHE-5,17,4,10,0,6.8267729633486,921.5049,0
TXN556,2024-10-11,05:51:00,BPCL,chennai-pump-03,1,2,5.22,99.85,521.22,1,0,Yes,1,E-CHE-5,5,4,10,0,6.2580889550337275,521.09357,0
TXN557,2024-08-11,15:38:00,IOCL,chennai-pump-05,1,0,16.89,87.43,1476.69,0,1,No,3,E-CHE-3,15,6,8,0,7.298235336613224,1475.3547,0
TXN558,2024-01-25,18:14:00,IOCL,chennai-pump-05,1,0,27.38,87.21,2387.81,2,1,No,2,E-CHE-2,18,3,1,0,7.778550612978441,2435.9,0
TXN559,2025-05-03,09:14:00,BPCL,pune-pump-01,4,0,5.28,87.72,463.16,0,0,Yes,5,E-PUN-4,9,5,5,0,6.140229320373094,463.48145,0
TXN560,2024-09-15,05:55:00,IOCL,pune-pump-06,4,0,15.96,87.26,1392.67,2,1,No,4,E-PUN-4,5,6,9,0,7.2396958344578985,1393.3988,0
TXN561,2024-07-30,00:41:00,BPCL,pune-pump-01,4,0,17.51,87.55,1533.0,2,1,No,2,E-PUN-3,0,1,7,0,7.335633981927201,1532.8972,0
TXN562,2025-03-09,19:58:00,IOCL,mumbai-pump-04,3,1,14.34,94.67,1357.57,0,0,No,1,E-MUM-4,19,6,3,0,7.214187954958859,1356.2318,0
TXN563,2025-09-08,23:42:00,BPCL,delhi-pump-04,2,2,5.66,99.6,563.74,1,0,No,2,E-DEL-3,23,0,9,0,6.336365448241365,563.9761,0
TXN564,2025-06-21,13:20:00,IOCL,mumbai-pump-02,3,2,11.86,99.52,1180.31,1,0,Yes,2,E-MUM-2,13,5,6,0,7.074379271168793,1182.315,0
TXN565,2025-03-30,23:39:00,IOCL,mumbai-pump-02,3,1,41.38,94.45,3908.34,1,1,Yes,4,E-MUM-2,23,6,3,0,8.27112384077747,3907.5908,0
TXN566,2024-12-14,19:27:00,HP,delhi-pump-01,2,1,7.74,94.41,730.73,1,0,Yes,1,E-DEL-4,19,5,12,0,6.595411593459494,729.4061,0
TXN567,2025-06-07,04:59:00,HP,mumbai-pump-04,3,1,20.51,94.94,1947.22,0,1,No,2,E-MUM-2,4,5,6,0,7.574671414170621,1949.7054,0
TXN568,2025-06-09,01:17:00,HP,delhi-pump-01,2,0,41.44,87.36,3620.2,2,1,Yes,4,E-DEL-5,1,0,6,0,8.194560741601284,3621.5999,0
TXN569,2024-07-26,12:19:00,BPCL,chennai-pump-03,1,1,32.64,94.57,3086.76,1,1,Yes,5,E-CHE-5,12,4,7,0,8.03520118791704,3072.757,0
TXN570,2024-08-01,03:13:00,BPCL,mumbai-pump-02,3,2,6.4,99.9,639.36,2,0,No,4,E-MUM-3,3,3,8,0,6.462030518209894,639.7494,0
TXN571,2024-12-05,22:56:00,IOCL,mumbai-pump-04,3,2,11.67,99.72,1163.73,0,0,Yes,2,E-MUM-4,22,3,12,0,7.060244579482729,1153.1339,0
TXN572,2025-05-30,16:45:00,BPCL,mumbai-pump-02,3,0,16.8,87.69,1473.19,0,1,Yes,4,E-MUM-2,16,4,5,0,7.295863965392065,1472.621,0
TXN573,2025-04-02,20:55:00,HP,pune-pump-06,4,1,38.07,94.54,3599.14,1,1,Yes,5,E-PUN-2,20,2,4,0,8.188728012576936,3596.9204,0
TXN574,2024-03-16,04:37:00,HP,chennai-pump-05,1,1,13.08,94.76,1239.46,1,0,Yes,1,E-CHE-2,4,5,3,0,7.123237557549498,1243.5867,0
TXN575,2025-06-11,05:07:00,HP,pune-pump-01,4,2,5.2,99.45,517.14,1,0,Yes,4,E-PUN-3,5,2,6,0,6.2502454760133235,517.3419,0
TXN576,2024-01-20,18:24:00,HP,mumbai-pump-02,3,2,9.62,99.59,958.06,2,0,No,3,E-MUM-3,18,5,1,0,6.8659536380983734,958.3461,0
TXN577,2024-04-23,22:24:00,BPCL,bangalore-pump-07,0,1,23.76,94.49,2245.08,0,1,No,1,E-BAN-3,22,1,4,0,7.716941753542057,2251.13,0
TXN578,2025-12-02,10:56:00,BPCL,delhi-pump-01,2,1,9.22,95.17,877.47,0,0,No,3,E-DEL-2,10,1,12,0,6.778181757926243,876.45795,0
TXN579,2025-11-18,19:44:00,BPCL,bangalore-pump-07,0,2,30.03,99.76,2995.79,0,1,No,1,E-BAN-1,19,1,11,0,8.005296994791571,2995.9548,0
TXN580,2024-08-27,00:20:00,HP,chennai-pump-05,1,0,5.77,87.15,502.86,2,0,Yes,4,E-CHE-1,0,1,8,0,6.222298451706198,503.00522,0
TXN581,2025-12-07,03:14:00,IOCL,bangalore-pump-07,0,1,39.95,94.75,3785.26,2,1,Yes,5,E-BAN-5,3,6,12,0,8.239134003473648,3786.0647,0
TXN582,2025-12-01,06:56:00,HP,chennai-pump-03,1,0,8.9,87.96,782.84,1,0,No,2,E-CHE-4,6,0,12,0,6.664204917890265,783.2921,0
TXN583,2025-10-25,21:12:00,BPCL,delhi-pump-01,2,1,22.23,94.61,2103.18,1,1,No,5,E-DEL-1,21,5,10,0,7.6516811215290925,2114.2476,0
TXN584,2024-06-04,09:25:00,IOCL,delhi-pump-01,2,1,9.8,95.1,931.98,1,0,No,1,E-DEL-2,9,1,6,0,6.83838376439036,928.1578,0
TXN585,2025-02-19,20:26:00,BPCL,chennai-pump-03,1,0,30.3,87.7,2657.31,0,1,Yes,1,E-CHE-4,20,2,2,0,7.8854458615169465,2659.8557,0
TXN586,2025-01-22,21:01:00,IOCL,pune-pump-01,4,1,12.61,94.41,1190.51,1,0,Yes,3,E-PUN-3,21,2,1,0,7.082976689285785,1188.2539,0
TXN587,2025-04-05,05:11:00,BPCL,pune-pump-01,4,0,5.58,87.27,486.97,2,0,Yes,2,E-PUN-3,5,5,4,0,6.190253928553621,486.992,0
TXN588,2024-06-19,16:56:00,HP,mumbai-pump-02,3,1,45.13,94.59,4268.85,2,1,Yes,4,E-MUM-1,16,2,6,1,8.359333976800018,4251.084,1
TXN589,2025-03-19,12:42:00,IOCL,pune-pump-06,4,2,27.72,99.46,2757.03,0,1,Yes,2,E-PUN-3,12,2,3,0,7.922271935741514,2751.8237,0
TXN590,2025-08-08,11:56:00,IOCL,chennai-pump-03,1,1,14.06,95.14,1337.67,1,0,No,2,E-CHE-5,11,4,8,0,7.199431862740196,1340.3512,0
TXN591,2024-08-30,18:15:00,HP,pune-pump-01,4,0,28.5,87.77,2501.44,1,1,Yes,3,E-PUN-5,18,4,8,0,7.82502153487797,2506.0005,0
TXN592,2025-08-23,12:36:00,BPCL,chennai-pump-03,1,2,9.98,99.61,994.11,0,0,Yes,4,E-CHE-2,12,5,8,0,6.902853283811905,993.88245,0
TXN593,2024-01-03,02:16:00,IOCL,bangalore-pump-07,0,2,11.0,98.96,1088.56,0,0,Yes,3,E-BAN-1,2,2,1,0,6.993529224001863,1089.1722,0
TXN594,2025-06-18,09:44:00,BPCL,chennai-pump-03,1,1,28.26,94.41,2668.03,0,1,Yes,3,E-CHE-5,9,2,6,0,7.88947038950621,2723.255,0
TXN595,2024-01-06,09:48:00,BPCL,chennai-pump-05,1,2,8.5,99.29,843.97,1,0,Yes,4,E-CHE-2,9,5,1,0,6.739301123768349,844.5408,0
TXN596,2025-09-20,03:57:00,IOCL,delhi-pump-04,2,0,13.99,87.52,1224.4,2,0,No,4,E-DEL-2,3,5,9,0,7.111022600291554,1224.401,0
TXN597,2024-06-11,04:19:00,HP,delhi-pump-04,2,0,11.44,87.55,1001.57,2,0,Yes,3,E-DEL-2,4,1,6,0,6.910321982179451,1000.44025,0
TXN598,2024-12-24,20:12:00,HP,delhi-pump-01,2,2,28.07,99.13,2782.58,2,1,Yes,4,E-DEL-1,20,1,12,0,7.9314931480045185,2781.6196,0
TXN599,2024-11-15,19:55:00,HP,pune-pump-01,4,1,15.67,94.98,1488.34,2,1,Yes,5,E-PUN-4,19,4,11,0,7.306088347786702,1490.6692,0
TXN600,2024-08-01,09:41:00,HP,mumbai-pump-04,3,2,8.43,99.68,840.3,0,0,No,3,E-MUM-5,9,3,8,0,6.7349483145567675,837.95953,0
TXN601,2024-06-22,15:26:00,BPCL,pune-pump-01,4,1,12.13,94.45,1145.68,0,0,No,4,E-PUN-5,15,5,6,0,7.044626089538707,1149.2283,0
TXN602,2025-05-12,21:09:00,BPCL,bangalore-pump-07,0,0,31.22,88.02,2747.98,2,1,Yes,4,E-BAN-3,21,0,5,0,7.918985212765917,2746.2546,0
TXN603,2024-08-31,05:24:00,BPCL,chennai-pump-03,1,1,37.14,94.68,3516.42,2,1,No,4,E-CHE-5,5,5,8,0,8.16548304530418,3501.1116,0
TXN604,2025-10-13,18:32:00,HP,pune-pump-06,4,0,15.11,88.06,1330.59,1,1,No,2,E-PUN-4,18,0,10,0,7.19412899590998,1367.3099,0
TXN605,2024-05-01,00:55:00,BPCL,delhi-pump-01,2,1,35.89,94.36,3386.58,2,1,Yes,2,E-DEL-3,0,2,5,0,8.12787108114526,3377.3318,0
TXN606,2024-07-08,18:08:00,IOCL,pune-pump-01,4,2,8.21,99.43,816.32,0,0,Yes,3,E-PUN-2,18,0,7,0,6.706030695041227,815.8086,0
TXN607,2024-01-12,06:26:00,BPCL,mumbai-pump-02,3,0,45.59,87.76,4000.98,1,1,Yes,5,E-MUM-1,6,4,1,1,8.294544517629943,3999.6433,1
TXN608,2025-04-27,19:48:00,HP,bangalore-pump-07,0,1,43.62,94.54,4123.83,2,1,No,3,E-BAN-2,19,6,4,1,8.324780085798327,4131.1353,1
TXN609,2024-12-04,10:17:00,BPCL,pune-pump-01,4,0,6.54,87.69,573.49,2,0,No,5,E-PUN-5,10,2,12,0,6.353482690696934,573.5659,0
TXN610,2025-02-28,03:32:00,HP,delhi-pump-01,2,1,12.63,94.48,1193.28,2,0,Yes,4,E-DEL-1,3,4,2,0,7.085298772322992,1193.38,0
TXN611,2025-05-22,13:20:00,HP,chennai-pump-03,1,0,29.62,88.01,2606.86,1,1,Yes,2,E-CHE-5,13,3,5,0,7.866285240624073,2615.9912,0
TXN612,2024-12-09,01:08:00,IOCL,mumbai-pump-04,3,2,11.01,99.79,1098.69,0,0,No,4,E-MUM-3,1,0,12,0,7.0027836008864375,1101.2174,0
TXN613,2024-07-20,11:48:00,HP,delhi-pump-01,2,2,5.19,99.78,517.86,2,0,No,1,E-DEL-3,11,5,7,0,6.251634097258639,517.816,0
TXN614,2025-06-22,02:34:00,IOCL,pune-pump-01,4,0,6.14,87.29,535.96,2,0,Yes,2,E-PUN-1,2,6,6,0,6.2859236038387865,535.8929,0
TXN615,2025-08-21,06:27:00,HP,pune-pump-01,4,0,12.53,87.74,1099.38,1,0,Yes,3,E-PUN-4,6,3,8,0,7.003410853676233,1092.8531,0
TXN616,2024-02-04,18:15:00,HP,pune-pump-01,4,2,38.62,99.43,3839.99,1,1,No,4,E-PUN-1,18,6,2,0,8.25348542485384,3845.1704,0
TXN617,2025-12-29,09:00:00,IOCL,delhi-pump-04,2,1,41.73,94.84,3957.67,0,1,No,3,E-DEL-1,9,0,12,0,8.283663389249542,3984.6619,0
TXN618,2024-08-29,09:54:00,HP,bangalore-pump-07,0,0,7.47,87.82,656.02,2,0,No,4,E-BAN-3,9,3,8,0,6.487714459421585,661.8705,0
TXN619,2025-02-04,20:01:00,HP,pune-pump-06,4,2,7.86,98.99,778.06,1,0,No,3,E-PUN-1,20,1,2,0,6.658088064727569,778.86554,0
TXN620,2024-12-11,19:45:00,BPCL,mumbai-pump-02,3,2,29.33,99.28,2911.88,2,1,No,2,E-MUM-3,19,2,12,0,7.976897561466216,2915.6526,0
TXN621,2025-10-13,15:18:00,HP,mumbai-pump-04,3,2,14.67,99.58,1460.84,2,0,Yes,1,E-MUM-4,15,0,10,0,7.287451195196339,1459.9412,0
TXN622,2024-11-03,07:32:00,HP,pune-pump-06,4,1,39.54,94.22,3725.46,2,1,No,4,E-PUN-5,7,6,11,0,8.223214000331495,3721.3083,0
TXN623,2024-10-15,09:18:00,IOCL,pune-pump-06,4,2,38.4,99.55,3822.72,2,1,Yes,4,E-PUN-3,9,1,10,0,8.248979049733126,3707.2385,0
TXN624,2024-12-15,02:52:00,BPCL,bangalore-pump-07,0,0,13.24,88.04,1165.65,1,0,Yes,3,E-BAN-1,2,6,12,0,7.061891672993068,1166.0388,0
TXN625,2024-03-15,11:16:00,BPCL,mumbai-pump-04,3,1,26.97,94.28,2542.73,2,1,No,3,E-MUM-5,11,4,3,0,7.841386786752134,2533.1006,0
TXN626,2025-10-21,13:42:00,IOCL,bangalore-pump-07,0,1,6.44,94.4,607.94,0,0,Yes,5,E-BAN-5,13,1,10,0,6.411719740688782,608.6312,0
TXN627,2025-08-25,12:59:00,BPCL,delhi-pump-04,2,0,9.18,87.67,804.81,1,0,Yes,2,E-DEL-1,12,0,8,0,6.691847982707545,804.72107,0
TXN628,2024-04-26,02:25:00,IOCL,pune-pump-06,4,1,37.46,95.0,3558.7,2,1,Yes,5,E-PUN-3,2,4,4,0,8.177431550632267,3561.8843,0
TXN629,2024-07-25,12:01:00,IOCL,chennai-pump-03,1,0,7.39,87.6,647.36,2,0,No,3,E-CHE-4,12,3,7,0,6.474446097643975,647.79065,0
TXN630,2024-05-11,10:40:00,IOCL,chennai-pump-03,1,2,47.0,99.29,4666.63,0,1,Yes,3,E-CHE-2,10,5,5,1,8.448406727197268,4577.9937,1
TXN631,2024-11-12,06:28:00,IOCL,pune-pump-01,4,0,38.85,88.12,3423.46,0,1,No,1,E-PUN-5,6,1,11,0,8.138699074032438,3425.1667,0
TXN632,2025-07-29,01:08:00,IOCL,bangalore-pump-07,0,2,8.55,99.14,847.65,1,0,Yes,4,E-BAN-3,1,1,7,0,6.74364685160754,847.9614,0
TXN633,2024-04-19,13:21:00,IOCL,pune-pump-06,4,1,21.21,95.08,2016.65,0,1,Yes,5,E-PUN-5,13,4,4,0,7.6096887468227,2016.3066,0
TXN634,2025-11-05,02:32:00,BPCL,chennai-pump-03,1,0,10.89,87.74,955.49,2,0,No,5,E-CHE-5,2,2,11,0,6.863270334042593,955.45575,0
TXN635,2024-08-06,13:52:00,HP,bangalore-pump-07,0,0,6.16,87.51,539.06,2,0,No,2,E-BAN-2,13,1,8,0,6.291680244497049,538.85535,0
TXN636,2025-10-29,06:33:00,IOCL,mumbai-pump-04,3,2,25.26,99.27,2507.56,2,1,Yes,3,E-MUM-3,6,2,10,0,7.827464162314761,2503.157,0
TXN637,2024-09-03,12:20:00,IOCL,chennai-pump-03,1,0,10.14,87.74,889.68,2,0,Yes,1,E-CHE-1,12,1,9,0,6.791985215936257,895.3537,0
TXN638,2024-07-25,20:50:00,IOCL,pune-pump-06,4,1,14.13,94.85,1340.23,0,0,No,3,E-PUN-4,20,3,7,0,7.201342382370544,1340.3243,0
TXN639,2025-11-13,04:09:00,IOCL,mumbai-pump-02,3,2,11.81,99.44,1174.39,2,0,Yes,2,E-MUM-5,4,3,11,0,7.069355286400314,1176.0437,0
TXN640,2024-12-01,16:09:00,IOCL,mumbai-pump-02,3,1,22.6,95.1,2149.26,2,1,No,3,E-MUM-2,16,6,12,0,7.673344044042795,2156.2068,0
TXN641,2024-05-04,01:18:00,IOCL,mumbai-pump-02,3,0,40.04,87.98,3522.72,2,1,No,1,E-MUM-4,1,5,5,0,8.167272528734756,3526.321,0
TXN642,2024-02-07,11:13:00,IOCL,pune-pump-06,4,2,5.13,98.95,507.61,0,0,No,1,E-PUN-1,11,2,2,0,6.231681514611481,507.2196,0
TXN643,2025-11-12,02:29:00,IOCL,bangalore-pump-07,0,2,14.01,99.55,1394.7,1,0,Yes,4,E-BAN-2,2,2,11,0,7.241151360514599,1395.9177,0
TXN644,2025-07-15,02:37:00,BPCL,mumbai-pump-02,3,1,8.75,94.91,830.46,1,0,Yes,4,E-MUM-2,2,1,7,0,6.723183191643027,830.301,0
TXN645,2025-04-04,22:32:00,HP,chennai-pump-03,1,2,9.49,99.72,946.34,0,0,Yes,3,E-CHE-4,22,4,4,0,6.853658057261852,947.1879,0
TXN646,2024-09-19,06:06:00,IOCL,mumbai-pump-04,3,0,30.65,87.66,2686.78,0,1,Yes,5,E-MUM-1,6,3,9,0,7.89647085305544,2684.943,0
TXN647,2025-04-24,10:41:00,IOCL,delhi-pump-01,2,2,22.39,99.94,2237.66,2,1,Yes,1,E-DEL-1,10,3,4,0,7.713632751561814,2232.6758,0
TXN648,2025-03-26,03:04:00,BPCL,mumbai-pump-04,3,2,6.17,99.4,613.3,2,0,Yes,4,E-MUM-2,3,2,3,0,6.420483408169882,613.6283,0
TXN649,2024-01-05,10:23:00,IOCL,chennai-pump-03,1,2,6.78,99.36,673.66,1,0,Yes,2,E-CHE-4,10,4,1,0,6.5142088602675,673.15283,0
TXN650,2025-07-23,21:38:00,BPCL,chennai-pump-05,1,2,9.74,99.87,972.73,0,0,No,1,E-CHE-2,21,2,7,0,6.881134057821267,988.18756,0
TXN651,2025-02-05,07:53:00,BPCL,pune-pump-01,4,2,7.76,99.79,774.37,2,0,No,1,E-PUN-1,7,2,2,0,6.653340334779825,771.08167,0
TXN652,2024-07-19,13:52:00,IOCL,chennai-pump-05,1,1,39.39,94.45,3720.39,2,1,No,2,E-CHE-4,13,4,7,0,8.221852533389185,3723.7585,0
TXN653,2024-04-30,18:56:00,BPCL,mumbai-pump-04,3,1,11.42,95.06,1085.59,0,0,Yes,5,E-MUM-3,18,1,4,0,6.990799631056484,1084.7632,0
TXN654,2024-10-18,14:48:00,BPCL,delhi-pump-04,2,2,37.87,99.7,3775.64,0,1,Yes,5,E-DEL-3,14,4,10,0,8.236590004428749,3740.363,0
TXN655,2024-02-07,01:00:00,HP,mumbai-pump-02,3,0,10.11,87.84,888.06,0,0,Yes,3,E-MUM-1,1,2,2,0,6.790164724800006,888.1348,0
TXN656,2024-09-11,20:02:00,BPCL,chennai-pump-05,1,2,32.61,99.01,3228.72,0,1,No,2,E-CHE-4,20,2,9,0,8.080150725152638,3229.4773,0
TXN657,2024-01-20,06:58:00,HP,bangalore-pump-07,0,1,9.42,94.25,887.84,0,0,Yes,5,E-BAN-1,6,5,1,0,6.789917241813198,933.61273,0
TXN658,2024-07-02,01:41:00,HP,bangalore-pump-07,0,0,32.95,87.29,2876.21,1,1,No,2,E-BAN-2,1,1,7,0,7.96457635358844,2878.057,0
TXN659,2025-01-21,16:24:00,IOCL,bangalore-pump-07,0,2,13.88,99.57,1382.03,1,0,Yes,1,E-BAN-5,16,1,1,0,7.232032023403461,1381.2201,0
TXN660,2024-03-15,14:03:00,IOCL,mumbai-pump-02,3,1,23.3,94.27,2196.49,2,1,Yes,2,E-MUM-1,14,4,3,0,7.695071078923267,2196.6108,0
TXN661,2025-04-20,03:13:00,IOCL,chennai-pump-03,1,0,11.34,87.66,994.06,0,0,Yes,1,E-CHE-3,3,6,4,0,6.902803036848067,994.01105,0
TXN662,2025-10-08,02:18:00,IOCL,pune-pump-01,4,0,30.68,87.96,2698.61,0,1,No,3,E-PUN-3,2,2,10,0,7.900862597114872,2698.5266,0
TXN663,2024-09-10,03:39:00,HP,bangalore-pump-07,0,0,39.07,87.84,3431.91,0,1,Yes,4,E-BAN-3,3,1,9,0,8.141163576976554,3286.6492,0
TXN664,2025-02-04,10:12:00,HP,chennai-pump-05,1,2,44.3,99.2,4394.56,0,1,Yes,3,E-CHE-4,10,1,2,1,8.388350219522264,4407.445,1
TXN665,2024-10-13,07:15:00,BPCL,pune-pump-06,4,1,8.14,94.31,767.68,2,0,No,3,E-PUN-3,7,6,10,0,6.644674758064227,767.3231,0
TXN666,2024-11-19,20:35:00,BPCL,mumbai-pump-04,3,1,37.4,94.34,3528.32,1,1,No,2,E-MUM-1,20,1,11,0,8.168860496810016,3535.277,0
TXN667,2025-08-30,13:13:00,HP,mumbai-pump-04,3,2,5.84,99.34,580.15,0,0,Yes,2,E-MUM-3,13,5,8,0,6.365008899089717,579.03345,0
TXN668,2024-06-25,10:50:00,HP,mumbai-pump-04,3,1,46.18,95.09,4391.26,0,1,Yes,2,E-MUM-4,10,1,6,1,8.387599179980008,4395.542,1
TXN669,2025-11-26,01:22:00,IOCL,mumbai-pump-02,3,1,11.03,94.72,1044.76,2,0,No,2,E-MUM-3,1,2,11,0,6.952499172791529,1043.2305,0
TXN670,2024-03-04,23:26:00,BPCL,mumbai-pump-02,3,0,35.88,87.89,3153.49,2,1,Yes,3,E-MUM-3,23,0,3,0,8.056582113731343,3157.6062,0
TXN671,2024-02-21,06:24:00,IOCL,mumbai-pump-02,3,1,12.01,94.51,1135.07,0,0,Yes,5,E-MUM-1,6,2,2,0,7.03533021710099,1139.0935,0
TXN672,2024-04-18,09:25:00,BPCL,bangalore-pump-07,0,0,12.2,87.96,1073.11,2,0,No,1,E-BAN-3,9,3,4,0,6.979247690680763,1070.8658,0
TXN673,2024-01-05,07:42:00,BPCL,delhi-pump-04,2,1,49.61,94.36,4681.2,0,1,No,2,E-DEL-2,7,4,1,1,8.451523363926217,4682.551,1
TXN674,2025-06-26,13:13:00,HP,chennai-pump-03,1,1,29.31,94.4,2766.86,1,1,Yes,3,E-CHE-5,13,3,6,0,7.925829737423766,2763.3599,0
TXN675,2025-03-31,04:59:00,HP,chennai-pump-05,1,1,26.62,95.0,2528.9,1,1,Yes,4,E-CHE-5,4,0,3,0,7.835935055248705,2532.4167,0
TXN676,2025-06-07,20:28:00,BPCL,chennai-pump-05,1,1,19.65,95.01,1866.95,2,1,No,1,E-CHE-1,20,5,6,0,7.532596851835267,1920.394,0
TXN677,2025-10-27,15:37:00,HP,chennai-pump-05,1,1,45.8,94.98,4350.08,0,1,Yes,3,E-CHE-3,15,0,10,1,8.378179369129446,4352.2476,1
TXN678,2025-10-03,12:15:00,IOCL,mumbai-pump-02,3,1,10.19,94.28,960.71,2,0,Yes,5,E-MUM-4,12,4,10,0,6.868712949917468,954.6133,0
TXN679,2024-09-10,10:18:00,IOCL,mumbai-pump-04,3,0,36.06,88.08,3176.16,0,1,Yes,3,E-MUM-1,10,1,9,0,8.063742994978101,3179.5027,0
TXN680,2024-06-23,01:32:00,HP,mumbai-pump-04,3,1,23.56,94.23,2220.06,1,1,No,3,E-MUM-5,1,6,6,0,7.7057398383877045,2218.7517,0
TXN681,2024-07-19,04:23:00,HP,mumbai-pump-04,3,2,19.42,99.14,1925.3,2,1,No,1,E-MUM-4,4,4,7,0,7.563356343468112,1924.4296,0
TXN682,2024-08-18,21:24:00,BPCL,pune-pump-01,4,0,30.06,87.49,2629.95,2,1,Yes,3,E-PUN-1,21,6,8,0,7.875100276678791,2625.9731,0
TXN683,2024-04-10,03:23:00,IOCL,mumbai-pump-04,3,1,5.63,94.67,532.99,0,0,Yes,1,E-MUM-3,3,2,4,0,6.28037711219309,533.42725,0
TXN684,2024-02-03,21:57:00,HP,delhi-pump-01,2,2,32.18,99.64,3206.42,1,1,Yes,2,E-DEL-1,21,5,2,0,8.073222154635488,3208.1978,0
TXN685,2025-04-25,08:20:00,BPCL,pune-pump-01,4,2,16.39,99.92,1637.69,2,1,No,1,E-PUN-3,8,4,4,0,7.401652421135316,1638.3502,0
TXN686,2024-03-12,18:03:00,HP,delhi-pump-01,2,0,15.81,87.23,1379.11,2,1,Yes,1,E-DEL-5,18,1,3,0,7.229918485119493,1381.4719,0
TXN687,2024-04-02,10:56:00,BPCL,mumbai-pump-02,3,2,22.86,99.07,2264.74,2,1,No,5,E-MUM-2,10,1,4,0,7.725656695375554,2270.3516,0
TXN688,2024-03-27,10:55:00,BPCL,chennai-pump-05,1,1,7.93,94.82,751.92,2,0,Yes,4,E-CHE-3,10,2,3,0,6.623958980455977,753.3464,0
TXN689,2025-10-19,21:30:00,BPCL,mumbai-pump-02,3,2,19.56,99.3,1942.31,1,1,No,1,E-MUM-5,21,6,10,0,7.572147983743282,1945.6643,0
TXN690,2024-05-21,02:43:00,HP,chennai-pump-05,1,1,16.04,94.87,1521.71,1,1,No,4,E-CHE-1,2,1,5,0,7.328246921106924,1584.6113,0
TXN691,2024-06-18,11:37:00,HP,delhi-pump-04,2,1,6.17,94.52,583.19,1,0,No,5,E-DEL-5,11,1,6,0,6.370226272381597,583.5269,0
TXN692,2025-07-13,02:53:00,HP,mumbai-pump-04,3,2,40.01,99.32,3973.79,1,1,No,4,E-MUM-1,2,6,7,0,8.28772719550419,3982.6365,0
TXN693,2025-07-18,21:12:00,IOCL,pune-pump-01,4,0,26.45,87.55,2315.7,1,1,Yes,3,E-PUN-1,21,4,7,0,7.747899038276423,2326.7056,0
TXN694,2025-10-21,08:26:00,IOCL,delhi-pump-04,2,2,11.02,99.05,1091.53,0,0,Yes,2,E-DEL-2,8,1,10,0,6.996251386546961,1093.0087,0
TXN695,2024-07-06,23:41:00,HP,mumbai-pump-04,3,2,10.91,99.08,1080.96,1,0,Yes,2,E-MUM-1,23,5,7,0,6.986529490146363,1048.5259,0
TXN696,2024-03-05,02:37:00,IOCL,mumbai-pump-02,3,2,32.2,99.52,3204.54,1,1,Yes,1,E-MUM-5,2,1,3,0,8.072635841901944,3206.723,0
TXN697,2024-12-03,05:58:00,HP,mumbai-pump-04,3,2,8.01,99.05,793.39,2,0,Yes,1,E-MUM-1,5,1,12,0,6.677574524534914,794.18365,0
TXN698,2025-06-09,15:24:00,IOCL,mumbai-pump-02,3,2,10.28,99.7,1024.92,0,0,No,4,E-MUM-3,15,0,6,0,6.933345049981133,1034.43,0
TXN699,2024-08-22,05:47:00,IOCL,chennai-pump-05,1,2,12.02,99.19,1192.26,1,0,Yes,5,E-CHE-1,5,3,8,0,7.0844443363243865,1191.0995,0
TXN700,2024-10-25,08:44:00,HP,chennai-pump-03,1,1,13.95,94.76,1321.9,1,0,No,1,E-CHE-2,8,4,10,0,7.187581575468334,1323.3951,0
TXN701,2024-12-05,06:49:00,BPCL,delhi-pump-01,2,0,6.63,87.18,578.0,2,0,Yes,2,E-DEL-3,6,3,12,0,6.361302477572996,577.47534,0
TXN702,2024-03-13,19:54:00,HP,bangalore-pump-07,0,1,10.08,94.86,956.19,2,0,Yes,2,E-BAN-1,19,2,3,0,6.864001908842162,958.81146,0
TXN703,2024-11-05,08:47:00,BPCL,mumbai-pump-02,3,1,10.37,94.39,978.82,1,0,Yes,2,E-MUM-2,8,1,11,0,6.887368881325193,981.8295,0
TXN704,2024-04-17,19:07:00,HP,chennai-pump-05,1,1,21.68,94.67,2052.45,2,1,Yes,3,E-CHE-4,19,2,4,0,7.627276584427182,2105.2004,0
TXN705,2025-02-10,13:02:00,BPCL,bangalore-pump-07,0,0,5.51,87.69,483.17,2,0,No,1,E-BAN-4,13,0,2,0,6.182436084715841,483.18127,0
TXN706,2025-09-10,01:26:00,IOCL,delhi-pump-01,2,0,31.0,87.79,2721.49,2,1,No,1,E-DEL-4,1,2,9,0,7.909302181705788,2724.614,0
TXN707,2024-11-21,13:53:00,IOCL,chennai-pump-05,1,2,12.63,99.67,1258.83,0,0,Yes,4,E-CHE-3,13,3,11,0,7.138732070207995,1259.5648,0
TXN708,2024-06-14,10:11:00,BPCL,mumbai-pump-02,3,1,10.6,94.28,999.37,0,0,No,5,E-MUM-4,10,4,6,0,6.9081252105490165,998.5353,0
TXN709,2024-01-26,19:22:00,HP,pune-pump-01,4,2,37.77,99.89,3772.85,2,1,No,2,E-PUN-2,19,4,1,0,8.235850979510635,3767.9668,0
TXN710,2025-08-03,19:40:00,IOCL,delhi-pump-04,2,2,47.9,99.03,4743.54,2,1,Yes,1,E-DEL-2,19,6,8,1,8.464749762192902,4744.312,1
TXN711,2025-05-06,08:41:00,BPCL,mumbai-pump-02,3,0,34.52,87.88,3033.62,0,1,No,4,E-MUM-1,8,1,5,0,8.017841489723875,3031.4873,0
TXN712,2024-07-23,23:40:00,HP,bangalore-pump-07,0,0,32.08,88.08,2825.61,1,1,Yes,3,E-BAN-4,23,1,7,0,7.946833392747081,2829.6895,0
TXN713,2024-04-21,09:26:00,BPCL,delhi-pump-01,2,2,11.24,99.27,1115.79,0,0,No,3,E-DEL-1,9,6,4,0,7.018213777813291,1115.945,0
TXN714,2025-12-20,12:34:00,HP,chennai-pump-03,1,2,29.06,99.36,2887.4,1,1,Yes,3,E-CHE-4,12,5,12,0,7.968457994577027,2889.732,0
TXN715,2024-05-22,18:45:00,BPCL,pune-pump-01,4,2,20.27,99.79,2022.74,2,1,No,3,E-PUN-3,18,2,5,0,7.612702563657833,2009.7933,0
TXN716,2024-02-02,14:27:00,HP,mumbai-pump-04,3,2,9.51,98.98,941.3,0,0,Yes,5,E-MUM-4,14,4,2,0,6.84832369521271,940.8451,0
TXN717,2025-11-13,21:09:00,BPCL,chennai-pump-03,1,2,38.48,99.8,3840.3,2,1,Yes,5,E-CHE-2,21,3,11,0,8.25356612995614,3841.7607,0
TXN718,2024-04-28,16:21:00,IOCL,delhi-pump-04,2,1,11.1,94.82,1052.5,2,0,No,1,E-DEL-2,16,6,4,0,6.9598732332442435,1051.0226,0
TXN719,2025-06-10,04:47:00,IOCL,mumbai-pump-02,3,0,17.0,87.93,1494.81,1,1,Yes,2,E-MUM-3,4,1,6,0,7.310423145120967,1491.5892,0
TXN720,2024-08-12,15:30:00,BPCL,pune-pump-06,4,1,9.42,95.22,896.97,2,0,Yes,4,E-PUN-3,15,0,8,0,6.800136660171771,897.732,0
TXN721,2025-12-18,01:12:00,BPCL,chennai-pump-03,1,1,41.97,95.02,3987.99,0,1,No,4,E-CHE-2,1,3,12,0,8.291293345008306,3988.149,0
TXN722,2024-06-06,19:12:00,BPCL,pune-pump-06,4,1,8.91,94.95,846.0,1,0,No,4,E-PUN-4,19,3,6,0,6.741700694652055,846.5624,0
TXN723,2024-03-16,18:25:00,HP,mumbai-pump-02,3,1,14.2,94.73,1345.17,1,0,Yes,5,E-MUM-2,18,5,3,0,7.20501880237807,1343.1113,0
TXN724,2024-01-24,18:30:00,BPCL,pune-pump-01,4,0,14.26,87.91,1253.6,1,0,Yes,5,E-PUN-1,18,2,1,0,7.134572075662643,1253.9266,0
TXN725,2024-03-07,11:16:00,BPCL,pune-pump-06,4,0,10.28,87.72,901.76,2,0,Yes,4,E-PUN-4,11,3,3,0,6.805456737360131,902.5657,0
TXN726,2024-06-11,08:29:00,HP,pune-pump-01,4,1,6.4,94.78,606.59,0,0,Yes,4,E-PUN-3,8,1,6,0,6.409500312389999,605.8067,0
TXN727,2024-02-04,21:34:00,HP,mumbai-pump-04,3,2,28.04,99.37,2786.33,1,1,Yes,5,E-MUM-1,21,6,2,0,7.932839427361534,2786.3179,0
TXN728,2025-04-08,18:53:00,IOCL,mumbai-pump-04,3,2,23.15,99.05,2293.01,2,1,No,2,E-MUM-4,18,1,4,0,7.738056656877722,2292.9312,0
TXN729,2025-08-07,05:51:00,IOCL,chennai-pump-03,1,0,42.64,87.7,3739.53,2,1,Yes,3,E-CHE-2,5,3,8,0,8.226982591598436,3738.034,0
TXN730,2025-04-05,03:15:00,IOCL,pune-pump-01,4,0,15.71,88.03,1382.95,2,1,No,5,E-PUN-5,3,5,4,0,7.232697008357383,1379.7728,0
TXN731,2024-09-19,23:03:00,HP,chennai-pump-05,1,1,7.04,94.81,667.46,2,0,Yes,5,E-CHE-2,23,3,9,0,6.50497655929928,680.1709,0
TXN732,2025-06-17,07:43:00,IOCL,mumbai-pump-04,3,0,10.99,88.07,967.89,2,0,Yes,2,E-MUM-5,7,1,6,0,6.876151086355139,969.80457,0
TXN733,2024-04-06,19:27:00,BPCL,delhi-pump-04,2,0,36.13,87.56,3163.54,2,1,Yes,5,E-DEL-1,19,5,4,0,8.059762984362997,3157.317,0
TXN734,2024-11-13,09:54:00,BPCL,delhi-pump-01,2,1,39.37,94.37,3715.35,2,1,No,1,E-DEL-1,9,2,11,0,8.220497282796554,3725.656,0
TXN735,2025-02-04,08:54:00,HP,mumbai-pump-02,3,2,5.85,99.52,582.19,2,0,No,5,E-MUM-5,8,1,2,0,6.368513033771035,581.87646,0
TXN736,2024-02-03,23:50:00,IOCL,pune-pump-01,4,0,7.61,87.91,669.0,2,0,No,3,E-PUN-5,23,5,2,0,6.507277712385012,668.4819,0
TXN737,2025-06-22,20:18:00,IOCL,delhi-pump-01,2,1,46.55,94.65,4405.96,0,1,No,5,E-DEL-3,20,6,6,1,8.390940388331542,4403.6963,1
TXN738,2024-08-28,07:28:00,HP,chennai-pump-05,1,0,11.57,87.25,1009.48,2,0,No,2,E-CHE-1,7,2,8,0,6.91818074446572,1008.5762,0
TXN739,2025-05-01,13:49:00,HP,pune-pump-01,4,0,39.18,87.45,3426.29,1,1,Yes,4,E-PUN-4,13,3,5,0,8.13952514041283,3426.5361,0
TXN740,2025-01-21,04:00:00,IOCL,mumbai-pump-04,3,1,29.54,94.7,2797.44,1,1,Yes,1,E-MUM-4,4,1,1,0,7.9368173980444,2794.7612,0
TXN741,2025-11-20,06:16:00,IOCL,pune-pump-06,4,2,46.63,99.5,4639.69,0,1,No,4,E-PUN-3,6,3,11,1,8.442618341061078,4642.8555,1
TXN742,2024-08-03,19:54:00,BPCL,pune-pump-06,4,1,7.27,94.23,685.05,0,0,Yes,1,E-PUN-2,19,5,8,0,6.530950511367184,684.5703,0
TXN743,2025-04-26,07:27:00,BPCL,chennai-pump-05,1,1,21.97,94.91,2085.17,2,1,Yes,4,E-CHE-2,7,5,4,0,7.643085127925647,2082.6943,0
TXN744,2025-06-14,04:27:00,BPCL,chennai-pump-03,1,0,42.54,87.18,3708.64,1,1,Yes,5,E-CHE-3,4,5,6,0,8.218690115852846,3556.8691,0
TXN745,2024-06-26,16:32:00,BPCL,chennai-pump-05,1,1,45.63,94.94,4332.11,0,1,No,3,E-CHE-4,16,2,6,1,8.374040807985873,4322.739,1
TXN746,2025-06-01,08:15:00,BPCL,pune-pump-01,4,0,41.09,88.03,3617.15,0,1,Yes,5,E-PUN-5,8,6,6,0,8.193718124465642,3613.049,0
TXN747,2025-06-22,04:24:00,BPCL,chennai-pump-05,1,0,13.98,87.31,1220.59,0,0,No,5,E-CHE-5,4,6,6,0,7.107908567885325,1222.5974,0
TXN748,2024-02-08,14:08:00,HP,chennai-pump-05,1,0,29.96,87.33,2616.41,0,1,Yes,3,E-CHE-1,14,3,2,0,7.869940558199396,2616.7588,0
TXN749,2025-11-08,18:37:00,IOCL,pune-pump-01,4,0,8.4,87.21,732.56,0,0,No,4,E-PUN-4,18,5,11,0,6.597909393828634,731.79614,0
TXN750,2025-10-30,08:21:00,HP,delhi-pump-01,2,0,12.87,87.7,1128.7,2,0,Yes,5,E-DEL-2,8,3,10,0,7.0297073897328834,1141.0763,0
TXN751,2025-05-13,23:56:00,HP,chennai-pump-05,1,1,26.85,94.68,2542.16,2,1,Yes,4,E-CHE-1,23,1,5,0,7.841162681256483,2545.769,0
TXN752,2024-09-27,11:05:00,IOCL,delhi-pump-04,2,0,28.94,87.24,2524.73,1,1,Yes,2,E-DEL-4,11,4,9,0,7.834285408836424,2525.6885,0
TXN753,2025-05-30,05:15:00,IOCL,pune-pump-01,4,1,26.64,94.56,2519.08,2,1,Yes,5,E-PUN-3,5,4,5,0,7.83204592603332,2515.4885,0
TXN754,2024-06-22,23:11:00,BPCL,pune-pump-06,4,2,7.39,99.14,732.64,2,0,No,5,E-PUN-2,23,5,6,0,6.598018445082832,732.86444,0
TXN755,2025-12-09,07:31:00,HP,delhi-pump-01,2,0,7.26,87.8,637.43,2,0,No,3,E-DEL-2,7,1,12,0,6.45901203751269,637.28265,0
TXN756,2024-07-25,01:33:00,BPCL,pune-pump-06,4,0,6.69,87.7,586.71,0,0,No,3,E-PUN-5,1,3,7,0,6.376233628957934,586.47375,0
TXN757,2024-01-08,18:28:00,HP,bangalore-pump-07,0,1,5.22,94.47,493.13,1,0,Yes,3,E-BAN-4,18,0,1,0,6.202798640462694,493.4516,0
TXN758,2024-05-13,05:44:00,HP,bangalore-pump-07,0,2,14.65,99.24,1453.87,2,0,Yes,5,E-BAN-3,5,0,5,0,7.282671828534867,1453.565,0
TXN759,2024-07-29,11:17:00,HP,delhi-pump-04,2,1,7.43,94.98,705.7,0,0,Yes,1,E-DEL-4,11,0,7,0,6.560606247696809,705.1976,0
TXN760,2025-03-07,06:40:00,BPCL,mumbai-pump-04,3,0,14.36,87.67,1258.94,0,0,No,4,E-MUM-1,6,4,3,0,7.138819379764082,1261.0726,0
TXN761,2024-06-05,22:39:00,BPCL,bangalore-pump-07,0,0,44.26,88.05,3897.09,1,1,Yes,3,E-BAN-3,22,2,6,0,8.268241968564434,3897.9187,0
TXN762,2025-03-23,09:00:00,BPCL,delhi-pump-01,2,1,8.06,94.91,764.97,1,0,Yes,3,E-DEL-1,9,6,3,0,6.641143004482781,765.0893,0
TXN763,2025-11-18,13:11:00,BPCL,pune-pump-06,4,0,12.84,87.55,1124.14,2,0,Yes,2,E-PUN-3,13,1,11,0,7.0256627513403975,1123.3545,0
TXN764,2025-10-03,00:38:00,HP,pune-pump-01,4,2,18.76,99.51,1866.81,0,1,Yes,3,E-PUN-1,0,4,10,0,7.532521900553565,1864.2926,0
TXN765,2025-07-16,06:40:00,IOCL,pune-pump-01,4,2,39.15,99.44,3893.08,0,1,No,5,E-PUN-1,6,2,7,0,8.267212730148435,3895.09,0
TXN766,2025-12-29,22:54:00,BPCL,pune-pump-06,4,2,11.39,99.66,1135.13,2,0,Yes,5,E-PUN-3,22,0,12,0,7.0353830293534445,1135.4813,0
TXN767,2025-11-09,22:22:00,BPCL,mumbai-pump-02,3,0,23.41,87.55,2049.55,1,1,Yes,1,E-MUM-4,22,6,11,0,7.625863328831335,2049.4575,0
TXN768,2024-09-16,11:25:00,HP,pune-pump-01,4,2,49.5,99.07,4903.96,0,1,No,2,E-PUN-2,11,0,9,1,8.498002217022277,4897.9985,1
TXN769,2025-05-07,02:31:00,IOCL,delhi-pump-01,2,0,22.3,87.66,1954.82,2,1,Yes,1,E-DEL-3,2,2,5,0,7.578564821820367,1953.1361,0
TXN770,2024-05-15,19:35:00,IOCL,mumbai-pump-04,3,1,47.39,94.62,4484.04,1,1,Yes,1,E-MUM-3,19,2,5,1,8.40850269307074,4476.108,1
TXN771,2024-09-03,10:59:00,BPCL,bangalore-pump-07,0,1,38.58,94.47,3644.65,0,1,Yes,2,E-BAN-1,10,1,9,0,8.201289955019105,3641.349,0
TXN772,2025-03-28,13:21:00,HP,bangalore-pump-07,0,1,14.39,94.33,1357.41,0,0,Yes,1,E-BAN-2,13,4,3,0,7.214070177131871,1358.3407,0
TXN773,2024-09-14,03:42:00,BPCL,delhi-pump-04,2,2,45.62,99.81,4553.33,1,1,No,4,E-DEL-1,3,5,9,1,8.423833707766429,4553.161,1
TXN774,2024-01-17,08:42:00,BPCL,chennai-pump-03,1,0,9.11,87.83,800.13,2,0,Yes,5,E-CHE-1,8,2,1,0,6.686023231028194,800.15216,0
TXN775,2024-01-11,12:04:00,HP,delhi-pump-01,2,2,27.97,99.25,2776.02,1,1,No,3,E-DEL-4,12,3,1,0,7.92913368929743,2781.223,0
TXN776,2025-12-29,19:28:00,BPCL,pune-pump-06,4,2,48.02,99.92,4798.16,1,1,No,3,E-PUN-5,19,0,12,1,8.476196181581695,4799.854,1
TXN777,2025-06-26,23:58:00,BPCL,mumbai-pump-02,3,1,9.85,94.58,931.61,2,0,Yes,5,E-MUM-1,23,3,6,0,6.837987107027434,930.22473,0
TXN778,2024-06-07,08:15:00,IOCL,chennai-pump-05,1,0,7.28,88.07,641.15,1,0,No,3,E-CHE-4,8,4,6,0,6.464821921259065,641.2752,0
TXN779,2024-01-26,12:36:00,BPCL,delhi-pump-01,2,1,6.75,94.54,638.15,0,0,No,1,E-DEL-3,12,4,1,0,6.460139168614031,642.5465,0
TXN780,2024-06-30,15:26:00,HP,mumbai-pump-04,3,2,34.32,99.29,3407.63,1,1,No,5,E-MUM-5,15,6,6,0,8.134065730019788,3394.5867,0
TXN781,2025-10-17,15:12:00,BPCL,pune-pump-01,4,2,15.6,99.35,1549.86,2,1,No,4,E-PUN-3,15,4,10,0,7.3465648947568845,1550.1608,0
TXN782,2024-05-15,08:06:00,HP,bangalore-pump-07,0,2,40.68,99.69,4055.39,0,1,Yes,5,E-BAN-2,8,2,5,1,8.308048694494689,3928.742,0
TXN783,2025-08-28,06:49:00,HP,chennai-pump-05,1,0,35.61,87.32,3109.47,2,1,No,2,E-CHE-5,6,3,8,0,8.042529119156915,3113.409,0
TXN784,2025-06-16,07:03:00,IOCL,pune-pump-06,4,1,30.54,94.48,2885.42,0,1,Yes,3,E-PUN-5,7,0,6,0,7.967772258890862,2890.1826,0
TXN785,2025-02-23,22:15:00,IOCL,chennai-pump-05,1,1,8.13,94.96,772.02,0,0,Yes,1,E-CHE-3,22,6,2,0,6.650304921473932,797.65533,0
TXN786,2025-01-01,08:09:00,IOCL,delhi-pump-04,2,2,45.8,99.17,4541.99,1,1,Yes,4,E-DEL-4,8,2,1,1,8.421340664568339,4541.454,1
TXN787,2024-03-23,14:07:00,BPCL,delhi-pump-01,2,2,9.44,99.06,935.13,0,0,Yes,5,E-DEL-4,14,5,3,0,6.841754355722312,935.21844,0
TXN788,2024-03-18,20:20:00,BPCL,pune-pump-01,4,0,6.45,87.12,561.92,2,0,Yes,4,E-PUN-1,20,0,3,0,6.333137522128367,561.8864,0
TXN789,2024-11-30,19:23:00,IOCL,mumbai-pump-02,3,1,17.79,94.33,1678.13,0,1,Yes,1,E-MUM-3,19,5,11,0,7.426031081120127,1676.5854,0
TXN790,2025-01-19,19:04:00,BPCL,chennai-pump-03,1,2,7.17,99.26,711.69,0,0,Yes,2,E-CHE-2,19,6,1,0,6.569046543260236,720.17413,0
TXN791,2025-05-24,19:28:00,HP,pune-pump-06,4,0,39.29,87.35,3431.98,2,1,Yes,2,E-PUN-1,19,5,5,0,8.141183967632392,3434.3408,0
TXN792,2025-12-12,07:03:00,BPCL,chennai-pump-05,1,1,13.18,94.47,1245.11,2,0,Yes,4,E-CHE-5,7,4,12,0,7.12778197795474,1243.4199,0
TXN793,2025-11-15,23:36:00,HP,chennai-pump-05,1,0,37.13,87.13,3235.14,2,1,Yes,3,E-CHE-2,23,5,11,0,8.082136540530563,3239.0298,0
TXN794,2025-01-22,04:09:00,IOCL,pune-pump-01,4,2,19.79,99.22,1963.56,0,1,No,1,E-PUN-5,4,2,1,0,7.583023580654791,1964.8962,0
TXN795,2024-06-17,13:57:00,BPCL,mumbai-pump-02,3,1,31.74,95.21,3021.97,0,1,No,2,E-MUM-1,13,0,6,0,8.013995070813577,3021.5034,0
TXN796,2025-01-11,17:16:00,BPCL,delhi-pump-01,2,2,31.95,99.47,3178.07,1,1,No,5,E-DEL-4,17,5,1,0,8.064343980171365,3178.6262,0
TXN797,2024-12-26,12:48:00,BPCL,mumbai-pump-02,3,1,20.75,95.18,1974.99,1,1,No,5,E-MUM-2,12,3,12,0,7.5888248175662625,2012.9734,0
TXN798,2025-04-22,04:11:00,IOCL,delhi-pump-04,2,2,23.9,98.98,2365.62,1,1,Yes,4,E-DEL-5,4,1,4,0,7.76921805585703,2360.44,0
TXN799,2024-08-04,02:25:00,HP,bangalore-pump-07,0,2,5.11,99.46,508.24,2,0,Yes,3,E-BAN-4,2,6,8,0,6.232919418193445,508.08817,0
TXN800,2025-01-20,00:42:00,HP,pune-pump-06,4,0,49.36,87.78,4332.82,0,1,Yes,2,E-PUN-4,0,0,1,1,8.374204649161834,4083.5786,1
TXN801,2024-03-21,02:05:00,HP,delhi-pump-01,2,1,44.97,94.87,4266.3,2,1,Yes,2,E-DEL-2,2,3,3,1,8.358736587723843,4264.9795,1
TXN802,2025-12-19,12:59:00,BPCL,mumbai-pump-02,3,0,47.49,87.79,4169.15,1,1,Yes,2,E-MUM-4,12,4,12,1,8.335707285368919,4172.4575,1
TXN803,2025-11-30,19:56:00,BPCL,chennai-pump-05,1,1,9.69,94.31,913.86,0,0,No,2,E-CHE-1,19,6,11,0,6.8187710481045105,914.06665,0
TXN804,2025-12-07,19:59:00,BPCL,bangalore-pump-07,0,1,45.97,94.25,4332.67,2,1,Yes,4,E-BAN-5,19,6,12,1,8.374170037065365,4241.6543,1
TXN805,2024-07-19,21:43:00,HP,bangalore-pump-07,0,2,8.52,99.19,845.1,0,0,Yes,3,E-BAN-2,21,4,7,0,6.740637555930455,845.509,0
TXN806,2025-11-22,20:44:00,IOCL,chennai-pump-05,1,0,20.65,87.77,1812.45,0,1,No,5,E-CHE-1,20,5,11,0,7.5029863873475575,1813.244,0
TXN807,2024-05-18,11:55:00,HP,delhi-pump-01,2,2,16.75,99.75,1670.81,0,1,No,5,E-DEL-3,11,5,5,0,7.421662150823909,1674.0508,0
TXN808,2024-04-25,18:32:00,IOCL,chennai-pump-03,1,2,9.26,99.49,921.28,2,0,No,2,E-CHE-1,18,3,4,0,6.8268488650884125,920.205,0
TXN809,2024-01-01,12:36:00,BPCL,chennai-pump-03,1,1,7.59,94.93,720.52,0,0,Yes,2,E-CHE-4,12,0,1,0,6.581360097857453,721.0626,0
TXN810,2024-10-16,05:13:00,HP,chennai-pump-03,1,0,27.08,87.38,2366.25,0,1,No,3,E-CHE-2,5,2,10,0,7.76948422286361,2369.6204,0
TXN811,2024-09-09,21:47:00,HP,pune-pump-06,4,0,42.96,87.14,3743.53,1,1,No,2,E-PUN-4,21,0,9,0,8.228051387407895,3746.7517,0
TXN812,2024-09-25,02:55:00,BPCL,bangalore-pump-07,0,1,17.42,94.9,1653.16,0,1,No,3,E-BAN-4,2,2,9,0,7.411048606092515,1651.8604,0
TXN813,2024-03-09,08:36:00,HP,delhi-pump-01,2,2,22.45,99.12,2225.24,0,1,No,3,E-DEL-2,8,5,3,0,7.708069342735277,2227.9019,0
TXN814,2024-10-20,18:51:00,HP,mumbai-pump-02,3,2,34.22,99.91,3418.92,1,1,No,2,E-MUM-1,18,6,10,0,8.137372437970193,3418.8533,0
TXN815,2025-12-06,11:57:00,HP,pune-pump-01,4,1,5.32,94.33,501.84,1,0,No,4,E-PUN-1,11,5,12,0,6.22027202804663,502.17532,0
TXN816,2024-03-19,20:01:00,IOCL,bangalore-pump-07,0,2,12.74,99.41,1266.48,1,0,No,4,E-BAN-5,20,1,3,0,7.144785956248145,1264.8575,0
TXN817,2024-04-08,00:44:00,HP,chennai-pump-05,1,0,10.2,87.56,893.11,2,0,Yes,5,E-CHE-5,0,0,4,0,6.795828810109999,893.327,0
TXN818,2025-12-23,18:25:00,BPCL,pune-pump-01,4,0,30.64,87.81,2690.5,1,1,No,5,E-PUN-2,18,1,12,0,7.8978539380010115,2688.8984,0
TXN819,2025-07-25,05:13:00,HP,delhi-pump-04,2,2,9.38,99.91,937.16,2,0,No,5,E-DEL-5,5,4,7,0,6.843920510152809,937.36554,0
TXN820,2025-10-13,08:19:00,HP,pune-pump-01,4,0,7.16,87.16,624.07,0,0,No,4,E-PUN-2,8,0,10,0,6.43786364346487,624.32947,0
TXN821,2025-07-05,17:00:00,BPCL,mumbai-pump-04,3,1,26.59,94.66,2517.01,0,1,No,1,E-MUM-3,17,5,7,0,7.831224186002284,2514.3345,0
TXN822,2024-01-18,23:05:00,BPCL,chennai-pump-05,1,1,10.55,94.66,998.66,2,0,Yes,2,E-CHE-3,23,3,1,0,6.907415221169033,998.58154,0
TXN823,2024-03-20,23:46:00,IOCL,bangalore-pump-07,0,1,25.07,94.25,2362.85,0,1,No,4,E-BAN-4,23,2,3,0,7.76804692473619,2360.4976,0
TXN824,2024-03-25,08:29:00,HP,mumbai-pump-04,3,0,8.06,87.96,708.96,2,0,No,5,E-MUM-5,8,0,3,0,6.565208630420146,714.1908,0
TXN825,2025-05-21,15:42:00,HP,delhi-pump-01,2,1,14.63,94.53,1382.97,0,0,No,3,E-DEL-2,15,2,5,0,7.232711459642102,1384.1456,0
TXN826,2025-07-19,12:57:00,IOCL,delhi-pump-01,2,0,17.96,88.07,1581.74,1,1,Yes,4,E-DEL-1,12,5,7,0,7.366912801287075,1578.8016,0
TXN827,2024-02-19,13:04:00,HP,delhi-pump-01,2,1,5.13,95.17,488.22,1,0,Yes,2,E-DEL-1,13,0,2,0,6.192812286051734,505.407,0
TXN828,2024-07-15,17:35:00,HP,pune-pump-06,4,1,8.5,94.8,805.8,2,0,Yes,4,E-PUN-1,17,0,7,0,6.693075806080056,807.356,0
TXN829,2024-11-13,02:16:00,IOCL,pune-pump-06,4,1,14.86,94.34,1401.89,2,0,Yes,5,E-PUN-1,2,2,11,0,7.246289673607512,1345.8116,0
TXN830,2025-01-24,23:30:00,BPCL,pune-pump-01,4,1,46.92,94.3,4424.56,2,1,No,4,E-PUN-1,23,4,1,1,8.395152103107106,4427.19,1
TXN831,2025-06-21,08:46:00,HP,pune-pump-06,4,1,24.85,95.14,2364.23,1,1,No,5,E-PUN-3,8,5,6,0,7.768630547783028,2367.8677,0
TXN832,2025-05-06,04:37:00,HP,delhi-pump-04,2,0,17.08,87.54,1495.18,1,1,No,5,E-DEL-2,4,1,5,0,7.310670472152064,1496.9053,0
TXN833,2025-07-06,10:16:00,BPCL,mumbai-pump-02,3,0,34.29,87.67,3006.2,2,1,Yes,2,E-MUM-3,10,6,7,0,8.008764692249969,3011.5693,0
TXN834,2024-06-29,09:13:00,BPCL,delhi-pump-01,2,0,9.15,87.24,798.25,1,0,Yes,3,E-DEL-1,9,5,6,0,6.683673787939951,786.5814,0
TXN835,2025-09-13,03:08:00,BPCL,bangalore-pump-07,0,2,40.95,99.12,4058.96,2,1,Yes,1,E-BAN-1,3,5,9,1,8.308928400330496,3953.14,1
TXN836,2025-07-14,07:51:00,BPCL,mumbai-pump-04,3,0,8.28,87.37,723.42,2,0,No,4,E-MUM-4,7,0,7,0,6.585371334683906,722.9829,0
TXN837,2025-02-19,17:43:00,IOCL,pune-pump-06,4,2,13.98,99.17,1386.4,1,0,No,5,E-PUN-5,17,2,2,0,7.235186770951201,1384.6437,0
TXN838,2025-02-12,14:54:00,HP,bangalore-pump-07,0,0,32.65,87.82,2867.32,0,1,Yes,1,E-BAN-5,14,2,2,0,7.961481771506529,2807.9434,0
TXN839,2024-05-16,08:50:00,BPCL,delhi-pump-01,2,1,13.9,94.43,1312.58,1,0,No,2,E-DEL-1,8,3,5,0,7.1805115132473,1315.4562,0
TXN840,2025-09-19,10:58:00,IOCL,chennai-pump-05,1,0,13.67,87.69,1198.72,2,0,Yes,4,E-CHE-1,10,4,9,0,7.089843475216301,1195.238,0
TXN841,2024-06-05,06:41:00,BPCL,delhi-pump-01,2,1,10.93,94.81,1036.27,0,0,Yes,5,E-DEL-4,6,2,6,0,6.944347540781727,1033.0677,0
TXN842,2025-10-17,09:21:00,IOCL,pune-pump-01,4,0,11.12,87.5,973.0,1,0,Yes,5,E-PUN-4,9,4,10,0,6.881411303642535,972.0449,0
TXN843,2024-04-09,17:43:00,IOCL,mumbai-pump-04,3,0,9.5,87.68,832.96,2,0,Yes,1,E-MUM-5,17,1,4,0,6.726185439577856,833.5001,0
TXN844,2024-05-17,17:58:00,IOCL,chennai-pump-03,1,0,10.66,87.25,930.09,0,0,No,4,E-CHE-3,17,4,5,0,6.836355942851846,931.59784,0
TXN845,2025-11-03,12:01:00,BPCL,delhi-pump-01,2,0,46.32,87.77,4065.51,0,1,Yes,2,E-DEL-3,12,0,11,1,8.310540416720983,4064.8306,1
TXN846,2025-09-02,08:14:00,IOCL,bangalore-pump-07,0,0,9.05,88.0,796.4,2,0,Yes,3,E-BAN-2,8,1,9,0,6.681356434947254,795.62164,0
TXN847,2025-02-17,23:47:00,BPCL,chennai-pump-03,1,0,45.32,87.29,3955.98,2,1,Yes,1,E-CHE-3,23,0,2,0,8.28323638703856,3956.1843,0
TXN848,2025-03-30,01:10:00,HP,pune-pump-01,4,1,12.56,94.93,1192.32,2,0,Yes,2,E-PUN-5,1,6,3,0,7.084494617479859,1163.7361,0
TXN849,2024-10-25,18:49:00,HP,pune-pump-01,4,0,13.04,87.6,1142.3,0,0,Yes,2,E-PUN-1,18,4,10,0,7.041674096547924,1140.6472,0
TXN850,2025-05-31,08:51:00,HP,mumbai-pump-04,3,0,11.68,87.66,1023.87,1,0,Yes,3,E-MUM-5,8,5,5,0,6.932321054260704,1025.1449,0
TXN851,2025-06-30,07:06:00,IOCL,chennai-pump-05,1,2,40.94,99.47,4072.3,2,1,No,1,E-CHE-4,7,0,6,1,8.312208760717938,4072.5813,1
TXN852,2025-10-28,19:39:00,HP,bangalore-pump-07,0,0,43.12,87.16,3758.34,2,1,No,1,E-BAN-5,19,1,10,0,8.231998689061516,3756.185,0
TXN853,2025-12-01,00:49:00,HP,mumbai-pump-02,3,2,34.28,99.86,3423.2,0,1,No,3,E-MUM-5,0,0,12,0,8.138623146770717,3420.5105,0
TXN854,2024-07-14,16:31:00,HP,mumbai-pump-02,3,0,19.81,87.67,1736.74,2,1,Yes,1,E-MUM-1,16,6,7,0,7.46034069739635,1733.2721,0
TXN855,2025-01-07,11:31:00,IOCL,mumbai-pump-04,3,1,6.06,94.95,575.4,2,0,No,5,E-MUM-1,11,1,1,0,6.356801864125367,580.77686,0
TXN856,2025-10-04,22:09:00,HP,delhi-pump-04,2,0,10.84,87.69,950.56,1,0,Yes,3,E-DEL-2,22,5,10,0,6.858102743077065,949.94727,0
TXN857,2025-08-06,22:52:00,HP,delhi-pump-04,2,2,17.43,99.73,1738.29,0,1,No,4,E-DEL-4,22,2,8,0,7.46123226295815,1737.3397,0
TXN858,2025-07-31,02:48:00,HP,delhi-pump-01,2,2,7.79,99.72,776.82,2,0,No,4,E-DEL-1,2,3,7,0,6.656495134942101,776.7999,0
TXN859,2025-05-24,16:09:00,IOCL,bangalore-pump-07,0,2,42.29,99.44,4205.32,1,1,Yes,1,E-BAN-3,16,5,5,1,8.344343435156494,4254.565,1
TXN860,2025-08-24,17:11:00,IOCL,delhi-pump-04,2,0,10.42,87.38,910.5,2,0,Yes,4,E-DEL-2,17,6,8,0,6.815091594118718,910.8447,0
TXN861,2025-09-27,07:01:00,IOCL,delhi-pump-01,2,2,11.91,99.09,1180.16,2,0,Yes,3,E-DEL-2,7,5,9,0,7.074252285429121,1179.7983,0
TXN862,2025-05-22,09:03:00,HP,bangalore-pump-07,0,0,9.95,87.48,870.43,2,0,No,1,E-BAN-3,9,3,5,0,6.770135540449008,869.9804,0
TXN863,2024-10-19,19:50:00,BPCL,pune-pump-01,4,1,21.11,94.44,1993.63,2,1,No,5,E-PUN-3,19,5,10,0,7.5982138484643045,1992.9174,0
TXN864,2025-11-21,03:15:00,HP,delhi-pump-01,2,1,5.71,94.39,538.97,2,0,No,3,E-DEL-5,3,4,11,0,6.291513582459498,539.1566,0
TXN865,2024-04-11,08:33:00,BPCL,delhi-pump-01,2,0,10.95,88.04,964.04,0,0,Yes,1,E-DEL-2,8,3,4,0,6.872169551257128,962.614,0
TXN866,2024-01-15,00:53:00,IOCL,pune-pump-01,4,2,12.32,99.27,1223.01,1,0,Yes,5,E-PUN-2,0,0,1,0,7.109887632973538,1223.5277,0
TXN867,2024-10-04,22:30:00,IOCL,chennai-pump-05,1,1,9.91,94.36,935.11,1,0,Yes,4,E-CHE-4,22,4,10,0,6.841732990940018,939.6225,0
TXN868,2025-01-17,13:42:00,HP,delhi-pump-04,2,0,11.94,88.04,1051.2,0,0,No,1,E-DEL-1,13,4,1,0,6.958638489296707,1053.5549,0
TXN869,2025-05-08,10:00:00,BPCL,chennai-pump-03,1,0,30.61,87.99,2693.37,1,1,No,3,E-CHE-4,10,3,5,0,7.898919689781747,2690.2559,0
TXN870,2025-06-29,22:31:00,HP,bangalore-pump-07,0,0,17.15,87.64,1503.03,2,1,Yes,2,E-BAN-3,22,6,6,0,7.315903451119361,1501.8352,0
TXN871,2025-08-24,20:36:00,HP,mumbai-pump-02,3,0,20.87,87.98,1836.14,0,1,No,2,E-MUM-2,20,6,8,0,7.515965293525134,1832.1099,0
TXN872,2024-09-22,13:04:00,BPCL,pune-pump-01,4,2,22.85,99.13,2265.12,2,1,No,4,E-PUN-1,13,6,9,0,7.725824396937778,2265.831,0
TXN873,2024-05-23,06:22:00,BPCL,chennai-pump-03,1,2,18.38,99.26,1824.4,1,1,Yes,3,E-CHE-3,6,3,5,0,7.509554420082777,1825.0189,0
TXN874,2024-07-04,17:12:00,BPCL,chennai-pump-03,1,0,39.47,87.73,3462.7,1,1,Yes,4,E-CHE-5,17,3,7,0,8.150092660851058,3360.5461,0
TXN875,2024-10-02,10:34:00,BPCL,delhi-pump-01,2,0,7.84,87.54,686.31,2,0,Yes,2,E-DEL-5,10,2,10,0,6.5327854277088955,687.2965,0
TXN876,2025-10-23,10:39:00,BPCL,mumbai-pump-04,3,1,17.22,94.36,1624.88,2,1,No,5,E-MUM-1,10,3,10,0,7.39380448664634,1626.187,0
TXN877,2024-10-22,13:05:00,HP,delhi-pump-01,2,2,22.12,99.62,2203.59,0,1,No,3,E-DEL-5,13,1,10,0,7.698296829548684,2202.7034,0
TXN878,2025-09-30,16:25:00,HP,chennai-pump-05,1,2,20.69,99.79,2064.66,1,1,Yes,5,E-CHE-3,16,1,9,0,7.633205066920708,2098.5051,0
TXN879,2024-09-02,18:31:00,HP,chennai-pump-05,1,1,26.28,94.64,2487.14,0,1,Yes,1,E-CHE-5,18,0,9,0,7.819290722372431,2482.7976,0
TXN880,2025-10-30,08:04:00,HP,mumbai-pump-04,3,2,10.98,99.8,1095.8,0,0,No,2,E-MUM-4,8,3,10,0,7.0001521282481045,1074.2772,0
TXN881,2025-08-27,12:40:00,IOCL,bangalore-pump-07,0,1,29.8,94.57,2818.19,2,1,No,2,E-BAN-2,12,2,8,0,7.944204888630008,2809.2456,0
TXN882,2025-01-15,12:57:00,BPCL,mumbai-pump-02,3,2,35.05,99.54,3488.88,1,1,Yes,1,E-MUM-4,12,2,1,0,8.157622630651176,3491.2627,0
TXN883,2024-10-28,19:03:00,IOCL,mumbai-pump-04,3,0,20.86,87.76,1830.67,0,1,No,2,E-MUM-1,19,0,10,0,7.512983398004171,1859.0168,0
TXN884,2025-06-16,16:44:00,IOCL,delhi-pump-04,2,2,9.29,99.89,927.98,2,0,No,3,E-DEL-5,16,0,6,0,6.834087210056801,928.43475,0
TXN885,2024-10-16,18:58:00,BPCL,delhi-pump-04,2,0,21.51,87.53,1882.77,1,1,No,5,E-DEL-3,18,2,10,0,7.54103036700445,1931.4688,0
TXN886,2024-09-13,21:14:00,IOCL,delhi-pump-04,2,2,8.67,99.33,861.19,1,0,Yes,4,E-DEL-3,21,4,9,0,6.759475664008706,859.66,0
TXN887,2025-08-28,11:37:00,HP,delhi-pump-01,2,0,7.19,87.36,628.12,1,0,Yes,1,E-DEL-5,11,3,8,0,6.444322017518747,627.4907,0
TXN888,2024-08-25,03:05:00,BPCL,delhi-pump-01,2,1,8.92,94.29,841.07,0,0,No,5,E-DEL-5,3,6,8,0,6.735863146178696,841.49615,0
TXN889,2024-06-06,15:20:00,HP,pune-pump-06,4,2,36.66,99.46,3646.2,2,1,No,5,E-PUN-5,15,3,6,0,8.201715028899232,3586.874,0
TXN890,2024-10-30,06:37:00,HP,bangalore-pump-07,0,0,22.21,87.15,1935.6,2,1,No,1,E-BAN-4,6,2,10,0,7.56868913717743,1935.1295,0
TXN891,2024-03-09,06:45:00,IOCL,pune-pump-06,4,1,6.63,94.64,627.46,2,0,Yes,1,E-PUN-5,6,5,3,0,6.443272382409099,624.5233,0
TXN892,2024-03-24,02:39:00,HP,mumbai-pump-02,3,1,25.91,94.59,2450.83,2,1,No,1,E-MUM-4,2,6,3,0,7.804589963494348,2454.7375,0
TXN893,2025-08-05,06:37:00,BPCL,pune-pump-06,4,2,12.7,99.09,1258.44,2,0,Yes,4,E-PUN-5,6,1,8,0,7.138422456706373,1261.1713,0
TXN894,2024-03-24,03:50:00,HP,mumbai-pump-04,3,1,6.05,94.43,571.3,2,0,No,3,E-MUM-5,3,6,3,0,6.349663329415057,570.98486,0
TXN895,2024-01-06,09:23:00,IOCL,delhi-pump-01,2,2,43.17,99.17,4281.17,2,1,No,3,E-DEL-5,9,5,1,1,8.362215169435826,4277.2017,1
TXN896,2025-12-06,20:09:00,IOCL,bangalore-pump-07,0,1,8.95,94.34,844.34,2,0,No,5,E-BAN-3,20,5,12,0,6.73973891329324,844.6073,0
TXN897,2024-04-22,03:08:00,HP,pune-pump-01,4,2,9.77,99.55,972.6,0,0,Yes,3,E-PUN-2,3,0,4,0,6.881000541673317,971.83984,0
TXN898,2024-07-25,06:46:00,IOCL,delhi-pump-04,2,2,9.5,99.74,947.53,2,0,Yes,4,E-DEL-2,6,3,7,0,6.854913417762604,947.8216,0
TXN899,2024-10-01,02:19:00,IOCL,delhi-pump-04,2,1,16.27,95.22,1549.23,0,1,No,4,E-DEL-3,2,1,10,0,7.34615858600179,1552.8511,0
TXN900,2024-05-05,23:19:00,HP,pune-pump-06,4,0,9.23,87.55,808.09,2,0,No,5,E-PUN-2,23,6,5,0,6.695910159325724,807.8584,0
TXN901,2024-08-28,04:56:00,IOCL,delhi-pump-01,2,1,27.91,94.64,2641.4,1,1,Yes,4,E-DEL-3,4,2,8,0,7.87944287407658,2645.3943,0
TXN902,2024-11-07,14:56:00,IOCL,chennai-pump-03,1,2,33.62,99.63,3349.56,2,1,No,5,E-CHE-5,14,3,11,0,8.116882775027841,3354.6494,0
TXN903,2025-01-04,18:53:00,BPCL,bangalore-pump-07,0,0,14.65,87.5,1281.88,0,0,Yes,5,E-BAN-5,18,5,1,0,7.156862829454142,1282.5266,0
TXN904,2024-01-19,20:35:00,BPCL,delhi-pump-01,2,0,31.92,87.83,2803.53,2,1,No,4,E-DEL-5,20,4,1,0,7.938991245985134,2801.5002,0
TXN905,2025-10-05,12:00:00,IOCL,pune-pump-06,4,1,40.37,94.96,3833.54,1,1,No,3,E-PUN-3,12,6,10,0,8.251804758758277,3841.0535,0
TXN906,2024-11-08,16:00:00,BPCL,chennai-pump-03,1,0,29.42,87.31,2568.66,2,1,Yes,3,E-CHE-3,16,4,11,0,7.85152887341757,2569.5676,0
TXN907,2024-11-07,22:37:00,HP,bangalore-pump-07,0,2,33.49,99.71,3339.29,2,1,Yes,2,E-BAN-2,22,3,11,0,8.113812908548862,3340.066,0
TXN908,2025-08-20,12:19:00,HP,chennai-pump-03,1,0,30.19,87.48,2641.02,1,1,Yes,5,E-CHE-1,12,2,8,0,7.879299055076328,2642.1821,0
TXN909,2025-05-14,03:34:00,HP,chennai-pump-05,1,1,7.44,95.05,707.17,2,0,No,3,E-CHE-1,3,2,5,0,6.562684177865559,707.20605,0
TXN910,2025-10-25,06:50:00,HP,chennai-pump-03,1,1,6.26,94.72,592.95,2,0,Yes,3,E-CHE-5,6,5,10,0,6.386795140735549,594.20135,0
TXN911,2025-08-09,20:17:00,BPCL,chennai-pump-05,1,0,41.82,87.53,3660.5,0,1,No,3,E-CHE-1,20,5,8,0,8.205628178501124,3667.3198,0
TXN912,2025-11-06,09:04:00,HP,delhi-pump-04,2,2,6.31,99.46,627.59,2,0,No,4,E-DEL-5,9,3,11,0,6.443479215869126,634.9055,0
TXN913,2024-11-03,13:12:00,IOCL,pune-pump-06,4,0,6.62,88.1,583.22,2,0,No,5,E-PUN-1,13,6,11,0,6.37027762421872,582.7259,0
TXN914,2025-03-12,15:35:00,BPCL,chennai-pump-03,1,2,5.97,99.69,595.15,1,0,Yes,4,E-CHE-1,15,2,3,0,6.390492313252141,595.93115,0
TXN915,2024-12-03,22:23:00,HP,chennai-pump-05,1,1,5.77,94.38,544.57,2,0,No,4,E-CHE-4,22,1,12,0,6.30183111968026,544.4998,0
TXN916,2024-01-03,17:42:00,HP,mumbai-pump-02,3,2,21.38,99.26,2122.18,2,1,No,1,E-MUM-3,17,2,1,0,7.660670243789794,2151.626,0
TXN917,2025-01-30,03:43:00,IOCL,mumbai-pump-02,3,2,46.53,99.24,4617.64,0,1,No,4,E-MUM-3,3,3,1,1,8.437855568445384,4610.77,1
TXN918,2025-04-21,14:37:00,IOCL,delhi-pump-01,2,2,5.29,99.66,527.2,2,0,Yes,5,E-DEL-3,14,0,4,0,6.269474999863032,530.17584,0
TXN919,2025-03-04,11:50:00,IOCL,chennai-pump-05,1,0,14.54,87.72,1275.45,2,0,No,5,E-CHE-2,11,1,3,0,7.1518380663100025,1256.7734,0
TXN920,2024-08-31,18:19:00,BPCL,mumbai-pump-04,3,0,6.07,87.63,531.91,1,0,No,1,E-MUM-4,18,5,8,0,6.278352554373434,532.1457,0
TXN921,2024-09-24,05:41:00,HP,chennai-pump-05,1,0,12.99,87.98,1142.86,0,0,Yes,1,E-CHE-4,5,1,9,0,7.042163786828613,1140.834,0
TXN922,2024-01-22,03:11:00,BPCL,pune-pump-01,4,1,13.79,94.26,1299.85,0,0,No,2,E-PUN-5,3,0,1,0,7.170773175939209,1302.5751,0
TXN923,2025-06-09,13:25:00,IOCL,chennai-pump-05,1,0,16.79,87.83,1474.67,1,1,Yes,4,E-CHE-4,13,0,6,0,7.296867402927529,1477.8849,0
TXN924,2024-09-08,06:05:00,BPCL,delhi-pump-04,2,0,19.97,87.97,1756.76,1,1,No,5,E-DEL-4,6,6,9,0,7.471795550154256,1760.9861,0
TXN925,2025-02-11,23:56:00,BPCL,chennai-pump-05,1,1,29.83,94.84,2829.08,1,1,Yes,1,E-CHE-2,23,1,2,0,7.948060258788972,2823.4766,0
TXN926,2024-02-16,07:12:00,IOCL,pune-pump-06,4,1,11.4,95.12,1084.37,2,0,No,1,E-PUN-1,7,4,2,0,6.9896762216674455,1094.997,0
TXN927,2025-09-07,18:09:00,IOCL,bangalore-pump-07,0,1,40.17,94.26,3786.42,2,1,No,3,E-BAN-5,18,6,9,0,8.239440327482338,3785.8154,0
TXN928,2025-12-15,12:02:00,BPCL,mumbai-pump-04,3,2,10.66,99.79,1063.76,0,0,Yes,2,E-MUM-3,12,0,12,0,6.970504700635247,1062.3085,0
TXN929,2025-05-08,22:50:00,BPCL,delhi-pump-04,2,1,11.43,94.73,1082.76,0,0,Yes,2,E-DEL-1,22,3,5,0,6.988191755272481,1118.8364,0
TXN930,2024-01-26,19:36:00,BPCL,delhi-pump-04,2,2,26.91,99.74,2684.0,1,1,Yes,5,E-DEL-2,19,4,1,0,7.895436006942965,2682.676,0
TXN931,2025-09-05,21:13:00,BPCL,bangalore-pump-07,0,2,34.97,99.41,3476.37,1,1,Yes,5,E-BAN-4,21,4,9,0,8.15403153992126,3481.548,0
TXN932,2024-10-10,07:33:00,HP,pune-pump-06,4,0,10.49,87.57,918.61,1,0,No,2,E-PUN-5,7,3,10,0,6.823949667123073,917.7515,0
TXN933,2025-08-16,05:31:00,HP,pune-pump-06,4,1,27.43,95.15,2609.96,2,1,No,5,E-PUN-4,5,5,8,0,7.867473248780937,2609.0334,0
TXN934,2024-07-23,23:44:00,BPCL,delhi-pump-04,2,0,8.68,87.47,759.24,2,0,No,2,E-DEL-5,23,1,7,0,6.63363417290306,788.5943,0
TXN935,2024-01-15,21:22:00,HP,chennai-pump-03,1,0,45.07,87.41,3939.57,0,1,Yes,4,E-CHE-2,21,0,1,0,8.27908066187904,3940.8018,0
TXN936,2025-09-07,20:56:00,BPCL,mumbai-pump-04,3,0,27.51,87.31,2401.9,2,1,Yes,2,E-MUM-3,20,6,9,0,7.7844316202221995,2400.5593,0
TXN937,2024-06-21,21:30:00,IOCL,delhi-pump-01,2,1,45.65,95.0,4336.75,0,1,No,5,E-DEL-1,21,4,6,1,8.375111059481782,4350.716,1
TXN938,2025-01-09,00:42:00,BPCL,delhi-pump-04,2,0,12.25,87.68,1074.08,1,0,Yes,1,E-DEL-5,0,3,1,0,6.980150356397488,1074.227,0
TXN939,2024-01-12,03:48:00,BPCL,mumbai-pump-04,3,2,36.24,99.76,3615.3,0,1,Yes,4,E-MUM-1,3,4,1,0,8.193206682672464,3618.4644,0
TXN940,2024-07-30,09:37:00,IOCL,mumbai-pump-02,3,0,5.46,87.2,476.11,1,0,No,5,E-MUM-5,9,1,7,0,6.1677470722688685,476.15958,0
TXN941,2024-02-09,08:39:00,HP,bangalore-pump-07,0,1,34.67,94.98,3292.96,1,1,Yes,2,E-BAN-1,8,4,2,0,8.099845767373024,3289.9744,0
TXN942,2024-09-30,12:45:00,BPCL,mumbai-pump-02,3,1,5.6,94.41,528.7,2,0,No,1,E-MUM-5,12,0,9,0,6.272310808550481,528.65295,0
TXN943,2025-04-20,04:27:00,IOCL,delhi-pump-01,2,1,14.36,94.39,1355.44,0,0,Yes,4,E-DEL-3,4,6,4,0,7.212618899642678,1354.9309,0
TXN944,2025-03-25,02:56:00,IOCL,bangalore-pump-07,0,2,42.34,99.37,4207.33,0,1,No,2,E-BAN-4,2,1,3,1,8.34482117339593,4200.7764,1
TXN945,2025-05-01,12:17:00,HP,chennai-pump-03,1,1,24.69,94.85,2341.85,2,1,No,4,E-CHE-4,12,3,5,0,7.759123415971841,2348.5916,0
TXN946,2024-06-02,04:12:00,BPCL,pune-pump-06,4,2,9.19,99.02,909.99,1,0,No,2,E-PUN-5,4,6,6,0,6.814531920251303,889.13763,0
TXN947,2025-09-28,21:03:00,IOCL,chennai-pump-05,1,0,12.27,87.59,1074.73,0,0,Yes,2,E-CHE-5,21,6,9,0,6.980754779865658,1076.7745,0
TXN948,2024-07-06,20:19:00,BPCL,chennai-pump-05,1,2,39.46,99.38,3921.53,0,1,Yes,1,E-CHE-3,20,5,7,0,8.274492132761496,3921.1565,0
TXN949,2025-09-04,14:59:00,HP,mumbai-pump-02,3,0,9.78,87.37,854.48,0,0,No,1,E-MUM-2,14,3,9,0,6.751662714917537,856.38184,0
TXN950,2024-11-05,05:54:00,HP,chennai-pump-03,1,1,34.09,94.7,3228.32,0,1,Yes,3,E-CHE-3,5,1,11,0,8.080026867737137,3191.5427,0
TXN951,2024-04-23,07:18:00,HP,mumbai-pump-04,3,0,12.58,87.89,1105.66,0,0,No,5,E-MUM-5,7,1,4,0,7.009101749127894,1106.0122,0
TXN952,2024-12-05,13:39:00,HP,bangalore-pump-07,0,1,28.77,95.0,2733.15,2,1,No,2,E-BAN-5,13,3,12,0,7.9135758804460385,2730.8948,0
TXN953,2024-07-06,02:56:00,IOCL,delhi-pump-04,2,2,30.7,99.43,3052.5,2,1,No,3,E-DEL-3,2,5,7,0,8.02404375266319,3047.1968,0
TXN954,2025-06-18,06:41:00,IOCL,chennai-pump-05,1,1,17.76,94.6,1680.1,2,1,No,4,E-CHE-5,6,2,6,0,7.427203620039013,1681.8357,0
TXN955,2025-06-28,17:21:00,IOCL,pune-pump-06,4,1,40.7,95.11,3870.98,0,1,Yes,2,E-PUN-1,17,5,6,0,8.261521283093872,3862.5002,0
TXN956,2025-10-23,00:34:00,BPCL,mumbai-pump-04,3,2,19.89,99.09,1970.9,0,1,No,4,E-MUM-4,0,3,10,0,7.5867528239376405,1968.0531,0
TXN957,2025-12-25,09:18:00,HP,delhi-pump-01,2,1,31.48,94.74,2982.42,1,1,No,3,E-DEL-4,9,3,12,0,8.00082557245817,2980.3447,0
TXN958,2025-07-31,19:50:00,BPCL,chennai-pump-05,1,0,26.58,87.84,2334.79,1,1,Yes,5,E-CHE-3,19,3,7,0,7.7561054426468425,2332.6858,0
TXN959,2025-02-12,15:54:00,IOCL,pune-pump-01,4,0,8.49,88.04,747.46,1,0,Yes,3,E-PUN-2,15,2,2,0,6.618017762217943,748.8678,0
TXN960,2024-10-18,15:40:00,IOCL,delhi-pump-01,2,0,15.52,87.39,1356.29,2,1,No,4,E-DEL-2,15,4,10,0,7.213245343708813,1361.7784,0
TXN961,2025-08-27,14:00:00,HP,pune-pump-01,4,2,12.69,99.55,1263.29,0,0,Yes,4,E-PUN-4,14,2,8,0,7.142265978771425,1267.8793,0
TXN962,2024-04-09,07:21:00,BPCL,pune-pump-01,4,0,8.32,87.36,726.84,2,0,Yes,1,E-PUN-3,7,1,4,0,6.590081243821694,726.66925,0
TXN963,2025-01-20,11:59:00,HP,mumbai-pump-02,3,1,12.32,94.37,1162.64,1,0,Yes,4,E-MUM-2,11,0,1,0,7.059308302104455,1161.3864,0
TXN964,2025-03-15,15:24:00,HP,mumbai-pump-02,3,1,17.84,94.78,1690.88,0,1,No,2,E-MUM-2,15,5,3,0,7.43359561566527,1695.6564,0
TXN965,2025-10-29,13:51:00,IOCL,delhi-pump-04,2,2,24.88,99.03,2463.87,1,1,No,2,E-DEL-1,13,2,10,0,7.809894346749362,2462.2761,0
TXN966,2024-10-18,15:13:00,IOCL,bangalore-pump-07,0,2,11.37,99.1,1126.77,1,0,Yes,3,E-BAN-4,15,4,10,0,7.027997510558208,1129.0028,0
TXN967,2024-01-12,05:11:00,BPCL,chennai-pump-05,1,2,9.02,98.96,892.62,1,0,Yes,4,E-CHE-2,5,4,1,0,6.795280628883225,883.79126,0
TXN968,2024-04-15,10:32:00,HP,pune-pump-06,4,0,41.99,87.54,3675.8,1,1,Yes,3,E-PUN-3,10,0,4,0,8.209798087654436,3669.829,0
TXN969,2025-03-03,05:59:00,HP,chennai-pump-05,1,1,24.6,94.53,2325.44,0,1,Yes,4,E-CHE-5,5,0,3,0,7.752094481139117,2323.612,0
TXN970,2024-04-19,08:47:00,HP,mumbai-pump-02,3,0,25.44,87.69,2230.83,0,1,Yes,5,E-MUM-5,8,4,4,0,7.710577155725958,2273.8481,0
TXN971,2024-08-12,21:25:00,BPCL,chennai-pump-05,1,2,10.94,99.88,1092.69,2,0,Yes,2,E-CHE-1,21,0,8,0,6.997312579024259,1093.0118,0
TXN972,2024-05-18,18:16:00,IOCL,bangalore-pump-07,0,2,22.98,99.58,2288.35,2,1,Yes,4,E-BAN-5,18,5,5,0,7.736023213462535,2288.7805,0
TXN973,2025-07-10,05:05:00,IOCL,mumbai-pump-04,3,2,26.37,99.59,2626.19,0,1,Yes,3,E-MUM-5,5,3,7,0,7.873670112917126,2628.684,0
TXN974,2024-04-22,20:17:00,BPCL,bangalore-pump-07,0,1,9.03,94.76,855.68,2,0,Yes,1,E-BAN-4,20,0,4,0,6.753064453302369,855.16724,0
TXN975,2024-03-28,21:43:00,HP,bangalore-pump-07,0,2,49.44,99.41,4914.83,0,1,No,4,E-BAN-2,21,3,3,1,8.50021588912786,4915.677,1
TXN976,2024-08-02,10:16:00,BPCL,chennai-pump-05,1,2,41.95,99.46,4172.35,0,1,No,5,E-CHE-1,10,4,8,1,8.33647434958823,4164.279,1
TXN977,2024-01-10,23:19:00,HP,mumbai-pump-04,3,2,44.25,99.86,4418.81,2,1,No,4,E-MUM-5,23,2,1,1,8.393851987722462,4420.118,1
TXN978,2025-09-25,20:34:00,HP,chennai-pump-03,1,1,29.46,94.56,2785.74,2,1,Yes,3,E-CHE-2,20,3,9,0,7.932627732853857,2792.1733,0
TXN979,2025-10-28,13:23:00,HP,chennai-pump-03,1,2,39.63,99.28,3934.47,0,1,No,3,E-CHE-2,13,1,10,0,8.277785594633873,3930.5112,0
TXN980,2024-05-21,12:51:00,BPCL,delhi-pump-04,2,2,22.69,99.68,2261.74,2,1,No,5,E-DEL-5,12,1,5,0,7.724331747296343,2260.307,0
TXN981,2024-09-02,04:50:00,IOCL,bangalore-pump-07,0,2,6.7,99.87,669.13,1,0,No,4,E-BAN-4,4,0,9,0,6.507471723414401,669.12,0
TXN982,2024-01-07,18:30:00,HP,pune-pump-01,4,1,10.74,94.54,1015.36,1,0,Yes,4,E-PUN-5,18,6,1,0,6.9239828960867875,1014.83887,0
TXN983,2024-03-25,23:31:00,HP,delhi-pump-04,2,2,31.34,99.76,3126.48,2,1,No,1,E-DEL-2,23,0,3,0,8.047982847436526,3030.2239,0
TXN984,2024-01-31,07:27:00,HP,mumbai-pump-02,3,1,10.31,94.46,973.88,1,0,No,4,E-MUM-4,7,2,1,0,6.882314386500184,975.30615,0
TXN985,2025-07-20,17:25:00,HP,delhi-pump-01,2,1,32.05,94.64,3033.21,2,1,Yes,5,E-DEL-4,17,6,7,0,8.017706373070212,3063.8118,0
TXN986,2024-09-01,13:30:00,IOCL,bangalore-pump-07,0,0,48.72,88.08,4291.26,0,1,No,3,E-BAN-5,13,6,9,1,8.364568679735026,4287.6226,1
TXN987,2024-12-09,06:56:00,HP,pune-pump-06,4,0,27.4,87.5,2397.5,1,1,Yes,4,E-PUN-5,6,0,12,0,7.782598820942119,2405.3704,0
TXN988,2024-01-18,09:20:00,HP,pune-pump-06,4,0,31.16,87.23,2718.09,2,1,No,4,E-PUN-3,9,3,1,0,7.908052544489225,2717.9678,0
TXN989,2024-07-21,22:05:00,BPCL,bangalore-pump-07,0,1,28.15,95.18,2679.32,2,1,No,5,E-BAN-3,22,6,7,0,7.893691469362008,2679.205,0
TXN990,2024-10-24,04:21:00,IOCL,delhi-pump-01,2,0,10.16,87.49,888.9,2,0,Yes,3,E-DEL-4,4,3,10,0,6.791109096862817,889.0935,0
TXN991,2025-03-05,18:21:00,HP,pune-pump-01,4,2,7.2,99.03,713.02,2,0,No,2,E-PUN-2,18,2,3,0,6.57091097315176,711.1125,0
TXN992,2025-11-05,16:59:00,IOCL,delhi-pump-01,2,2,42.84,98.97,4239.87,2,1,No,5,E-DEL-4,16,2,11,1,8.35252371585693,4237.0728,1
TXN993,2024-03-09,02:59:00,IOCL,mumbai-pump-04,3,1,10.1,94.8,957.48,2,0,Yes,3,E-MUM-1,2,5,3,0,6.865348696331644,954.0398,0
TXN994,2024-01-29,15:52:00,IOCL,pune-pump-01,4,1,11.08,94.33,1045.18,2,0,Yes,2,E-PUN-1,15,0,1,0,6.952900713950112,1084.3293,0
TXN995,2025-12-07,23:50:00,HP,chennai-pump-05,1,1,9.62,95.07,914.57,1,0,No,3,E-CHE-2,23,6,12,0,6.819546822141876,914.48,0
TXN996,2025-03-02,13:45:00,BPCL,mumbai-pump-04,3,2,7.11,99.06,704.32,1,0,No,1,E-MUM-5,13,6,3,0,6.558651600539723,704.4652,0
TXN997,2024-12-30,10:35:00,HP,delhi-pump-01,2,2,22.27,99.92,2225.22,0,1,No,1,E-DEL-5,10,0,12,0,7.708060358937556,2225.5032,0
TXN998,2025-06-08,18:54:00,IOCL,mumbai-pump-02,3,0,24.04,87.14,2094.85,1,1,Yes,3,E-MUM-2,18,6,6,0,7.647714477994548,2094.6265,0
TXN999,2025-02-11,15:02:00,HP,mumbai-pump-02,3,1,20.58,94.43,1943.37,1,1,No,2,E-MUM-5,15,1,2,0,7.572693296128183,1943.5352,0
TXN1000,2024-11-08,13:12:00,HP,pune-pump-06,4,2,14.38,99.62,1432.54,0,0,Yes,5,E-PUN-5,13,4,11,0,7.2679021886662465,1434.8916,0
TXN1001,2024-12-28,03:19:00,IOCL,mumbai-pump-04,3,1,30.29,94.66,2867.25,2,1,Yes,1,E-MUM-1,3,5,12,0,7.9614573666792525,2866.5864,0
TXN1002,2024-06-04,19:18:00,IOCL,mumbai-pump-04,3,0,31.11,87.4,2719.01,0,1,Yes,5,E-MUM-1,19,1,6,0,7.908390835753873,2708.6167,0
TXN1003,2024-06-13,19:45:00,BPCL,pune-pump-01,4,1,39.06,95.2,3718.51,2,1,No,2,E-PUN-3,19,3,6,0,8.221347218161187,3726.1465,0
TXN1004,2025-03-09,05:07:00,HP,bangalore-pump-07,0,0,46.28,87.76,4061.53,2,1,Yes,3,E-BAN-4,5,6,3,1,8.30956121122611,4053.2998,1
TXN1005,2024-12-13,14:58:00,BPCL,chennai-pump-05,1,0,17.54,87.62,1536.85,2,1,No,2,E-CHE-3,14,4,12,0,7.3381406160505245,1537.9678,0
TXN1006,2025-12-15,09:26:00,IOCL,mumbai-pump-02,3,1,5.7,95.02,541.61,2,0,No,1,E-MUM-4,9,0,12,0,6.2963908298375335,541.5123,0
TXN1007,2024-09-26,06:06:00,BPCL,pune-pump-06,4,0,19.15,87.32,1672.18,0,1,No,1,E-PUN-5,6,3,9,0,7.4224812863529275,1672.4158,0
TXN1008,2025-04-02,10:32:00,IOCL,mumbai-pump-02,3,1,7.95,95.0,755.25,1,0,No,2,E-MUM-3,10,2,4,0,6.6283720093450516,758.10974,0
TXN1009,2024-07-03,17:55:00,HP,mumbai-pump-04,3,2,31.09,99.28,3086.62,0,1,No,3,E-MUM-4,17,2,7,0,8.035155846577714,3079.9824,0
TXN1010,2024-01-13,19:18:00,IOCL,pune-pump-06,4,2,7.89,99.94,788.53,0,0,Yes,5,E-PUN-2,19,5,1,0,6.671437831707139,838.36487,0
TXN1011,2025-11-22,23:45:00,BPCL,pune-pump-06,4,0,11.12,87.46,972.56,2,0,Yes,5,E-PUN-5,23,5,11,0,6.880959456194974,974.78204,0
TXN1012,2024-02-03,15:45:00,IOCL,mumbai-pump-04,3,0,18.76,87.62,1643.75,0,1,Yes,1,E-MUM-3,15,5,2,0,7.405343675966107,1640.2721,0
TXN1013,2024-03-29,00:30:00,IOCL,delhi-pump-01,2,2,5.41,99.0,535.59,0,0,No,1,E-DEL-1,0,4,3,0,6.285234301962489,535.81067,0
TXN1014,2025-04-10,12:35:00,BPCL,delhi-pump-04,2,2,9.85,99.19,977.02,0,0,No,2,E-DEL-5,12,3,4,0,6.885530119723471,976.9112,0
TXN1015,2025-06-25,08:03:00,BPCL,chennai-pump-05,1,2,11.32,99.61,1127.59,2,0,Yes,2,E-CHE-1,8,2,6,0,7.028724344960609,1126.2468,0
TXN1016,2025-11-17,03:22:00,HP,mumbai-pump-02,3,1,13.13,94.32,1238.42,1,0,No,2,E-MUM-4,3,0,11,0,7.122398807238216,1237.2734,0
TXN1017,2024-10-26,21:28:00,IOCL,delhi-pump-01,2,0,27.28,87.99,2400.37,1,1,Yes,5,E-DEL-1,21,5,10,0,7.783794686805999,2402.7407,0
TXN1018,2025-03-20,21:06:00,HP,bangalore-pump-07,0,0,32.72,88.0,2879.36,0,1,Yes,4,E-BAN-1,21,3,3,0,7.965670565318143,2866.436,0
TXN1019,2024-06-07,19:19:00,BPCL,mumbai-pump-04,3,0,6.52,87.22,568.67,0,0,No,2,E-MUM-4,19,4,6,0,6.345057245805435,568.86224,0
TXN1020,2024-03-08,06:34:00,HP,delhi-pump-01,2,1,11.26,95.19,1071.84,2,0,Yes,3,E-DEL-1,6,4,3,0,6.9780646168801335,1057.0333,0
TXN1021,2025-08-21,10:35:00,HP,delhi-pump-01,2,1,5.42,94.78,513.71,2,0,No,4,E-DEL-4,10,3,8,0,6.243603635263444,518.8764,0
TXN1022,2024-01-22,07:39:00,IOCL,delhi-pump-04,2,2,47.53,99.39,4724.01,1,1,No,2,E-DEL-4,7,0,1,1,8.46062495632772,4727.029,1
TXN1023,2025-04-27,12:46:00,IOCL,chennai-pump-03,1,1,17.19,94.57,1625.66,0,1,No,5,E-CHE-5,12,6,4,0,7.3942841118100295,1627.3458,0
TXN1024,2025-10-01,22:40:00,IOCL,chennai-pump-03,1,0,49.83,87.51,4360.62,2,1,No,4,E-CHE-2,22,2,10,1,8.38059882696492,4359.9014,1
TXN1025,2024-08-01,00:54:00,HP,chennai-pump-03,1,0,40.58,87.74,3560.49,0,1,Yes,2,E-CHE-2,0,3,8,0,8.177934275608767,3516.9517,0
TXN1026,2024-07-21,16:43:00,IOCL,pune-pump-01,4,2,8.09,99.6,805.76,0,0,No,2,E-PUN-5,16,6,7,0,6.6930262262689455,804.9947,0
TXN1027,2024-05-07,06:59:00,BPCL,bangalore-pump-07,0,0,23.75,87.63,2081.21,0,1,No,2,E-BAN-1,6,1,5,0,7.641185108641741,2083.9226,0
TXN1028,2025-05-31,14:34:00,BPCL,delhi-pump-04,2,1,7.88,94.64,745.76,0,0,Yes,2,E-DEL-4,14,5,5,0,6.615743848369127,749.0845,0
TXN1029,2024-11-16,18:22:00,IOCL,delhi-pump-04,2,1,13.09,94.71,1239.75,2,0,Yes,3,E-DEL-4,18,5,11,0,7.12347131446755,1256.0839,0
TXN1030,2024-11-23,10:59:00,BPCL,mumbai-pump-04,3,1,24.31,94.42,2295.35,0,1,Yes,2,E-MUM-3,10,5,11,0,7.7390761848461995,2291.4692,0
TXN1031,2024-01-19,22:59:00,IOCL,delhi-pump-04,2,0,47.92,87.56,4195.88,2,1,No,1,E-DEL-4,22,4,1,1,8.342096671073513,4195.8506,1
TXN1032,2024-02-06,17:22:00,IOCL,mumbai-pump-04,3,1,6.87,94.59,649.83,2,0,No,2,E-MUM-3,17,1,2,0,6.478248471393691,648.6296,0
TXN1033,2025-08-09,03:05:00,BPCL,bangalore-pump-07,0,1,10.94,95.05,1039.85,1,0,Yes,1,E-BAN-1,3,5,8,0,6.947792966013668,1041.0697,0
TXN1034,2024-10-15,19:40:00,IOCL,mumbai-pump-04,3,1,10.67,95.08,1014.5,0,0,Yes,5,E-MUM-3,19,1,10,0,6.92313638102044,1013.9756,0
TXN1035,2025-05-26,05:58:00,BPCL,mumbai-pump-04,3,0,6.09,87.78,534.58,0,0,No,4,E-MUM-5,5,0,5,0,6.2833502718203365,534.73364,0
TXN1036,2025-01-31,19:33:00,BPCL,bangalore-pump-07,0,2,8.13,99.61,809.83,2,0,No,4,E-BAN-3,19,4,1,0,6.698058414386684,810.5109,0
TXN1037,2024-10-01,17:02:00,BPCL,chennai-pump-03,1,0,9.3,87.98,818.21,2,0,No,5,E-CHE-3,17,1,10,0,6.708340461241988,818.89636,0
TXN1038,2024-04-05,03:17:00,BPCL,pune-pump-01,4,1,5.91,94.3,557.31,2,0,No,2,E-PUN-5,3,4,4,0,6.3249143636730105,557.5204,0
TXN1039,2024-04-22,18:57:00,HP,mumbai-pump-04,3,2,14.76,99.5,1468.62,1,0,Yes,1,E-MUM-1,18,0,4,0,7.292759142953658,1469.66,0
TXN1040,2024-12-23,08:25:00,HP,pune-pump-01,4,2,30.87,99.27,3064.46,0,1,Yes,1,E-PUN-1,8,0,12,0,8.027952918675268,3063.4639,0
TXN1041,2025-05-15,06:04:00,IOCL,delhi-pump-01,2,0,39.67,87.39,3466.76,1,1,Yes,3,E-DEL-5,6,3,5,0,8.151264131353466,3458.8652,0
TXN1042,2024-01-06,02:32:00,HP,delhi-pump-01,2,0,10.88,87.73,954.5,0,0,No,1,E-DEL-2,2,5,1,0,6.862234763680328,954.45795,0
TXN1043,2025-06-27,18:18:00,HP,delhi-pump-01,2,0,44.78,88.01,3941.09,1,1,Yes,2,E-DEL-1,18,4,6,0,8.27946631850227,3939.8809,0
TXN1044,2025-09-07,21:46:00,HP,chennai-pump-03,1,1,8.35,95.13,794.34,0,0,Yes,4,E-CHE-3,21,6,9,0,6.678769696184294,794.6741,0
TXN1045,2024-09-01,05:58:00,HP,pune-pump-01,4,0,10.45,88.01,919.7,2,0,No,2,E-PUN-3,5,6,9,0,6.8251342502938,919.03864,0
TXN1046,2024-05-19,22:08:00,IOCL,mumbai-pump-02,3,0,9.99,87.91,878.22,0,0,Yes,2,E-MUM-5,22,6,5,0,6.779035150783365,879.5659,0
TXN1047,2024-06-30,13:07:00,IOCL,bangalore-pump-07,0,1,18.96,94.38,1789.44,1,1,Yes,3,E-BAN-3,13,6,6,0,7.490216678684325,1752.4922,0
TXN1048,2025-09-29,00:38:00,HP,pune-pump-06,4,1,12.93,94.61,1223.31,1,0,No,2,E-PUN-5,0,0,9,0,7.110132698979209,1225.0282,0
TXN1049,2025-04-02,07:13:00,BPCL,mumbai-pump-02,3,1,10.1,95.2,961.52,0,0,No,1,E-MUM-5,7,2,4,0,6.869554845166833,954.9866,0
TXN1050,2024-08-14,20:44:00,HP,pune-pump-06,4,0,43.66,87.58,3823.74,2,1,No,2,E-PUN-1,20,2,8,0,8.249245770094099,3826.447,0
